requests_total,connections_total,jobs_processed,cpu_usage_percent,memory_used_percent,connections_current,queue_length,avg_latency,avg_processing_time,request_rate,timestamp
42612,42612,42609,49.1509434,37.84179688,3,3,1.230571723,1.227916667,0.35787565,12:34:25
42615,42615,42615,53.72881356,6.103515625,0,0,1.639871424,1.637466667,0.320168977,12:34:40
42621,42621,42621,44.7,0.9765625,0,0,1.674643941,1.672055556,0.334057124,12:34:55
42627,42627,42624,51.20967742,26.61132813,3,3,1.939542205,1.937066667,0.357406657,12:35:10
42633,42633,42633,27.78846154,34.42382813,0,0,1.825474098,1.821444444,0.333722676,12:35:25
42636,42636,42636,41.27272727,7.080078125,0,0,1.870003732,1.866,0.34636033,12:35:40
42645,42645,42645,55.98214286,0.732421875,0,0,1.929624716,2.20652381,0.333753616,12:35:55
42648,42648,42648,29.79166667,4.150390625,0,0,1.72417337,2.048722222,0.346386991,12:36:10
42651,42651,42651,44.33962264,7.080078125,0,0,1.807994735,2.198266667,0.341615614,12:36:25
42660,42660,42660,57.28070175,21.72851563,0,0,1.955144134,2.233380952,0.346520358,12:36:40
42663,42663,42663,41.81034483,2.44140625,0,0,2.131809018,2.1294,0.341390141,12:36:55
42672,42672,42669,64.22413793,0.244140625,3,3,2.1590045,2.154555556,0.403900525,12:37:10
42675,42675,42675,41.8627451,9.521484375,0,0,1.989875852,1.985333333,0.33365463,12:37:25
42678,42678,42678,43.98148148,5.126953125,0,0,1.940860325,1.936133333,0.357525921,12:37:40
42687,42687,42687,39.51923077,32.47070313,0,0,1.579054835,1.761,0.389487546,12:37:55
42690,42690,42690,36.25,18.06640625,0,0,1.502299237,1.760133333,0.35745776,12:38:10
42696,42696,42696,33.16326531,2.44140625,0,0,1.295485987,1.509833333,0.33387743,12:38:25
42702,42702,42699,62.45614035,0,3,3,1.290338106,1.504555556,0.389523668,12:38:40
42705,42705,42705,53.21428571,6.34765625,0,0,1.721329235,1.7178,0.357577058,12:38:55
42711,42711,42711,42.64150943,12.20703125,0,0,1.929771253,1.925611111,0.333735051,12:39:10
42717,42717,42717,43.98148148,3.41796875,0,0,1.647623147,1.643055556,0.357261944,12:39:25
42723,42723,42723,22.7,32.47070313,0,0,1.335734248,1.331777778,0.333691743,12:39:40
42726,42726,42726,41.07843137,3.90625,0,0,1.322925356,1.319388889,0.346453662,12:39:55
42732,42732,42732,59.73684211,30.51757813,0,0,1.429352654,1.612466667,0.341553385,12:40:10
42738,42738,42738,38.1372549,16.6015625,0,0,1.566673192,1.718222222,0.346413656,12:40:25
42741,42741,42741,46.8627451,2.44140625,0,0,1.733362405,1.915333333,0.340893596,12:40:40
42750,42750,42750,43.88888889,8.056640625,0,0,1.820316012,1.817333333,0.345887779,12:40:55
42753,42753,42753,48.47826087,10.00976563,0,0,1.863965962,1.859611111,0.333197586,12:41:10
42762,42762,42759,56.015625,11.71875,3,3,1.684978738,1.681277778,0.403985995,12:41:25
42765,42765,42765,42.67241379,11.96289063,0,0,1.641028353,1.63547619,0.33387743,12:41:40
42768,42768,42768,30.52083333,18.5546875,0,0,1.476346093,1.4714,0.357739089,12:41:55
42777,42777,42774,62.62711864,13.91601563,3,3,1.783040109,1.776777778,0.389653765,12:42:10
42780,42780,42780,56.12068966,7.568359375,0,0,1.88764311,2.2764,0.35745776,12:42:25
42786,42786,42786,30.81632653,15.86914063,0,0,1.706993912,2.030722222,0.333395073,12:42:40
42792,42792,42789,62.75,11.96289063,3,3,1.718841655,2.044666667,0.388960919,12:42:55
42795,42795,42795,50.26785714,27.83203125,0,0,1.596694703,1.595333333,0.356913413,12:43:10
42801,42801,42801,45.67307692,2.197265625,0,0,1.920412734,1.918388889,0.333043462,12:43:25
42807,42807,42804,66.45454545,26.85546875,3,3,2.063830325,2.0618,0.35697287,12:43:40
42813,42813,42813,32.34042553,2.9296875,0,0,1.827830161,1.824944444,0.333660815,12:43:55
42816,42816,42816,44.73214286,15.13671875,0,0,1.849088911,1.846666667,0.346640476,12:44:10
42822,42822,42819,63.25,11.71875,3,3,1.807577552,1.804866667,0.341709001,12:44:25
42828,42828,42828,43.33333333,1.220703125,0,0,1.997769031,2.323111111,0.34636033,12:44:40
42831,42831,42831,41.09090909,5.126953125,0,0,2.109474872,2.5002,0.341095143,12:44:55
42840,42840,42840,49.453125,10.7421875,0,0,2.12980178,2.407761905,0.34611391,12:45:10
42843,42843,42843,24.18367347,19.04296875,0,0,1.912281369,1.9085,0.333240766,12:45:25
42852,42852,42849,58.984375,8.544921875,3,3,1.780156509,1.776555556,0.403776269,12:45:40
42855,42855,42855,41.03773585,25.390625,0,0,1.646797827,1.643380952,0.333537162,12:45:55
42858,42858,42858,42.36363636,27.34375,0,0,1.702970072,1.700466667,0.357508878,12:46:10
42867,42867,42865,46.90909091,21.97265625,2,2,1.542042927,1.583421053,0.389465875,12:46:25
42870,42870,42870,46.22641509,15.625,0,0,1.531507238,1.8462,0.317937081,12:46:40
42873,42873,42873,35.9375,6.591796875,0,0,1.379691707,1.694266667,0.357449242,12:46:55
42882,42882,42879,51.7,23.92578125,3,3,1.438172652,1.699333333,0.389069013,12:47:10
42885,42885,42885,55.61403509,41.9921875,0,0,1.687571529,1.685133333,0.357040845,12:47:25
42891,42891,42891,36.95652174,40.77148438,0,0,1.799977385,1.797333333,0.333185251,12:47:40
42897,42897,42895,56.26865672,41.25976563,2,2,1.750578835,1.747578947,0.403745218,12:47:55
42903,42903,42903,47.05882353,5.37109375,0,0,1.897570094,1.895166667,0.333598977,12:48:10
42906,42906,42906,50.52083333,4.150390625,0,0,1.889552551,1.887111111,0.3465337,12:48:25
42912,42912,42909,56.71875,0.48828125,3,3,2.022772798,2.021071429,0.341584497,12:48:40
42918,42918,42918,45.18867925,6.103515625,0,0,2.035884259,2.359277778,0.346353666,12:48:55
42921,42921,42921,36.42857143,26.3671875,0,0,1.892193261,2.280666667,0.341118414,12:49:10
42930,42930,42930,53.87931034,21.72851563,0,0,1.965391698,2.242285714,0.346133877,12:49:25
42933,42933,42933,29.80769231,43.45703125,0,0,1.886052121,1.883722222,0.333179084,12:49:40
42936,42936,42936,37.55319149,20.01953125,0,0,1.828755602,1.8236,0.35695588,12:49:55
42945,42945,42945,51.61538462,0.48828125,0,0,1.939339624,1.933095238,0.333537162,12:50:10
42948,42948,42948,28.84615385,38.33007813,0,0,1.898142234,1.8908,0.357611157,12:50:25
42957,42957,42956,58.85245902,27.09960938,1,1,1.914859004,2.009,0.389567024,12:50:40
42960,42960,42960,26.63461538,6.591796875,0,0,1.716295865,1.899238095,0.333914592,12:50:55
42963,42963,42963,25.32608696,13.42773438,0,0,1.39440081,1.6532,0.357474798,12:51:10
42972,42972,42970,63.72881356,11.47460938,2,2,1.40550689,1.609210526,0.389177168,12:51:25
42975,42975,42975,43.47457627,7.8125,0,0,1.587243338,1.584533333,0.357134354,12:51:40
42981,42981,42981,41.78571429,24.16992188,0,0,1.906101555,1.904,0.333259276,12:51:55
42987,42987,42984,47.40740741,36.37695313,3,3,1.795243309,1.792666667,0.403768506,12:52:10
42990,42990,42990,48.46774194,11.23046875,0,0,1.781122734,1.777733333,0.341017597,12:52:25
42996,42996,42996,41.50943396,31.00585938,0,0,1.593828909,1.590777778,0.346313683,12:52:40
43002,43002,42999,55.16393443,9.765625,3,3,1.682010814,1.6796,0.341537831,12:52:55
43008,43008,43008,23.08510638,28.3203125,0,0,1.622234012,1.944666667,0.3465337,12:53:10
43011,43011,43011,42.28070175,1.46484375,0,0,1.845046925,2.1675,0.333722676,12:53:25
43020,43020,43020,47.20338983,0,0,0,1.779691352,2.056047619,0.346193792,12:53:40
43023,43023,43023,45.49019608,14.40429688,0,0,1.698868476,1.697666667,0.333271616,12:53:55
43026,43026,43026,29.5,49.31640625,0,0,1.711328623,1.709733333,0.357006855,12:54:10
43035,43035,43035,44.64285714,6.8359375,0,0,1.788003337,1.783761905,0.333469191,12:54:25
43038,43038,43038,42.69230769,28.3203125,0,0,1.749451092,1.744,0.319301379,12:54:40
43041,43041,43041,27.60416667,50.29296875,0,0,1.706402405,1.700933333,0.357466279,12:54:55
43050,43050,43050,55.32786885,3.662109375,0,0,1.926547882,2.228473684,0.33389601,12:55:10
43053,43053,43053,49.25531915,8.7890625,0,0,1.962101717,2.3484,0.357602632,12:55:25
43062,43062,43059,52.81818182,0.48828125,3,3,2.007640201,2.329277778,0.389350341,12:55:40
43065,43065,43065,61.01851852,6.103515625,0,0,2.007439507,2.283285714,0.346220427,12:55:55
43071,43071,43071,35.88235294,13.91601563,0,0,1.881419008,1.879666667,0.333320988,12:56:10
43077,43077,43074,60.5,21.97265625,3,3,1.915449193,1.912722222,0.40375298,12:56:25
43080,43080,43080,40.625,24.90234375,0,0,1.794363476,1.789333333,0.341040857,12:56:40
43086,43086,43086,38.7037037,4.8828125,0,0,1.831829548,1.827055556,0.346347001,12:56:55
43092,43092,43089,57.66129032,39.79492188,3,3,1.86589188,1.862333333,0.341654519,12:57:10
43098,43098,43098,41.66666667,10.00976563,0,0,2.088879874,2.407055556,0.346600427,12:57:25
43101,43101,43101,47.44897959,12.93945313,0,0,2.068317714,2.386888889,0.333778371,12:57:40
43107,43107,43104,46.98275862,19.04296875,3,3,1.907671382,2.290066667,0.357185379,12:57:55
43113,43113,43113,49.78723404,23.68164063,0,0,1.908065954,1.904,0.333283958,12:58:10
43116,43116,43116,46.05769231,15.625,0,0,1.905531007,1.9004,0.357023849,12:58:25
43125,43125,43125,32.21153846,16.84570313,0,0,1.69851594,1.690428571,0.333487726,12:58:40
43128,43128,43128,39.23728814,2.685546875,0,0,1.631967299,1.624666667,0.333493904,12:58:55
43131,43131,43131,27.44186047,44.18945313,0,0,1.285809232,1.277866667,0.357483317,12:59:10
43140,43140,43140,44.42307692,7.568359375,0,0,1.517312717,1.70395,0.33401993,12:59:25
43143,43143,43143,44.52830189,0,0,0,1.653251081,1.9082,0.357739089,12:59:40
43152,43152,43150,63.50877193,44.18945313,2,2,1.7106577,1.910368421,0.389473099,12:59:55
43155,43155,43155,39.1509434,38.33007813,0,0,1.749118797,1.745944444,0.346233746,12:00:10
43158,43158,43158,38.87931034,24.4140625,0,0,1.660862219,1.657333333,0.341009844,12:00:25
43167,43167,43167,41.48148148,14.40429688,0,0,1.890543804,1.886619048,0.40385392,12:00:40
43173,43173,43171,61.8852459,24.4140625,2,2,2.00980888,2.1324375,0.409016542,12:00:55
43182,43182,43179,48.04347826,28.3203125,3,3,1.837695032,2.121571429,0.461449721,12:01:10
43185,43185,43185,64.02985075,16.11328125,0,0,1.882754504,2.166190476,0.3894081,12:01:25
43194,43194,43194,68.48484848,0.732421875,0,0,1.875267364,2.048,0.404468413,12:01:40
43197,43197,43197,41.48148148,5.859375,0,0,1.978596716,1.973904762,0.389487546,12:01:55
43203,43203,43200,57.01612903,13.671875,3,3,1.980548853,1.975333333,0.428581633,12:02:10
43212,43212,43209,49.51923077,8.7890625,3,3,2.08082623,2.07652381,0.444436214,12:02:25
43215,43215,43215,61.61290323,5.615234375,0,0,2.023251506,2.022,0.428540819,12:02:40
43218,43218,43218,47.65306122,14.89257813,0,0,2.048637799,2.047277778,0.318616379,12:02:55
43227,43227,43227,39.47368421,20.01953125,0,0,1.932693733,1.927714286,0.388708931,12:03:10
43233,43233,43232,52.33333333,6.8359375,1,1,1.716991363,1.710941176,0.42832667,12:03:25
43242,43242,43239,52.75510204,16.84570313,3,3,1.738291845,1.732666667,0.445004821,12:03:40
43245,43245,43245,60.25862069,16.6015625,0,0,1.700148489,1.69747619,0.404561917,12:03:55
43254,43254,43254,67.12121212,26.85546875,0,0,1.900313861,1.897636364,0.389530894,12:04:10
43257,43257,43257,41.18644068,19.28710938,0,0,1.941049502,1.938428571,0.403822856,12:04:25
43263,43263,43261,57.93650794,43.45703125,2,2,2.004934816,2.002875,0.409165303,12:04:40
43272,43272,43270,37.7,5.126953125,2,2,1.681333962,1.859545455,0.461636115,12:04:55
43275,43275,43275,52.13114754,3.41796875,0,0,1.506548565,1.724388889,0.408877178,12:05:10
43284,43284,43284,66.37681159,15.13671875,0,0,1.718019139,1.888,0.403590029,12:05:25
43287,43287,43287,16.82692308,49.07226563,0,0,1.608721531,1.605857143,0.389198806,12:05:40
43293,43293,43293,45.16949153,4.638671875,0,0,1.519395447,1.516444444,0.429358586,12:05:55
43302,43302,43299,33.7755102,11.47460938,3,3,1.435497018,1.432761905,0.445013072,12:06:10
43305,43305,43305,61.98630137,4.8828125,0,0,1.605322817,1.602666667,0.428469412,12:06:25
43314,43314,43314,62.3943662,8.544921875,0,0,1.884590827,2.161809524,0.388867285,12:06:40
43317,43317,43317,39.33962264,5.126953125,0,0,1.841639287,2.118857143,0.388874486,12:06:55
43323,43323,43320,62.71186441,33.69140625,3,3,1.940250485,2.328666667,0.428642869,12:07:10
43332,43332,43329,50.28301887,25.87890625,3,3,1.879034274,2.154952381,0.44411547,12:07:25
43335,43335,43335,65.53030303,14.6484375,0,0,1.92848893,1.923055556,0.428102554,12:07:40
43344,43344,43342,66.91176471,1.953125,2,2,1.917630666,1.912363636,0.389234875,12:07:55
43347,43347,43347,18.1,10.98632813,0,0,1.883432456,1.881095238,0.404577505,12:08:10
43353,43353,43350,60.50847458,40.52734375,3,3,1.762901518,1.7602,0.409920066,12:08:25
43362,43362,43359,54.57446809,10.25390625,3,3,1.745782591,2.028809524,0.461502961,12:08:40
43365,43365,43365,62.31884058,12.93945313,0,0,1.925126301,2.256277778,0.409063018,12:08:55
43374,43374,43374,59.73684211,6.34765625,0,0,1.823794072,2.071666667,0.40385392,12:09:10
43377,43377,43377,28.44444444,36.86523438,0,0,1.780813618,1.778809524,0.388809687,12:09:25
43386,43386,43386,46.37096774,10.7421875,0,0,1.55018305,1.548095238,0.40375298,12:09:40
43392,43392,43389,47.64150943,9.765625,3,3,1.54164763,1.539571429,0.444724456,12:09:55
43395,43395,43395,62.72058824,9.521484375,0,0,1.826681683,1.823888889,0.429020879,12:10:10
43404,43404,43404,66.17647059,12.6953125,0,0,1.939389821,2.18775,0.389155532,12:10:25
43407,43407,43407,44.23076923,11.71875,0,0,1.954741121,2.285888889,0.357066343,12:10:40
43413,43413,43410,40,4.8828125,3,3,1.624463615,2.0234,0.380978468,12:10:55
43422,43422,43419,40.20833333,25.390625,3,3,1.646464602,1.930857143,0.444378611,12:11:10
43425,43425,43425,66.47058824,31.98242188,0,0,1.614287684,1.612111111,0.428581633,12:11:25
43434,43434,43434,47.67241379,11.71875,0,0,1.677314365,1.6745,0.38879529,12:11:40
43437,43437,43437,38.36734694,17.578125,0,0,1.683582377,1.680571429,0.403737455,12:11:55
43446,43446,43446,34.0625,40.52734375,0,0,1.511246304,1.785952381,0.389148321,12:12:10
43452,43452,43449,52.7,16.11328125,3,3,1.531042616,1.805714286,0.461982676,12:12:25
43455,43455,43455,47.32142857,9.27734375,0,0,1.566637568,1.888888889,0.409481778,12:12:40
43464,43464,43464,58.06451613,7.080078125,0,0,1.345491373,1.586083333,0.403784033,12:12:55
43467,43467,43467,25.68181818,3.41796875,0,0,1.153392145,1.149944444,0.340831629,12:13:10
43476,43476,43476,43.21428571,2.44140625,0,0,1.299982269,1.296190476,0.403830622,12:13:25
43482,43482,43479,31.77083333,10.98632813,3,3,1.377595918,1.373809524,0.444485601,12:13:40
43485,43485,43485,64.01639344,6.103515625,0,0,1.524900696,1.521166667,0.428622455,12:13:55
43494,43494,43493,64.92857143,10.25390625,1,1,1.70388674,1.870913043,0.389177168,12:14:10
43497,43497,43497,42.32142857,5.37109375,0,0,1.985306258,2.309055556,0.357432207,12:14:25
43506,43506,43506,43.49056604,23.68164063,0,0,1.928391376,2.205857143,0.389162744,12:14:40
43512,43512,43509,43.6440678,2.9296875,3,3,1.952030219,2.229571429,0.44474918,12:14:55
43515,43515,43515,63.26086957,9.765625,0,0,1.913887254,1.908611111,0.428602043,12:15:10
43524,43524,43524,54.50819672,0.244140625,0,0,1.798072171,1.793708333,0.388845684,12:15:25
43527,43527,43527,45.76923077,0.9765625,0,0,1.888210599,1.882888889,0.357074843,12:15:40
43536,43536,43536,30.81632653,27.58789063,0,0,1.535205003,1.721952381,0.388845684,12:15:55
43542,43542,43539,29.57446809,15.625,3,3,1.349749496,1.53647619,0.461556214,12:16:10
43545,43545,43545,58.13559322,9.765625,0,0,1.241866342,1.460833333,0.409314171,12:16:25
43554,43554,43554,61.46551724,0.732421875,0,0,1.487285799,1.574545455,0.404017084,12:16:40
43557,43557,43557,41.07142857,20.26367188,0,0,1.75465564,1.750555556,0.340909091,12:16:55
43566,43566,43566,50.95744681,39.79492188,0,0,1.82909082,1.824285714,0.403683128,12:17:10
43572,43572,43569,45.27777778,14.16015625,3,3,1.805823072,1.800428571,0.444370383,12:17:25
43578,43578,43578,28.29268293,41.015625,0,0,1.631519842,1.627285714,0.403954911,12:17:40
43584,43584,43582,59.01515152,33.93554688,2,2,1.56871702,1.655272727,0.389040182,12:17:55
43587,43587,43587,49.3,0.9765625,0,0,1.64803176,1.978166667,0.357193885,12:18:10
43596,43596,43596,57.82258065,10.98632813,0,0,1.887469849,2.169714286,0.389083431,12:18:25
43602,43602,43599,25.90909091,0.244140625,3,3,1.912028022,2.143235294,0.428775607,12:18:40
43605,43605,43605,64.42028986,40.52734375,0,0,1.90542944,1.902222222,0.380464339,12:18:55
43614,43614,43614,68.68852459,0,0,0,1.9265826,1.924791667,0.388896091,12:19:10
43617,43617,43617,48.61702128,1.46484375,0,0,2.065694545,2.063944444,0.35697287,12:19:25
43626,43626,43626,57.19298246,23.19335938,0,0,2.061296473,2.343428571,0.388824085,12:19:40
43632,43632,43629,49.58333333,17.08984375,3,3,2.014093401,2.296666667,0.461636115,12:19:55
43638,43638,43638,47.7,5.615234375,0,0,1.898487708,2.180904762,0.389011355,12:20:10
43644,43644,43644,56.25,3.90625,0,0,1.756028999,2.002708333,0.403884989,12:20:25
43647,43647,43647,25.66666667,3.90625,0,0,1.475654911,1.473611111,0.340398493,12:20:40
43656,43656,43656,46.2962963,3.662109375,0,0,1.608071238,1.602761905,0.4032955,12:20:55
43662,43662,43659,44.55555556,36.37695313,3,3,1.543471169,1.536666667,0.408385516,12:21:10
43668,43668,43668,48.85416667,8.544921875,0,0,1.876471878,1.871238095,0.403815091,12:21:25
43674,43674,43674,62.83333333,13.91601563,0,0,1.854664199,2.023782609,0.38909064,12:21:40
43677,43677,43677,26.5,8.056640625,0,0,1.73864615,1.955166667,0.357432207,12:21:55
43686,43686,43686,46.22807018,11.96289063,0,0,1.565020521,1.750761905,0.389133899,12:22:10
43692,43692,43689,33.90243902,2.197265625,3,3,1.266170185,1.2638,0.428581633,12:22:25
43698,43698,43698,36.04651163,18.5546875,0,0,1.607099946,1.604619048,0.388514764,12:22:40
43704,43704,43701,68.30769231,73.97460938,3,3,1.717410538,1.714428571,0.388514764,12:22:55
43707,43707,43707,51.93877551,3.662109375,0,0,2.062551118,2.059888889,0.356692745,12:23:10
43716,43716,43716,46.91489362,4.638671875,0,0,1.693105141,1.978095238,0.388450084,12:23:25
43722,43722,43719,48.94230769,20.99609375,3,3,1.746498757,2.079888889,0.428479612,12:23:40
43728,43728,43728,39.36170213,53.46679688,0,0,1.532945168,1.816761905,0.389018562,12:23:55
43734,43734,43734,48.36363636,15.86914063,0,0,1.480072898,1.727625,0.404055952,12:24:10
43737,43737,43737,41.55172414,10.00976563,0,0,1.518288411,1.514055556,0.341157205,12:24:25
43746,43746,43746,36.73913043,6.34765625,0,0,1.505575444,1.503333333,0.403884989,12:24:40
43752,43752,43749,50.3,14.6484375,3,3,1.763341012,1.761666667,0.408765755,12:24:55
43758,43758,43758,45.8490566,1.953125,0,0,1.538625881,1.534,0.403535742,12:25:10
43764,43764,43764,58.81355932,36.37695313,0,0,1.432827959,1.428666667,0.388327971,12:25:25
43773,43773,43770,58.33333333,34.66796875,3,3,1.614638223,1.610047619,0.403543496,12:25:40
43776,43776,43776,58.48214286,25.14648438,0,0,1.932759046,1.927714286,0.388730517,12:25:55
43782,43782,43779,54.7826087,3.41796875,3,3,2.105501537,2.102066667,0.428734756,12:26:10
43788,43788,43788,47.87234043,8.7890625,0,0,2.101987695,2.099285714,0.389032975,12:26:25
43794,43794,43794,44.33962264,49.31640625,0,0,1.716852326,1.714666667,0.428602043,12:26:40
43797,43797,43797,28.93617021,16.6015625,0,0,1.534486338,1.533,0.317723712,12:26:55
43806,43806,43806,46.98275862,9.765625,0,0,1.484575043,1.774095238,0.388629802,12:27:10
43812,43812,43809,26.91489362,14.89257813,3,3,1.449969088,1.8558,0.428163654,12:27:25
43818,43818,43818,43.77358491,15.625,0,0,1.756063851,2.045142857,0.388342333,12:27:40
43824,43824,43824,60,24.90234375,0,0,1.691389032,1.943875,0.403559006,12:27:55
43833,43833,43831,43.44827586,52.24609375,2,2,1.613194341,1.610954545,0.38879529,12:28:10
43836,43836,43836,39.53703704,4.39453125,0,0,1.432070709,1.430238095,0.404017084,12:28:25
43842,43842,43839,36.66666667,0.48828125,3,3,1.099063502,1.097,0.409370025,12:28:40
43848,43848,43848,33.57142857,19.04296875,0,0,1.440528383,1.438380952,0.403908294,12:28:55
43854,43854,43854,57.71929825,20.99609375,0,0,1.541444448,1.538888889,0.408849316,12:29:10
43863,43863,43860,48.4,20.5078125,3,3,1.640746191,1.638380952,0.403582273,12:29:25
43866,43866,43866,62.71929825,9.521484375,0,0,1.607209421,1.604571429,0.388299249,12:29:40
43872,43872,43869,49.2,3.90625,3,3,1.889533311,1.8876,0.428082192,12:29:55
43878,43878,43878,26.4893617,40.0390625,0,0,1.626581036,1.624428571,0.38865138,12:30:10
43884,43884,43884,58.30769231,1.220703125,0,0,1.554074632,1.5525,0.428724544,12:30:25
43893,43893,43890,51.01851852,3.90625,3,3,1.561873677,1.559857143,0.389083431,12:30:40
43896,43896,43896,49.66666667,64.69726563,0,0,1.665110906,1.947,0.389083431,12:30:55
43902,43902,43899,29.22222222,38.33007813,3,3,1.648135789,2.042933333,0.428683703,12:31:10
43908,43908,43908,45.66037736,25.87890625,0,0,1.786878716,2.067761905,0.388773697,12:31:25
43914,43914,43914,50.25862069,17.08984375,0,0,1.615005183,1.612277778,0.428285905,12:31:40
43923,43923,43920,57.09090909,13.671875,3,3,1.65420103,1.652047619,0.388335152,12:31:55
43926,43926,43926,51.31578947,20.26367188,0,0,1.553278772,1.551809524,0.403465965,12:32:10
43932,43932,43929,47.01923077,0.244140625,3,3,1.679639887,1.678066667,0.408802889,12:32:25
43938,43938,43938,47.94117647,17.08984375,0,0,1.85192328,1.850095238,0.403985995,12:32:40
43944,43944,43942,71.30769231,19.77539063,2,2,1.974860095,2.0940625,0.409425894,12:32:55
43953,43953,43951,51.953125,24.16992188,2,2,1.941728404,2.208681818,0.403985995,12:33:10
43956,43956,43956,43.23529412,3.41796875,0,0,1.92685564,2.206619048,0.388809687,12:33:25
43965,43965,43965,66.89393939,1.953125,0,0,1.884814248,2.055434783,0.4036133,12:33:40
43968,43968,43968,43.07692308,15.13671875,0,0,1.85336846,1.851190476,0.388378243,12:33:55
43974,43974,43974,49.49152542,7.080078125,0,0,1.793223057,1.79,0.428122919,12:34:10
43983,43983,43983,55.98360656,53.46679688,0,0,1.580625015,1.742958333,0.388665766,12:34:25
43986,43986,43986,46.07843137,6.8359375,0,0,1.461264418,1.679111111,0.428683703,12:34:40
43992,43992,43989,49.90196078,8.056640625,3,3,1.702851451,1.9658,0.382783288,12:34:55
43998,43998,43998,40.09090909,8.544921875,0,0,1.890719945,2.078380952,0.389105058,12:35:10
44004,44004,44001,62.25352113,1.220703125,3,3,2.037513781,2.035466667,0.428775607,12:35:25
44013,44013,44010,57.7,23.4375,3,3,1.790019553,1.788095238,0.388903293,12:35:40
44016,44016,44016,56.77966102,14.89257813,0,0,1.846392797,1.844285714,0.403706409,12:35:55
44025,44025,44025,67.10144928,20.01953125,0,0,1.934321197,1.932333333,0.388486015,12:36:10
44028,44028,44028,33.55555556,4.150390625,0,0,1.921828184,1.919666667,0.403559006,12:36:25
44034,44034,44034,60.625,28.3203125,0,0,1.809270606,1.806722222,0.408700786,12:36:40
44043,44043,44041,51.66666667,24.90234375,2,2,1.713532112,1.710363636,0.403807326,12:36:55
44046,44046,44046,51.05769231,17.33398438,0,0,1.629164182,1.625444444,0.409351405,12:37:10
44055,44055,44055,55.56451613,49.31640625,0,0,1.710160782,1.707142857,0.404102604,12:37:25
44058,44058,44058,43.84615385,3.41796875,0,0,1.734843841,1.73147619,0.388975328,12:37:40
44064,44064,44061,55.75,9.765625,3,3,1.687570898,1.685666667,0.42835725,12:37:55
44073,44073,44070,52.5,36.1328125,3,3,1.838072401,1.835571429,0.38841416,12:38:10
44076,44076,44076,43.21428571,13.42773438,0,0,1.763749787,2.102166667,0.428122919,12:38:25
44085,44085,44085,69.24242424,12.6953125,0,0,1.891432938,2.142708333,0.388629802,12:38:40
44088,44088,44088,47.90697674,11.71875,0,0,1.792507352,2.080619048,0.388629802,12:38:55
44094,44094,44092,55.55555556,1.220703125,2,2,1.71709222,1.7073125,0.428653077,12:39:10
44103,44103,44100,50.3,41.25976563,3,3,1.816443008,1.808714286,0.38920602,12:39:25
44106,44106,44106,50.37735849,24.16992188,0,0,1.663645162,1.656888889,0.428939091,12:39:40
44115,44115,44115,67.79661017,8.056640625,0,0,1.826757305,1.822521739,0.389018562,12:39:55
44118,44118,44118,32.34693878,10.00976563,0,0,1.673047159,1.66847619,0.40371417,12:40:10
44124,44124,44124,53.78787879,11.96289063,0,0,1.672681221,1.667944444,0.408654392,12:40:25
44133,44133,44130,61.05263158,14.40429688,3,3,1.540521315,1.535666667,0.4036133,12:40:40
44136,44136,44136,55.48387097,18.31054688,0,0,1.662002848,1.656944444,0.408431849,12:40:55
44145,44145,44145,57.19298246,15.38085938,0,0,1.557760223,1.553142857,0.403535742,12:41:10
44148,44148,44148,45.57692308,14.16015625,0,0,1.744899408,1.741047619,0.388953715,12:41:25
44157,44157,44157,47.3,0,0,0,1.516809464,1.513,0.404242623,12:41:40
44163,44163,44160,53.46774194,5.126953125,3,3,1.675398615,1.670380952,0.389069013,12:41:55
44166,44166,44166,45.10416667,1.46484375,0,0,1.565446233,1.897222222,0.428316478,12:42:10
44175,44175,44175,63.85245902,18.5546875,0,0,1.796928524,2.080809524,0.388421345,12:42:25
44178,44178,44178,36.62162162,0.48828125,0,0,1.533475509,1.868,0.356803045,12:42:40
44184,44184,44181,54.23728814,1.708984375,3,3,1.488608541,1.486066667,0.428163654,12:42:55
44193,44193,44190,56.03773585,2.197265625,3,3,1.568005862,1.565857143,0.388241819,12:43:10
44196,44196,44196,59.91666667,4.8828125,0,0,1.809734783,1.807944444,0.428051652,12:43:25
44205,44205,44205,63.85714286,0,0,0,1.8511247,1.845458333,0.388953715,12:43:40
44208,44208,44208,41.98113208,6.34765625,0,0,1.838296239,1.831952381,0.404304884,12:43:55
44217,44217,44217,22.5,17.578125,0,0,1.565062162,1.84947619,0.389069013,12:44:10
44223,44223,44223,46.25,17.08984375,0,0,1.506920634,1.755958333,0.403566761,12:44:25
44226,44226,44226,29.63414634,2.197265625,0,0,1.1267638,1.464277778,0.408598733,12:44:40
44235,44235,44235,65.57971014,0.732421875,0,0,1.41453397,1.505,0.403706409,12:44:55
44238,44238,44238,44.25925926,1.708984375,0,0,1.883531277,1.881666667,0.340220917,12:45:10
44247,44247,44247,41.80851064,25.390625,0,0,2.022860763,2.020809524,0.4032955,12:45:25
44253,44253,44251,62.77777778,46.875,2,2,1.975572479,2.062409091,0.388708931,12:45:40
44256,44256,44256,48.5,15.13671875,0,0,1.834135768,2.157777778,0.429041331,12:45:55
44265,44265,44265,61.25,5.859375,0,0,1.890376198,2.132583333,0.388953715,12:46:10
44268,44268,44268,43.77358491,9.033203125,0,0,2.013859753,2.241764706,0.356828508,12:46:25
44277,44277,44277,46.96428571,13.18359375,0,0,1.973852932,1.970904762,0.388450084,12:46:40
44283,44283,44280,54.72727273,0.244140625,3,3,1.908276661,1.905190476,0.388442899,12:46:55
44286,44286,44286,46.84210526,5.126953125,0,0,1.757729771,1.753444444,0.428316478,12:47:10
44295,44295,44295,69.77272727,17.08984375,0,0,1.974376208,1.970791667,0.388119837,12:47:25
44298,44298,44298,46.8627451,6.8359375,0,0,1.980500961,1.978277778,0.356438467,12:47:40
44307,44307,44307,32.5,8.056640625,0,0,1.739710321,1.737809524,0.388759302,12:47:55
44313,44313,44310,58.72881356,1.953125,3,3,1.740223553,1.738333333,0.404343808,12:48:10
44316,44316,44316,53.33333333,35.15625,0,0,1.555618404,1.550388889,0.409351405,12:48:25
44325,44325,44325,51.92982456,13.42773438,0,0,1.644370724,1.639333333,0.403559006,12:48:40
44328,44328,44328,36.2962963,8.30078125,0,0,1.704188396,1.698944444,0.340367597,12:48:55
44337,44337,44337,44.73684211,10.49804688,0,0,1.857706746,1.855095238,0.403597786,12:49:10
44343,44343,44340,62.54545455,11.71875,3,3,1.859247592,1.856714286,0.388313609,12:49:25
44352,44352,44349,48.3,23.92578125,3,3,2.131907549,2.422333333,0.461130538,12:49:40
44355,44355,44355,46.92982456,30.02929688,0,0,1.854571078,2.1085,0.388687347,12:49:55
44358,44358,44358,42.27272727,1.708984375,0,0,1.777905628,2.117055556,0.357313006,12:50:10
44367,44367,44367,39.13461538,24.90234375,0,0,1.694407924,1.692285714,0.388780894,12:50:25
44373,44373,44371,55.81967213,25.14648438,2,2,1.831385927,1.8293125,0.382199529,12:50:40
44376,44376,44376,40,23.19335938,0,0,1.735896637,1.733777778,0.42822477,12:50:55
44385,44385,44385,57.32394366,13.18359375,0,0,1.829646088,1.827083333,0.388399793,12:51:10
44388,44388,44388,45,13.671875,0,0,1.908029043,1.905176471,0.356853975,12:51:25
44397,44397,44397,47.54385965,2.9296875,0,0,2.064338226,2.35347619,0.388299249,12:51:40
44403,44403,44400,43.18965517,20.26367188,3,3,1.946418135,2.235285714,0.441891295,12:51:55
44409,44409,44409,26.44444444,27.34375,0,0,1.79541785,2.084761905,0.38865138,12:52:10
44415,44415,44415,66.66666667,9.765625,0,0,1.839410315,2.089083333,0.403970452,12:52:25
44418,44418,44418,42.0754717,26.3671875,0,0,1.846528738,1.840555556,0.340738722,12:52:40
44427,44427,44427,44.48275862,16.84570313,0,0,1.922398912,1.917333333,0.403566761,12:52:55
44433,44433,44431,56.83333333,30.76171875,2,2,2.005611127,2.004375,0.408404048,12:53:10
44439,44439,44439,45.2,12.20703125,0,0,1.940041334,2.13252381,0.403559006,12:53:25
44445,44445,44445,40.54545455,5.126953125,0,0,1.629692542,1.805347826,0.388435714,12:53:40
44448,44448,44448,46.73076923,6.34765625,0,0,1.56394804,1.801882353,0.356930399,12:53:55
44457,44457,44457,48.92156863,12.20703125,0,0,1.804220979,1.802285714,0.388744909,12:54:10
44463,44463,44461,55.66666667,1.220703125,2,2,2.046811344,2.045125,0.428622455,12:54:25
44469,44469,44469,7.906976744,3.662109375,0,0,1.702474585,1.700666667,0.388701736,12:54:40
44475,44475,44475,55.3968254,15.38085938,0,0,1.604810534,1.602833333,0.388701736,12:54:55
44478,44478,44478,33.52272727,3.662109375,0,0,1.307223315,1.304882353,0.356896429,12:55:10
44487,44487,44487,43.94230769,9.765625,0,0,1.476148824,1.707619048,0.38841416,12:55:25
44493,44493,44490,51.98113208,0.48828125,3,3,1.719003276,2.043933333,0.428214583,12:55:40
44499,44499,44499,45.39215686,1.708984375,0,0,1.990487065,2.222571429,0.388399793,12:55:55
44505,44505,44505,66.5625,17.08984375,0,0,2.000522117,1.998952381,0.403605543,12:56:10
44508,44508,44508,41.16071429,4.39453125,0,0,2.078604806,2.077166667,0.340553058,12:56:25
44517,44517,44517,35.5,9.521484375,0,0,1.910383763,1.908238095,0.403729693,12:56:40
44523,44523,44520,49.28571429,25.87890625,3,3,1.796133275,1.793533333,0.408506003,12:56:55
44529,44529,44529,24.87804878,40.0390625,0,0,1.623163347,1.913714286,0.403465965,12:57:10
44535,44535,44535,67.42424242,12.20703125,0,0,1.652398667,1.917521739,0.388335152,12:57:25
44538,44538,44538,21.97916667,12.45117188,0,0,1.540881754,1.880888889,0.356896429,12:57:40
44547,44547,44547,42.3,4.39453125,0,0,1.447553496,1.446428571,0.388471642,12:57:55
44553,44553,44550,61,21.24023438,3,3,1.439162553,1.4382,0.428275714,12:58:10
44559,44559,44559,35.20833333,23.92578125,0,0,1.50045945,1.499380952,0.388543517,12:58:25
44565,44565,44565,65.625,34.91210938,0,0,1.647479968,1.644428571,0.388543517,12:58:40
44568,44568,44568,41.27906977,31.49414063,0,0,1.561618744,1.558166667,0.356981366,12:58:55
44577,44577,44577,33.87096774,18.5546875,0,0,1.575933135,1.710714286,0.388464456,12:59:10
44583,44583,44580,44.23728814,21.484375,3,3,1.416808503,1.6088,0.428173839,12:59:25
44589,44589,44589,46.44230769,9.765625,0,0,1.482765125,1.61947619,0.38841416,12:59:40
44595,44595,44595,61.69230769,8.056640625,0,0,1.49552539,1.492952381,0.403636573,12:59:55
44598,44598,44598,46.44230769,24.4140625,0,0,1.773431424,1.770611111,0.340452575,12:00:10
44607,44607,44607,38.75,34.42382813,0,0,1.83712568,1.834333333,0.403597786,12:00:25
44613,44613,44610,62.5,9.27734375,3,3,1.833386561,1.8314,0.407811863,12:00:40
44619,44619,44619,47.0754717,15.86914063,0,0,1.925125156,2.223714286,0.403016869,12:00:55
44625,44625,44625,67.35714286,6.591796875,0,0,2.03405388,2.29525,0.38785461,12:01:10
44634,44634,44634,63.0952381,11.23046875,0,0,2.041454693,2.300875,0.403551251,12:01:25
44637,44637,44637,44.48979592,34.66796875,0,0,2.029475717,2.025142857,0.388579465,12:01:40
44643,44643,44640,61.57407407,8.30078125,3,3,2.004042521,1.9992,0.428520414,12:01:55
44649,44649,44649,52.84090909,9.765625,0,0,2.010535796,2.00652381,0.38862261,12:02:10
44655,44655,44655,61,5.859375,0,0,1.996069608,1.994555556,0.428245147,12:02:25
44658,44658,44658,50.76086957,10.00976563,0,0,1.963013028,1.9615,0.319209174,12:02:40
44667,44667,44667,51.82692308,8.30078125,0,0,2.019156255,2.314666667,0.388048118,12:02:55
44673,44673,44670,47.7,12.20703125,3,3,1.923018412,2.336933333,0.427695671,12:03:10
44679,44679,44679,45,38.33007813,0,0,1.68417563,1.978619048,0.388026608,12:03:25
44685,44685,44685,65.20833333,8.7890625,0,0,1.533730989,1.7895,0.403582273,12:03:40
44694,44694,44694,66.91666667,41.015625,0,0,1.452950867,1.447583333,0.38852914,12:03:55
44697,44697,44697,50.97826087,9.033203125,0,0,1.596654066,1.591285714,0.403721932,12:04:10
44703,44703,44700,69.0625,18.31054688,3,3,1.801350542,1.796133333,0.408654392,12:04:25
44709,44709,44709,53.80952381,0.244140625,0,0,2.010054012,2.296190476,0.403597786,12:04:40
44715,44715,44715,70.17241379,11.23046875,0,0,1.992090748,2.328333333,0.408052231,12:04:55
44724,44724,44721,71.11111111,0.9765625,3,3,1.912722968,2.201571429,0.403225806,12:05:10
44727,44727,44727,54.6875,0.732421875,0,0,1.927268853,1.925571429,0.388019438,12:05:25
44733,44733,44730,49.65909091,66.89453125,3,3,1.740081019,1.738133333,0.428153469,12:05:40
44739,44739,44739,46.53846154,0.244140625,0,0,1.886034209,1.884380952,0.388464456,12:05:55
44745,44745,44745,66.73076923,0.9765625,0,0,1.732446543,1.731388889,0.428408225,12:06:10
44754,44754,44754,65.3968254,3.662109375,0,0,1.726627174,1.844541667,0.388572274,12:06:25
44757,44757,44757,33.66666667,37.59765625,0,0,1.543683672,1.67852381,0.388572274,12:06:40
44763,44763,44760,61.54545455,7.568359375,3,3,1.552746028,1.742066667,0.428285905,12:06:55
44769,44769,44769,36.95121951,5.126953125,0,0,1.698589569,1.833333333,0.388148532,12:07:10
44775,44775,44775,69.92424242,33.203125,0,0,1.88065687,1.878944444,0.427817655,12:07:25
44784,44784,44784,61.84615385,67.3828125,0,0,1.875784705,1.872666667,0.387868937,12:07:40
44787,44787,44787,50,9.521484375,0,0,1.909386998,1.905619048,0.403326483,12:07:55
44793,44793,44790,57.28070175,39.30664063,3,3,2.041855335,2.037333333,0.408320668,12:08:10
44799,44799,44799,49.7826087,5.615234375,0,0,2.012758027,2.296952381,0.403729693,12:08:25
44805,44805,44805,65.43859649,0.48828125,0,0,1.944893393,2.278833333,0.408700786,12:08:40
44814,44814,44811,75.5,19.28710938,3,3,1.867818869,2.154047619,0.403636573,12:08:55
44817,44817,44817,52.82051282,19.04296875,0,0,1.810481277,1.808666667,0.388227464,12:09:10
44826,44826,44826,65.78947368,18.06640625,0,0,1.551881987,1.549761905,0.403341976,12:09:25
44829,44829,44829,58.90243902,1.953125,0,0,1.59242035,1.589904762,0.387818796,12:09:40
44835,44835,44835,69.30232558,30.02929688,0,0,1.422016287,1.418777778,0.427715997,12:09:55
44844,44844,44844,75.30612245,9.27734375,0,0,1.647170738,1.644416667,0.388177231,12:10:10
44847,44847,44847,59.60526316,21.484375,0,0,1.688496841,1.685944444,0.379670653,12:10:25
44853,44853,44850,68.7755102,20.26367188,3,3,1.947810502,1.945933333,0.428418422,12:10:40
44859,44859,44859,56.48648649,6.591796875,0,0,1.742351947,1.739714286,0.388615419,12:10:55
44865,44865,44865,74.28571429,6.34765625,0,0,1.782796272,1.779777778,0.428347056,12:11:10
44874,44874,44873,80,6.103515625,1,1,1.812537635,1.809130435,0.388270532,12:11:25
44877,44877,44877,56.5,14.6484375,0,0,1.944180695,1.94152381,0.403341976,12:11:40
44883,44883,44880,65.7,7.080078125,3,3,2.031551905,2.029133333,0.407959748,12:11:55
44889,44889,44889,61.5,4.638671875,0,0,1.934202934,2.22647619,0.403396212,12:12:10
44895,44895,44895,70.36363636,4.8828125,0,0,1.807817695,2.149666667,0.408292882,12:12:25
44904,44904,44901,73.30188679,0.244140625,3,3,1.716514967,2.009333333,0.403621057,12:12:40
44907,44907,44907,46.71428571,29.296875,0,0,1.686447409,1.685333333,0.388601036,12:12:55
44916,44916,44916,67.14285714,3.662109375,0,0,1.665191876,1.664238095,0.403760743,12:13:10
44919,44919,44919,60.73529412,5.126953125,0,0,1.70413217,1.702619048,0.388356696,12:13:25
44925,44925,44925,78.62068966,16.11328125,0,0,1.908842693,1.907222222,0.427919361,12:13:40
44934,44934,44934,74.22413793,21.24023438,0,0,1.83695675,2.009416667,0.387811634,12:13:55
44937,44937,44937,55,11.47460938,0,0,1.958589812,2.189444444,0.427685509,12:14:10
44943,44943,44940,69.33333333,38.0859375,3,3,1.914694989,2.192,0.427695671,12:14:25
44949,44949,44949,60.8974359,2.9296875,0,0,2.021274409,2.218285714,0.388162881,12:14:40
44955,44955,44955,66.2745098,10.25390625,0,0,1.846027022,1.844111111,0.428418422,12:14:55
44964,44964,44961,77.36842105,8.056640625,3,3,1.911312622,1.90947619,0.388694542,12:15:10
44967,44967,44967,58.75,9.033203125,0,0,2.006948933,2.005857143,0.403768506,12:15:25
44976,44976,44976,74.1,2.197265625,0,0,2.167313128,2.460666667,0.388356696,12:15:40
44979,44979,44979,59.625,9.033203125,0,0,2.171232733,2.464428571,0.403365218,12:15:55
44985,44985,44985,74.15254237,0.9765625,0,0,2.110516088,2.4525,0.407811863,12:16:10
44994,44994,44991,71.27118644,1.708984375,3,3,2.082135982,2.375190476,0.403272266,12:16:25
44997,44997,44997,55,7.32421875,0,0,1.918738377,1.917444444,0.40815401,12:16:40
45006,45006,45006,65.37735849,9.033203125,0,0,1.944842614,1.943142857,0.403636573,12:16:55
45009,45009,45009,43.42857143,23.92578125,0,0,1.813427632,1.811285714,0.38862261,12:17:10
45015,45015,45015,75.84745763,8.7890625,0,0,1.89598178,1.893277778,0.428449015,12:17:25
45024,45024,45024,66.2244898,0.244140625,0,0,1.743736622,1.863166667,0.388363878,12:17:40
45027,45027,45027,60.13157895,21.97265625,0,0,1.818654761,1.979333333,0.427939708,12:17:55
45036,45036,45036,71.8627451,4.150390625,0,0,1.886285843,2.024095238,0.387926257,12:18:10
45039,45039,45039,60.65789474,35.40039063,0,0,1.888763943,2.026619048,0.387919091,12:18:25
45045,45045,45045,75,13.42773438,0,0,2.029016625,2.027777778,0.427827823,12:18:40
45054,45054,45051,81.13207547,37.59765625,3,3,2.050742978,2.04952381,0.388119837,12:18:55
45057,45057,45057,57.97619048,20.26367188,0,0,2.015148818,2.014055556,0.42822477,12:19:10
45066,45066,45066,76.12244898,7.32421875,0,0,2.101407771,2.38647619,0.388608227,12:19:25
45069,45069,45069,51.42857143,23.92578125,0,0,2.034347434,2.319428571,0.403799562,12:19:40
45075,45075,45075,69.92537313,13.671875,0,0,2.032773257,2.365555556,0.408496732,12:19:55
45084,45084,45084,53.33333333,9.033203125,0,0,1.79589546,2.043416667,0.403396212,12:20:10
45087,45087,45087,56.25,18.06640625,0,0,1.796161989,1.792611111,0.407830343,12:20:25
45096,45096,45096,62.28070175,9.521484375,0,0,1.814020373,1.810428571,0.403256779,12:20:40
45099,45099,45099,32.34693878,10.98632813,0,0,1.692313465,1.690904762,0.388191582,12:20:55
45108,45108,45108,53.53658537,8.30078125,0,0,1.672160473,1.670142857,0.403698649,12:21:10
45114,45114,45111,60.625,2.685546875,3,3,1.536082129,1.53447619,0.388694542,12:21:25
45117,45117,45117,54.6875,0,0,0,1.591766533,1.924055556,0.428489811,12:21:40
45126,45126,45126,60.69767442,4.150390625,0,0,1.793044899,2.077619048,0.388421345,12:21:55
45129,45129,45129,60,13.18359375,0,0,1.873155391,2.205888889,0.316779163,12:22:10
45135,45135,45135,76.41509434,21.484375,0,0,1.812583946,1.811166667,0.427990584,12:22:25
45144,45144,45141,71.3,0.48828125,3,3,1.81579001,1.814333333,0.387976426,12:22:40
45147,45147,45147,50.13513514,11.71875,0,0,1.820998176,1.819944444,0.427858331,12:22:55
45156,45156,45156,48.42105263,8.7890625,0,0,1.653024308,1.941619048,0.388170055,12:23:10
45159,45159,45159,54.09090909,4.8828125,0,0,1.624405534,1.912952381,0.4036133,12:23:25
45165,45165,45165,73.75,6.34765625,0,0,1.828369927,2.165222222,0.408775037,12:23:40
45174,45174,45171,75,30.2734375,3,3,2.084757605,2.080888889,0.403807326,12:23:55
45177,45177,45177,62.68292683,19.04296875,0,0,2.158914925,2.154277778,0.408589458,12:24:10
45186,45186,45186,72.78846154,2.685546875,0,0,2.154373182,2.148333333,0.403458213,12:24:25
45189,45189,45189,47.16216216,66.65039063,0,0,2.078352301,2.074047619,0.388069631,12:24:40
45198,45198,45198,49.03846154,36.62109375,0,0,1.753532377,1.749714286,0.403349723,12:24:55
45204,45204,45201,77.9245283,24.90234375,3,3,1.73274508,1.728904762,0.388170055,12:25:10
45207,45207,45207,59.16666667,13.671875,0,0,1.628068697,1.962666667,0.428184024,12:25:25
45216,45216,45216,72.64705882,22.21679688,0,0,1.878375154,2.165095238,0.388644187,12:25:40
45219,45219,45219,66.94444444,6.591796875,0,0,2.053614082,2.388222222,0.357159865,12:25:55
45225,45225,45225,70.18867925,20.01953125,0,0,2.027238306,2.022277778,0.382353204,12:26:10
45234,45234,45231,75.47169811,0.732421875,3,3,1.857681769,1.853238095,0.388536328,12:26:25
45237,45237,45237,61.97674419,8.544921875,0,0,1.792356162,1.787222222,0.428061831,12:26:40
45246,45246,45246,69.44444444,24.90234375,0,0,1.774556526,2.066571429,0.388083974,12:26:55
45249,45249,45249,68.08823529,11.23046875,0,0,1.952215022,2.244380952,0.403372966,12:27:10
45258,45258,45258,62.30769231,13.671875,0,0,1.873347148,2.161666667,0.387911926,12:27:25
45264,45264,45264,77.84313725,20.99609375,0,0,1.984711821,2.236791667,0.403272266,12:27:40
45267,45267,45267,60.52631579,4.150390625,0,0,1.917076125,1.91,0.408524546,12:27:55
45276,45276,45276,68.61111111,4.8828125,0,0,1.87876258,1.875,0.403954911,12:28:10
45279,45279,45279,61.25,1.708984375,0,0,1.831414807,1.827066667,0.340576255,12:28:25
45288,45288,45288,59.375,5.126953125,0,0,1.702497329,1.698857143,0.40341171,12:28:40
45294,45294,45294,71.84210526,10.98632813,0,0,1.843944778,2.013333333,0.387997931,12:28:55
45297,45297,45297,65.54054054,11.96289063,0,0,1.774553169,2.002611111,0.427888844,12:29:10
45306,45306,45306,66.53061224,4.150390625,0,0,2.007610899,2.203,0.387825958,12:29:25
45309,45309,45309,59.8,50.53710938,0,0,1.900611723,1.898933333,0.356463878,12:29:40
45318,45318,45318,56.125,3.173828125,0,0,1.831988358,1.830190476,0.388392609,12:29:55
45324,45324,45321,78.33333333,10.98632813,3,3,1.826928275,1.825095238,0.388392609,12:30:10
45327,45327,45327,58.33333333,1.953125,0,0,1.979412995,1.978,0.428683703,12:30:25
45336,45336,45336,77.08333333,18.79882813,0,0,2.139395774,2.432047619,0.388543517,12:30:40
45339,45339,45339,60.64102564,2.197265625,0,0,2.148298921,2.489888889,0.356633381,12:30:55
45348,45348,45348,50.88235294,1.220703125,0,0,2.027096082,2.319,0.388040948,12:31:10
45354,45354,45351,76.81818182,0.48828125,3,3,2.024893982,2.317047619,0.403388463,12:31:25
45357,45357,45357,64.41860465,13.91601563,0,0,2.019101668,2.0165,0.407581007,12:31:40
45366,45366,45366,72.78846154,7.8125,0,0,2.071864758,2.06952381,0.403047809,12:31:55
45369,45369,45369,55.93023256,6.8359375,0,0,2.150124296,2.148055556,0.340197768,12:32:10
45378,45378,45378,68.38235294,23.68164063,0,0,2.115446922,2.113857143,0.403947141,12:32:25
45384,45384,45384,51.66666667,23.4375,0,0,1.818984014,1.889083333,0.388486015,12:32:40
45393,45393,45391,64.65116279,0.244140625,2,2,1.647993082,1.723909091,0.460935699,12:32:55
45396,45396,45396,59.09090909,3.173828125,0,0,1.450978524,1.529761905,0.387969258,12:33:10
45399,45399,45399,64.58333333,0,0,0,1.658276493,1.654333333,0.35664186,12:33:25
45408,45408,45408,44.53125,15.13671875,0,0,1.321594806,1.315380952,0.387661295,12:33:40
45414,45414,45414,65.3125,63.96484375,0,0,1.334718662,1.329388889,0.37959489,12:33:55
45417,45417,45417,59.05405405,10.7421875,0,0,1.313352704,1.308,0.427431611,12:34:10
45426,45426,45426,59.375,22.94921875,0,0,1.575160708,1.854190476,0.388119837,12:34:25
45429,45429,45429,58.625,0.48828125,0,0,1.862630027,2.257066667,0.357176874,12:34:40
45438,45438,45438,60.97222222,23.4375,0,0,1.903371918,2.183333333,0.388442899,12:34:55
45444,45444,45441,72.87037037,0.9765625,3,3,1.977532416,2.076894737,0.403326483,12:35:10
45447,45447,45447,48.4375,6.103515625,0,0,1.818447336,1.814888889,0.407793385,12:35:25
45456,45456,45456,68.86363636,5.126953125,0,0,1.797506966,1.794666667,0.403272266,12:35:40
45459,45459,45459,43.4,22.4609375,0,0,1.581693137,1.579722222,0.339689298,12:35:55
45468,45468,45468,64.16666667,16.6015625,0,0,1.812484238,1.810666667,0.40320258,12:36:10
45474,45474,45471,80.75471698,52.24609375,3,3,1.821860417,1.818190476,0.388162881,12:36:25
45483,45483,45480,71.34146341,21.24023438,3,3,2.063442356,2.348428571,0.461396493,12:36:40
45486,45486,45486,69.36363636,23.92578125,0,0,2.091414117,2.374238095,0.388241819,12:36:55
45489,45489,45489,53.33333333,12.45117188,0,0,2.085243296,2.4175,0.35653166,12:37:10
45498,45498,45498,65,17.08984375,0,0,1.93064101,1.924285714,0.387825958,12:37:25
45504,45504,45501,85.3,26.3671875,3,3,1.907348469,1.901466667,0.427807487,12:37:40
45507,45507,45507,61.04651163,0,0,0,1.936566052,1.931277778,0.427807487,12:37:55
45516,45516,45516,72.88888889,2.44140625,0,0,2.056927162,2.350904762,0.387718553,12:38:10
45519,45519,45519,67.12121212,30.76171875,0,0,2.050372074,2.396555556,0.356387655,12:38:25
45528,45528,45528,43.92857143,6.103515625,0,0,1.683813807,1.98047619,0.388098318,12:38:40
45534,45534,45531,70.87719298,28.80859375,3,3,1.655196604,1.951857143,0.403675368,12:38:55
45543,45543,45540,79.625,8.7890625,3,3,1.666427376,1.665142857,0.443655723,12:39:10
45546,45546,45546,69.81132075,11.71875,0,0,1.856495243,1.853,0.403272266,12:39:25
45549,45549,45549,38.83333333,8.056640625,0,0,1.835168438,1.831111111,0.339766241,12:39:40
45558,45558,45558,24.61538462,23.92578125,0,0,1.44939283,1.445095238,0.403287755,12:39:55
45564,45564,45561,82.74509804,4.638671875,3,3,1.181047373,1.178333333,0.407765671,12:40:10
45573,45573,45570,60.60606061,2.197265625,3,3,1.432823041,1.725047619,0.460926847,12:40:25
45576,45576,45576,69.63636364,5.859375,0,0,1.678034307,1.970904762,0.388148532,12:40:40
45579,45579,45579,59.74358974,0,0,0,1.894915243,2.236722222,0.356853975,12:40:55
45588,45588,45588,60,9.521484375,0,0,1.867440998,1.865190476,0.388112664,12:41:10
45594,45594,45591,72.01923077,38.0859375,3,3,1.911218157,1.908666667,0.427817655,12:41:25
45603,45603,45600,54.25,36.86523438,3,3,1.628795989,1.626619048,0.443229667,12:41:40
45606,45606,45606,67.83018868,12.20703125,0,0,1.724904577,2.01952381,0.387818796,12:41:55
45609,45609,45609,64.44444444,15.625,0,0,1.69680784,2.041055556,0.356514712,12:42:10
45618,45618,45618,64.18918919,13.91601563,0,0,1.762164498,2.053428571,0.387868937,12:42:25
45624,45624,45621,70.625,47.11914063,3,3,1.717266495,1.7106,0.427878673,12:42:40
45633,45633,45630,59.32432432,9.033203125,3,3,1.636162405,1.630190476,0.443581924,12:42:55
45636,45636,45636,74.41176471,2.197265625,0,0,1.80129318,1.797761905,0.403559006,12:43:10
45639,45639,45639,53.37837838,1.220703125,0,0,1.82987331,1.826444444,0.340082073,12:43:25
45648,45648,45648,59.51219512,17.08984375,0,0,1.720491235,1.717428571,0.403303246,12:43:40
45654,45654,45654,61.03773585,31.73828125,0,0,1.645903974,1.644333333,0.407664085,12:43:55
45663,45663,45660,71.36363636,11.71875,3,3,1.743952127,1.742333333,0.460794102,12:44:10
45666,45666,45666,76.55555556,1.220703125,0,0,1.922915143,1.921,0.387775829,12:44:25
45669,45669,45669,62.87878788,9.521484375,0,0,2.062120613,2.06,0.356548609,12:44:40
45678,45678,45678,60.13513514,17.578125,0,0,1.963421519,1.961380952,0.388048118,12:44:55
45684,45684,45681,73.79310345,0.732421875,3,3,1.910108735,1.904333333,0.428092373,12:45:10
45693,45693,45690,70.77777778,23.19335938,3,3,1.847445878,1.841666667,0.443639321,12:45:25
45696,45696,45696,66.59574468,17.33398438,0,0,1.866044858,2.153047619,0.388184406,12:45:40
45699,45699,45699,57.94871795,19.77539063,0,0,1.829777983,2.168444444,0.35670971,12:45:55
45708,45708,45708,62.56756757,11.96289063,0,0,1.921706556,2.212190476,0.387997931,12:46:10
45714,45714,45714,67.875,18.79882813,0,0,1.618398569,1.616222222,0.427817655,12:46:25
45723,45723,45720,66.13636364,8.056640625,3,3,1.509005106,1.506666667,0.443286973,12:46:40
45726,45726,45726,71.76470588,10.00976563,0,0,1.585260105,1.581619048,0.403318737,12:46:55
45729,45729,45729,47.12121212,14.6484375,0,0,1.621384379,1.6156,0.340028109,12:47:10
45738,45738,45738,42.20588235,51.7578125,0,0,1.6518842,1.646904762,0.403481469,12:47:25
45744,45744,45741,72.9,0.48828125,3,3,1.435022308,1.430666667,0.408218805,12:47:40
45753,45753,45750,75.12820513,18.31054688,3,3,1.699244327,1.986190476,0.46110396,12:47:55
45756,45756,45756,58.08510638,38.33007813,0,0,1.694368427,1.980904762,0.388005099,12:48:10
45765,45765,45765,72.84090909,19.53125,0,0,1.780054623,2.0305,0.403256779,12:48:25
45768,45768,45768,45,18.5546875,0,0,1.572313895,1.569142857,0.387919091,12:48:40
45774,45774,45771,81.13207547,0.9765625,3,3,1.608892198,1.6048,0.427960057,12:48:55
45783,45783,45781,64.41860465,39.79492188,2,2,1.610029221,1.648818182,0.442722745,12:49:10
45786,45786,45786,63.38235294,28.56445313,0,0,1.735700478,2.023166667,0.380689637,12:49:25
45789,45789,45789,65.57142857,6.591796875,0,0,1.723502791,2.011555556,0.355880329,12:49:40
45798,45798,45798,68.52941176,25.14648438,0,0,1.657970187,1.903904762,0.387303812,12:49:55
45804,45804,45801,71.18644068,22.21679688,3,3,1.878064136,1.875533333,0.427827823,12:50:10
45813,45813,45810,69.23913043,25.63476563,3,3,1.960587089,1.956809524,0.443467174,12:50:25
45816,45816,45816,77.55555556,5.37109375,0,0,2.093695608,2.090285714,0.403489221,12:50:40
45819,45819,45819,56.34146341,6.591796875,0,0,2.063583509,2.060444444,0.340066653,12:50:55
45828,45828,45828,53.06451613,32.95898438,0,0,1.65625867,1.653809524,0.403357471,12:51:10
45834,45834,45834,72.67857143,18.06640625,0,0,1.535878535,1.768833333,0.407359631,12:51:25
45843,45843,45840,72.85714286,22.70507813,3,3,1.541724232,1.738190476,0.460458156,12:51:40
45846,45846,45846,74.3877551,7.32421875,0,0,1.814824868,2.012,0.387475322,12:51:55
45855,45855,45855,73.97959184,30.76171875,0,0,1.703997583,1.699,0.403280011,12:52:10
45858,45858,45858,58.58974359,10.00976563,0,0,1.749140815,1.743761905,0.387962091,12:52:25
45864,45864,45861,73.55555556,0.48828125,3,3,1.447594328,1.444466667,0.428010938,12:52:40
45873,45873,45870,73.57142857,54.6875,3,3,1.783213291,1.780714286,0.44345898,12:52:55
45876,45876,45876,56.28571429,30.76171875,0,0,1.61187365,1.953555556,0.427899016,12:53:10
45879,45879,45879,67.5,5.615234375,0,0,1.77481487,2.116833333,0.319077462,12:53:25
45888,45888,45888,55.38461538,4.638671875,0,0,1.623765192,1.916761905,0.387546829,12:53:40
45894,45894,45891,75.45454545,0.9765625,3,3,1.775157331,1.774,0.427350427,12:53:55
45903,45903,45900,57.77777778,9.033203125,3,3,1.624006677,1.62147619,0.442845281,12:54:10
45906,45906,45906,71.47058824,9.27734375,0,0,1.668243077,1.66547619,0.403272266,12:54:25
45915,45915,45915,75.47619048,13.91601563,0,0,1.67761404,1.675083333,0.38794059,12:54:40
45918,45918,45918,58.10344828,20.01953125,0,0,1.637621932,1.636333333,0.40341171,12:54:55
45924,45924,45921,80.09615385,9.27734375,3,3,1.71177508,1.710866667,0.407922767,12:55:10
45933,45933,45933,71.28205128,15.625,0,0,1.706923891,1.961833333,0.460944552,12:55:25
45936,45936,45936,61.02564103,5.859375,0,0,1.666257239,2.0055,0.407405731,12:55:40
45945,45945,45945,66.04651163,22.70507813,0,0,1.473783876,1.727083333,0.402978201,12:55:55
45948,45948,45948,57.73809524,3.173828125,0,0,1.517000832,1.511285714,0.387518223,12:56:10
45954,45954,45954,70.625,36.62109375,0,0,1.490292402,1.488055556,0.427787152,12:56:25
45963,45963,45960,65.4,0.48828125,3,3,1.689964342,1.687666667,0.443385246,12:56:40
45966,45966,45966,72.08333333,2.685546875,0,0,1.700921244,2.0395,0.428041472,12:56:55
45969,45969,45969,66.66666667,5.615234375,0,0,1.954418438,2.360933333,0.316575312,12:57:10
45978,45978,45978,62.16666667,9.521484375,0,0,1.599922307,1.889666667,0.388040948,12:57:25
45984,45984,45981,73.69047619,49.8046875,3,3,1.379266025,1.377333333,0.427909188,12:57:40
45993,45993,45990,75.93023256,19.77539063,3,3,1.564954478,1.562,0.44304148,12:57:55
45996,45996,45996,65.27777778,21.24023438,0,0,1.66923149,1.666571429,0.403024604,12:58:10
46005,46005,46005,74.42307692,9.033203125,0,0,1.823024216,1.82025,0.387475322,12:58:25
46008,46008,46008,67,17.33398438,0,0,1.805591914,1.803095238,0.403140658,12:58:40
46014,46014,46014,71.79245283,35.88867188,0,0,1.850710559,1.94,0.407673318,12:58:55
46023,46023,46020,65,2.197265625,3,3,1.814904013,1.89047619,0.460988821,12:59:10
46026,46026,46026,67.84090909,11.96289063,0,0,1.718842156,1.8075,0.408033731,12:59:25
46035,46035,46035,77.5,12.45117188,0,0,1.668584382,1.665809524,0.403442711,12:59:40
46038,46038,46038,62.02702703,6.8359375,0,0,1.672866248,1.670428571,0.387747189,12:59:55
46044,46044,46043,82.21153846,27.58789063,1,1,1.815979875,1.813470588,0.427482366,12:00:10
46053,46053,46050,70.90909091,5.859375,3,3,1.981799289,1.979190476,0.442820768,12:00:25
46056,46056,46056,70.11111111,7.568359375,0,0,1.826097366,2.171444444,0.427644865,12:00:40
46065,46065,46065,71.54761905,9.765625,0,0,1.61420569,1.896136364,0.387761508,12:00:55
46068,46068,46068,54.19354839,5.615234375,0,0,1.622923651,1.918809524,0.387768668,12:01:10
46074,46074,46071,79.47916667,12.20703125,3,3,1.471098783,1.467533333,0.427899016,12:01:25
46083,46083,46080,56.53846154,20.5078125,3,3,1.506362484,1.501380952,0.443549132,12:01:40
46086,46086,46086,71.6,0.244140625,0,0,1.825869815,1.820722222,0.428112736,12:01:55
46095,46095,46095,75.49180328,3.90625,0,0,1.947551708,1.942791667,0.387811634,12:02:10
46098,46098,46098,50.66666667,13.18359375,0,0,1.779289478,1.774857143,0.403024604,12:02:25
46104,46104,46104,67.80487805,10.98632813,0,0,1.625346169,1.621666667,0.407267462,12:02:40
46113,46113,46110,62.91666667,54.44335938,3,3,1.553885219,1.55052381,0.460723336,12:02:55
46116,46116,46116,53.77777778,31.25,0,0,1.405810595,1.402666667,0.407654852,12:03:10
46125,46125,46125,75.43103448,24.16992188,0,0,1.760638425,1.758666667,0.403349723,12:03:25
46128,46128,46128,58.875,9.765625,0,0,1.777067269,1.775142857,0.388134184,12:03:40
46137,46137,46137,41.72413793,1.46484375,0,0,1.742535885,1.74147619,0.403535742,12:03:55
46143,46143,46140,57.26190476,10.98632813,3,3,1.628067371,1.626142857,0.443270598,12:04:10
46146,46146,46146,70.71428571,13.42773438,0,0,1.597667684,1.946222222,0.427533134,12:04:25
46155,46155,46155,71.015625,26.12304688,0,0,1.825522129,2.12347619,0.387482471,12:04:40
46158,46158,46158,60.3125,1.220703125,0,0,2.056754604,2.405555556,0.315839253,12:04:55
46164,46164,46164,59.78723404,7.8125,0,0,1.71269586,1.710722222,0.427624546,12:05:10
46173,46173,46170,62.57142857,8.7890625,3,3,1.621329439,1.619761905,0.443205112,12:05:25
46176,46176,46176,68.40425532,28.07617188,0,0,1.505877483,1.504388889,0.427980408,12:05:40
46185,46185,46185,69.65517241,3.662109375,0,0,1.589493853,1.58347619,0.388141357,12:05:55
46188,46188,46188,65.40540541,6.34765625,0,0,1.609689802,1.603619048,0.403496974,12:06:10
46194,46194,46191,81.96078431,21.484375,3,3,1.745186203,1.737466667,0.407802624,12:06:25
46203,46203,46200,51.09375,24.4140625,3,3,1.575331688,1.870095238,0.460705647,12:06:40
46206,46206,46206,67.04545455,41.9921875,0,0,1.458552364,1.806111111,0.407359631,12:06:55
46215,46215,46215,67.07317073,4.39453125,0,0,1.230823891,1.49075,0.40312518,12:07:10
46218,46218,46218,55.58139535,8.056640625,0,0,1.345175586,1.342904762,0.387761508,12:07:25
46227,46227,46227,67.07317073,3.662109375,0,0,1.707523727,1.70552381,0.403349723,12:07:40
46233,46233,46230,57.92682927,35.88867188,3,3,1.756418984,1.75447619,0.443622921,12:07:55
46236,46236,46236,68.80434783,16.6015625,0,0,1.893710575,2.231555556,0.428214583,12:08:10
46245,46245,46245,74.12698413,16.11328125,0,0,1.946518503,2.199375,0.387926257,12:08:25
46248,46248,46248,57.97619048,18.06640625,0,0,2.024886226,2.362388889,0.356303,12:08:40
46254,46254,46254,72.01754386,3.173828125,0,0,2.057153328,2.055388889,0.427573756,12:08:55
46263,46263,46260,62.02702703,20.5078125,3,3,1.919888669,1.917761905,0.442902488,12:09:10
46266,46266,46266,66.3,26.61132813,0,0,1.768806476,1.766777778,0.427655025,12:09:25
46275,46275,46275,74.73684211,8.7890625,0,0,1.819409906,1.817761905,0.387818796,12:09:40
46278,46278,46278,56.25,4.638671875,0,0,1.73897206,1.73747619,0.403380715,12:09:55
46287,46287,46287,56.70731707,3.90625,0,0,1.858178426,2.050809524,0.388198758,12:10:10
46293,46293,46290,67.82608696,49.56054688,3,3,1.867795465,2.06047619,0.461210293,12:10:25
46296,46296,46296,61.70454545,45.41015625,0,0,1.81129032,2.036111111,0.407858065,12:10:40
46305,46305,46305,75.76271186,10.7421875,0,0,1.96485468,1.962428571,0.403109703,12:10:55
46308,46308,46308,47.79411765,21.484375,0,0,1.791380788,1.788722222,0.339504776,12:11:10
46317,46317,46317,60.53191489,13.42773438,0,0,1.802163047,1.796571429,0.403171617,12:11:25
46323,46323,46320,66.83673469,9.27734375,3,3,1.809238086,1.804428571,0.443254225,12:11:40
46326,46326,46326,68,7.568359375,0,0,1.938140708,2.276111111,0.427980408,12:11:55
46335,46335,46335,80.49019608,6.8359375,0,0,2.13058677,2.383791667,0.388220287,12:12:10
46338,46338,46338,69.31034483,22.4609375,0,0,2.031998162,2.373888889,0.356845486,12:12:25
46344,46344,46344,68.75,8.056640625,0,0,1.83313079,1.831666667,0.380962746,12:12:40
46353,46353,46350,59.7826087,27.09960938,3,3,1.755249658,1.753571429,0.443450786,12:12:55
46356,46356,46356,76.5,12.20703125,0,0,1.837326659,1.833833333,0.427695671,12:13:10
46365,46365,46365,70.92592593,18.5546875,0,0,1.643229301,1.639809524,0.387525374,12:13:25
46368,46368,46368,52.1875,0.244140625,0,0,1.589933758,1.586809524,0.403040074,12:13:40
46377,46377,46377,64.42857143,4.8828125,0,0,1.459375387,1.454380952,0.38743243,12:13:55
46383,46383,46380,66.91489362,5.859375,3,3,1.726577622,1.722,0.460670275,12:14:10
46386,46386,46386,63.40425532,12.45117188,0,0,1.764131261,1.758777778,0.407932011,12:14:25
46395,46395,46395,71.2,10.7421875,0,0,1.827345934,1.822095238,0.403628815,12:14:40
46398,46398,46398,53.69047619,4.8828125,0,0,1.742570642,1.740055556,0.339912529,12:14:55
46407,46407,46407,60.11111111,12.93945313,0,0,1.957161139,1.955238095,0.403071017,12:15:10
46413,46413,46410,63.6,14.16015625,3,3,1.953400031,1.951428571,0.442681915,12:15:25
46416,46416,46416,74.41176471,0.9765625,0,0,2.132234661,2.482944444,0.427401163,12:15:40
46425,46425,46425,75.51724138,41.015625,0,0,2.136073901,2.398666667,0.387360965,12:15:55
46428,46428,46428,61.66666667,30.2734375,0,0,2.141479543,2.492333333,0.356319928,12:16:10
46437,46437,46437,55.34883721,19.53125,0,0,2.036581252,2.035333333,0.387868937,12:16:25
46443,46443,46440,68.40425532,5.859375,3,3,2.04290585,2.041666667,0.443270598,12:16:40
46446,46446,46446,56.66666667,35.64453125,0,0,1.698280908,1.696777778,0.428102554,12:16:55
46455,46455,46455,70.59322034,10.98632813,0,0,1.809012695,1.807285714,0.387775829,12:17:10
46458,46458,46458,67.14285714,24.4140625,0,0,1.743481817,1.741722222,0.356201468,12:17:25
46467,46467,46467,49.82758621,37.35351563,0,0,1.875496518,2.116809524,0.387239535,12:17:40
46473,46473,46471,53.24324324,16.6015625,2,2,1.627578835,1.858181818,0.46046699,12:17:55
46476,46476,46476,58.7,0.244140625,0,0,1.525485687,1.807444444,0.407000407,12:18:10
46485,46485,46485,58.68421053,31.73828125,0,0,1.28598134,1.379681818,0.403016869,12:18:25
46488,46488,46488,55,10.98632813,0,0,1.538334047,1.536,0.339712377,12:18:40
46497,46497,46497,56.89189189,5.859375,0,0,1.585465002,1.582,0.403465965,12:18:55
46503,46503,46500,63.67346939,11.23046875,3,3,1.601067079,1.595952381,0.443147827,12:19:10
46506,46506,46506,70.25641026,3.662109375,0,0,1.751169964,2.097666667,0.427451912,12:19:25
46515,46515,46515,76.77966102,37.59765625,0,0,1.906074338,2.201047619,0.387332387,12:19:40
46518,46518,46518,70.15625,27.83203125,0,0,1.895045599,2.242166667,0.356235305,12:19:55
46527,46527,46527,63.52272727,3.90625,0,0,2.121926439,2.117952381,0.38717528,12:20:10
46533,46533,46530,68.84615385,4.39453125,3,3,2.05310497,2.049142857,0.442486034,12:20:25
46536,46536,46536,74.24528302,16.35742188,0,0,2.060617511,2.055666667,0.42723885,12:20:40
46545,46545,46545,82.5,16.35742188,0,0,2.103237272,2.099166667,0.387654139,12:20:55
46548,46548,46548,47.5,24.16992188,0,0,2.010516864,2.006,0.356794558,12:21:10
46557,46557,46557,49.72972973,36.86523438,0,0,1.882791956,2.18252381,0.387804473,12:21:25
46563,46563,46560,75.26315789,3.662109375,3,3,1.851347055,2.15,0.460564191,12:21:40
46566,46566,46566,71.01851852,9.521484375,0,0,1.915418063,2.264,0.407000407,12:21:55
46575,46575,46575,74.53125,22.4609375,0,0,1.970973522,2.231666667,0.402947271,12:22:10
46578,46578,46578,60.78947368,13.18359375,0,0,2.146603647,2.144944444,0.339082668,12:22:25
46587,46587,46587,51.79487179,48.33984375,0,0,1.849059367,1.847238095,0.402900886,12:22:40
46593,46593,46590,70.79545455,34.1796875,3,3,1.844552052,1.842333333,0.442951534,12:22:55
46599,46599,46599,59.21052632,11.47460938,0,0,1.878014528,2.168714286,0.403372966,12:23:10
46605,46605,46605,75.57692308,4.39453125,0,0,1.975570139,2.229875,0.387568286,12:23:25
46608,46608,46608,59,13.671875,0,0,1.954416862,2.294222222,0.356099993,12:23:40
46617,46617,46617,56.92307692,0,0,0,1.793577643,1.790714286,0.387239535,12:23:55
46623,46623,46620,65.76923077,6.103515625,3,3,1.670841307,1.668133333,0.378715446,12:24:10
46626,46626,46626,73.33333333,11.23046875,0,0,1.81618059,1.814222222,0.427472214,12:24:25
46635,46635,46635,71.60377358,19.77539063,0,0,1.887145024,1.885047619,0.387210975,12:24:40
46638,46638,46638,62.10526316,15.38085938,0,0,1.975066937,1.972833333,0.356074633,12:24:55
46647,46647,46647,60.47619048,22.70507813,0,0,1.942509719,2.234714286,0.387553981,12:25:10
46653,46653,46651,72.3255814,13.42773438,2,2,1.874201832,2.151590909,0.461006531,12:25:25
46656,46656,46656,56.61764706,17.33398438,0,0,1.682785811,2.022333333,0.407479513,12:25:40
46665,46665,46665,77.03389831,11.96289063,0,0,1.833948675,2.00973913,0.402962736,12:25:55
46668,46668,46668,59.86486486,10.25390625,0,0,1.812297003,1.81,0.339120998,12:26:10
46677,46677,46677,67.92682927,6.8359375,0,0,1.946521261,1.944666667,0.40293954,12:26:25
46683,46683,46680,71.36363636,45.16601563,3,3,1.935019954,1.932809524,0.442388159,12:26:40
46689,46689,46689,62.77777778,25.63476563,0,0,1.981706689,2.284285714,0.402815875,12:26:55
46695,46695,46695,74.66666667,25.87890625,0,0,2.146197593,2.409958333,0.387403841,12:27:10
46698,46698,46698,68,8.544921875,0,0,2.168786789,2.521611111,0.356523186,12:27:25
46707,46707,46707,58.33333333,6.103515625,0,0,2.128702747,2.126095238,0.387496771,12:27:40
46713,46713,46711,76.95121951,25.87890625,2,2,2.032906002,2.030125,0.380510778,12:27:55
46716,46716,46716,57.94117647,3.41796875,0,0,1.725637223,1.723277778,0.427330136,12:28:10
46725,46725,46725,78.85964912,19.28710938,0,0,1.825974929,1.821958333,0.387146729,12:28:25
46728,46728,46728,61.75675676,2.197265625,0,0,1.800476139,1.796647059,0.356108447,12:28:40
46737,46737,46737,60.79545455,3.662109375,0,0,1.868212458,2.166666667,0.387196696,12:28:55
46743,46743,46740,66.14285714,36.62109375,3,3,1.735881422,2.034952381,0.460520004,12:29:10
46746,46746,46746,74.21568627,4.39453125,0,0,1.670997892,2.020388889,0.407304324,12:29:25
46755,46755,46755,74.44444444,4.638671875,0,0,1.746259668,2.007166667,0.403225806,12:29:40
46758,46758,46758,62.56410256,0,0,0,1.827519018,1.825222222,0.339351161,12:29:55
46767,46767,46767,47.85714286,16.35742188,0,0,1.682809497,1.680761905,0.402893157,12:30:10
46773,46773,46771,63.20512821,31.00585938,2,2,1.66277113,1.660954545,0.442412624,12:30:25
46779,46779,46779,59.63414634,2.9296875,0,0,1.500633396,1.701619048,0.402885427,12:30:40
46785,46785,46785,68.52941176,9.033203125,0,0,1.429158066,1.603875,0.387182418,12:30:55
46788,46788,46788,54.28571429,15.38085938,0,0,1.550419955,1.797764706,0.356193009,12:31:10
46797,46797,46797,30.41666667,0.732421875,0,0,1.494324427,1.491,0.387468172,12:31:25
46803,46803,46800,71.27906977,8.7890625,3,3,1.480716009,1.476133333,0.382260479,12:31:40
46806,46806,46806,73.14814815,15.13671875,0,0,1.676548478,1.672444444,0.427705833,12:31:55
46815,46815,46815,75.74074074,9.033203125,0,0,1.613205035,1.609904762,0.387446726,12:32:10
46818,46818,46818,64.67741935,4.8828125,0,0,1.744658425,1.743,0.356167636,12:32:25
46827,46827,46827,58.625,11.23046875,0,0,1.568042947,1.566285714,0.387182418,12:32:40
46833,46833,46831,67.5,24.16992188,2,2,1.724752624,1.722818182,0.460440488,12:32:55
46836,46836,46836,59,2.197265625,0,0,1.696918132,1.6945,0.406871609,12:33:10
46845,46845,46845,72.74509804,4.150390625,0,0,1.838826178,1.836952381,0.402947271,12:33:25
46848,46848,46848,61.76470588,10.00976563,0,0,1.781407591,1.779764706,0.339213026,12:33:40
46857,46857,46857,61.375,26.85546875,0,0,1.827899081,1.826809524,0.403032339,12:33:55
46863,46863,46860,68.40909091,8.544921875,3,3,1.814421303,1.813380952,0.442812598,12:34:10
46869,46869,46869,61.97368421,11.23046875,0,0,1.926417004,2.224047619,0.403109703,12:34:25
46875,46875,46875,69.01960784,20.99609375,0,0,1.882835836,2.180095238,0.387332387,12:34:40
46878,46878,46878,64.11764706,20.26367188,0,0,1.828759709,2.175611111,0.356108447,12:34:55
46887,46887,46887,56.19047619,7.32421875,0,0,1.811090531,1.807047619,0.387189557,12:35:10
46893,46893,46890,55.54054054,3.90625,3,3,1.648089881,1.642866667,0.427401163,12:35:25
46896,46896,46896,73.86792453,13.91601563,0,0,1.76537302,1.760388889,0.427401163,12:35:40
46905,46905,46905,74.90566038,21.97265625,0,0,1.665892239,1.660238095,0.387396694,12:35:55
46908,46908,46908,62.56756757,1.708984375,0,0,1.818058687,1.813944444,0.356353788,12:36:10
46917,46917,46917,49.14285714,35.64453125,0,0,1.47973322,1.775714286,0.387496771,12:36:25
46923,46923,46920,75.48780488,17.33398438,3,3,1.643714424,1.941190476,0.460652591,12:36:40
46929,46929,46929,59.63414634,6.8359375,0,0,1.600132949,1.896571429,0.387325243,12:36:55
46935,46935,46935,79.9122807,26.85546875,0,0,1.843310202,2.10125,0.40293954,12:37:10
46938,46938,46938,60,6.103515625,0,0,1.969403583,1.964055556,0.339151669,12:37:25
46947,46947,46947,46.53846154,25.87890625,0,0,1.741905204,1.737619048,0.402985934,12:37:40
46953,46953,46950,62.05882353,52.00195313,3,3,1.343896674,1.3414,0.406293028,12:37:55
46959,46959,46959,53.97058824,4.8828125,0,0,1.493932138,1.804095238,0.402360515,12:38:10
46965,46965,46965,72.94642857,3.90625,0,0,1.655325716,1.92675,0.386676242,12:38:25
46968,46968,46968,70.15151515,2.685546875,0,0,1.942257597,2.305277778,0.356133811,12:38:40
46977,46977,46977,64.16666667,38.33007813,0,0,1.870429462,1.868857143,0.387346675,12:38:55
46983,46983,46981,68.41463415,5.37109375,2,2,1.835957276,1.834125,0.427573756,12:39:10
46986,46986,46986,52.94117647,7.080078125,0,0,1.570385592,1.5685,0.382005416,12:39:25
46995,46995,46995,78.79310345,22.94921875,0,0,1.708113771,1.706791667,0.387410988,12:39:40
46998,46998,46998,56.70731707,16.84570313,0,0,1.784907374,1.783941176,0.356226845,12:39:55
47007,47007,47007,65.33333333,9.765625,0,0,2.107143452,2.414761905,0.38688283,12:40:10
47013,47013,47011,62,2.197265625,2,2,1.900832477,2.194272727,0.460016867,12:40:25
47019,47019,47019,57,6.8359375,0,0,1.810852487,2.117857143,0.386797318,12:40:40
47025,47025,47025,64.45454545,8.544921875,0,0,1.677591278,1.945416667,0.402916347,12:40:55
47028,47028,47028,64,14.89257813,0,0,1.761215178,1.758352941,0.339159337,12:41:10
47037,47037,47037,59.67741935,56.640625,0,0,1.76135795,1.758904762,0.403009135,12:41:25
47043,47043,47040,70.55555556,2.685546875,3,3,1.900483825,1.898933333,0.407074042,12:41:40
47049,47049,47049,65.69444444,8.30078125,0,0,1.891338106,2.190857143,0.402985934,12:41:55
47055,47055,47055,67.0212766,15.13671875,0,0,1.721118909,1.983041667,0.386897085,12:42:10
47058,47058,47058,58.75,4.39453125,0,0,1.76527152,2.115166667,0.355728413,12:42:25
47067,47067,47067,40,1.220703125,0,0,1.606361842,1.604285714,0.386818693,12:42:40
47073,47073,47070,56.76470588,35.64453125,3,3,1.455494751,1.453066667,0.427330136,12:42:55
47076,47076,47076,69.4,3.41796875,0,0,1.491658723,1.488944444,0.381137529,12:43:10
47085,47085,47085,69.1,6.591796875,0,0,1.467815094,1.464095238,0.387210975,12:43:25
47088,47088,47088,67.35294118,20.99609375,0,0,1.818992742,1.815666667,0.356201468,12:43:40
47097,47097,47097,57.91666667,18.5546875,0,0,1.901518505,2.200761905,0.387289527,12:43:55
47103,47103,47100,62.35294118,25.14648438,3,3,1.758826113,2.057047619,0.460537678,12:44:10
47109,47109,47109,58.87096774,24.65820313,0,0,1.892980093,2.189,0.386918471,12:44:25
47115,47115,47115,74.73214286,8.30078125,0,0,1.856464097,2.115125,0.402591925,12:44:40
47118,47118,47118,59.60526316,16.35742188,0,0,1.961572373,1.957055556,0.338768689,12:44:55
47127,47127,47127,47.96875,8.544921875,0,0,1.77415046,1.770047619,0.402947271,12:45:10
47133,47133,47130,59.09090909,11.71875,3,3,1.568010579,1.566133333,0.40700961,12:45:25
47139,47139,47139,54.375,19.28710938,0,0,1.756571914,2.055809524,0.403009135,12:45:40
47145,47145,47145,70.46296296,16.11328125,0,0,1.703424473,1.963333333,0.387325243,12:45:55
47148,47148,47148,64.86111111,13.671875,0,0,2.026551631,2.373777778,0.356209926,12:46:10
47157,47157,47157,59.04761905,46.63085938,0,0,1.773325575,1.76952381,0.38697551,12:46:25
47163,47163,47160,65.36585366,0.244140625,3,3,1.6909965,1.6886,0.426975354,12:46:40
47166,47166,47166,73.33333333,2.685546875,0,0,1.749250347,1.746722222,0.379985056,12:46:55
47175,47175,47175,85.68965517,28.56445313,0,0,2.033857972,2.029083333,0.38678307,12:47:10
47178,47178,47178,53.80434783,0.244140625,0,0,2.184896537,2.179611111,0.355990127,12:47:25
47187,47187,47187,50.17857143,8.056640625,0,0,1.978988764,2.275380952,0.387125318,12:47:40
47193,47193,47190,63.42857143,9.27734375,3,3,1.86236142,2.16152381,0.46057303,12:47:55
47199,47199,47199,47.14285714,41.74804688,0,0,1.622252093,1.920952381,0.387360965,12:48:10
47205,47205,47205,79.15254237,8.30078125,0,0,1.708497335,1.969708333,0.403032339,12:48:25
47208,47208,47208,66.09375,13.671875,0,0,1.931390586,1.929666667,0.338921777,12:48:40
47217,47217,47217,58.29545455,8.056640625,0,0,1.713867557,1.71247619,0.402653679,12:48:55
47223,47223,47220,67.9787234,0.244140625,3,3,1.665147455,1.663133333,0.406412283,12:49:10
47229,47229,47229,59.34210526,23.4375,0,0,1.453301634,1.753857143,0.40278497,12:49:25
47235,47235,47235,73.61111111,4.150390625,0,0,1.67724035,1.939833333,0.387111046,12:49:40
47238,47238,47238,43.93939394,39.0625,0,0,1.433064414,1.784111111,0.356201468,12:49:55
47247,47247,47247,59.10714286,7.8125,0,0,1.682662996,1.678238095,0.387403841,12:50:10
47253,47253,47250,73.37209302,7.8125,3,3,1.642433829,1.6408,0.427583913,12:50:25
47256,47256,47256,75.39215686,1.220703125,0,0,1.847399548,1.845888889,0.379381844,12:50:40
47265,47265,47265,79.72222222,7.32421875,0,0,1.838661348,1.837,0.387111046,12:50:55
47268,47268,47268,56,29.296875,0,0,1.846433072,1.844666667,0.355871886,12:51:10
47277,47277,47277,61.84210526,18.79882813,0,0,1.700976593,1.902333333,0.386840069,12:51:25
47283,47283,47280,71.62790698,32.95898438,3,3,1.87709559,2.078809524,0.46033451,12:51:40
47289,47289,47289,42.42424242,21.24023438,0,0,1.748857233,1.948,0.387111046,12:51:55
47295,47295,47295,71.36363636,8.544921875,0,0,1.828653402,1.824666667,0.402978201,12:52:10
47298,47298,47298,61.96969697,6.591796875,0,0,1.726625091,1.722222222,0.33932813,12:52:25
47307,47307,47307,60.81081081,7.32421875,0,0,1.701834821,1.700047619,0.403117442,12:52:40
47313,47313,47310,65.65217391,12.93945313,3,3,1.885309136,1.884066667,0.406862413,12:52:55
47319,47319,47319,53.25,1.46484375,0,0,1.861691429,2.167095238,0.402700008,12:53:10
47325,47325,47325,77.54098361,12.93945313,0,0,1.968286194,2.273809524,0.386854322,12:53:25
47328,47328,47328,52.75,6.8359375,0,0,1.923683815,2.280055556,0.355990127,12:53:40
47337,47337,47337,65,13.42773438,0,0,1.999582494,1.998,0.387132455,12:53:55
47343,47343,47340,57.72727273,14.89257813,3,3,1.887975726,1.885866667,0.427441761,12:54:10
47349,47349,47349,51.02941176,10.98632813,0,0,1.785707686,1.783809524,0.387403841,12:54:25
47355,47355,47355,73.27868852,3.90625,0,0,1.812982051,1.811083333,0.387403841,12:54:40
47358,47358,47358,66.32352941,2.197265625,0,0,1.848004969,1.846444444,0.356319928,12:54:55
47367,47367,47367,66.22222222,11.96289063,0,0,1.829098656,2.134714286,0.387118182,12:55:10
47373,47373,47370,60.8974359,18.79882813,3,3,1.745602305,2.173666667,0.427026001,12:55:25
47379,47379,47379,45.53571429,12.20703125,0,0,1.476371038,1.781619048,0.386854322,12:55:40
47385,47385,47385,65.65217391,4.638671875,0,0,1.481097328,1.748125,0.402815875,12:55:55
47388,47388,47388,60.13157895,19.04296875,0,0,1.409670137,1.408222222,0.339044347,12:56:10
47397,47397,47397,37.4137931,35.40039063,0,0,1.421587237,1.417761905,0.403001401,12:56:25
47403,47403,47400,56.32352941,0.244140625,3,3,1.499756963,1.4946,0.407239819,12:56:40
47409,47409,47409,57.25,35.88867188,0,0,1.630991657,1.923857143,0.403140658,12:56:55
47415,47415,47415,74.71698113,4.150390625,0,0,1.637450301,1.931619048,0.387239535,12:57:10
47418,47418,47418,57.94871795,10.98632813,0,0,1.973265689,2.317722222,0.355964783,12:57:25
47427,47427,47427,64.47368421,11.47460938,0,0,1.862621455,1.859238095,0.386911342,12:57:40
47433,47433,47430,66.88888889,0.48828125,3,3,1.8836013,1.8804,0.427188153,12:57:55
47439,47439,47439,60.12820513,10.00976563,0,0,1.969347249,1.962904762,0.387118182,12:58:10
47445,47445,47445,61.625,19.04296875,0,0,1.861666917,1.853714286,0.387132455,12:58:25
47448,47448,47448,61.48648649,28.56445313,0,0,1.77711792,1.768444444,0.356209926,12:58:40
47457,47457,47457,74.23076923,0.48828125,0,0,1.821861459,2.112238095,0.387482471,12:58:55
47463,47463,47460,66.25,40.0390625,3,3,2.094768377,2.5088,0.427695671,12:59:10
47469,47469,47469,58.29268293,27.58789063,0,0,1.913635683,2.204571429,0.387253817,12:59:25
47475,47475,47475,67.45614035,26.85546875,0,0,1.816827916,2.071,0.402746347,12:59:40
47478,47478,47478,46.21212121,13.91601563,0,0,1.587453034,1.580444444,0.338761038,12:59:55
47490,47490,47487,70.57692308,3.90625,3,3,1.79910614,1.792761905,0.46032568,12:00:10
47496,47496,47496,80.07246377,3.173828125,0,0,1.825640196,1.822952381,0.474694274,12:00:25
47511,47511,47511,83.08219178,4.39453125,0,0,2.025145921,2.022181818,0.633360843,12:00:40
47520,47520,47519,75.24590164,1.46484375,1,1,1.933520834,2.006657895,0.664329212,12:00:55
47526,47526,47526,67.67241379,13.18359375,0,0,1.817439147,1.9806,0.712792245,12:01:10
47541,47541,47541,77.62711864,3.90625,0,0,1.743211001,1.868435897,0.663814722,12:01:25
47550,47550,47547,79.84126984,37.59765625,3,3,1.750157788,1.823071429,0.711828212,12:01:40
47565,47565,47563,71.70212766,0.244140625,2,2,1.652981312,1.649297297,0.718576114,12:01:55
47571,47571,47571,64.66666667,13.91601563,0,0,1.450947577,1.556384615,0.663301028,12:02:10
47580,47580,47577,78.13432836,33.69140625,3,3,1.4305694,1.567333333,0.712115458,12:02:25
47595,47595,47593,74.67213115,9.27734375,2,2,1.384564405,1.495567568,0.719119355,12:02:40
47601,47601,47601,75.86206897,13.18359375,0,0,1.657271749,1.653033333,0.712538299,12:02:55
47616,47616,47616,82.12328767,16.11328125,0,0,1.744629674,1.902,0.664341472,12:03:10
47625,47625,47622,83.62903226,4.39453125,3,3,1.826503619,1.996305556,0.748761663,12:03:25
47631,47631,47631,73.78571429,8.7890625,0,0,1.943476721,2.147966667,0.678380028,12:03:40
47646,47646,47646,71.73913043,2.44140625,0,0,1.685047601,1.841846154,0.690501765,12:03:55
47655,47655,47652,80.37313433,5.37109375,3,3,1.596157695,1.594233333,0.677430281,12:04:10
47670,47670,47667,79.46969697,13.42773438,3,3,1.730936471,1.908222222,0.747857102,12:04:25
47676,47676,47676,81.55844156,28.56445313,0,0,1.827849507,1.991538462,0.663056691,12:04:40
47685,47685,47682,78.07142857,3.41796875,3,3,2.084495913,2.296633333,0.711845103,12:04:55
47700,47700,47697,80.72463768,10.00976563,3,3,2.002919391,2.00025,0.719318308,12:05:10
47706,47706,47706,78.125,30.2734375,0,0,1.868652124,2.0729,0.713029424,12:05:25
47721,47721,47721,89.57627119,8.30078125,0,0,1.796697238,1.953692308,0.663900415,12:05:40
47730,47730,47727,74.65277778,42.23632813,3,3,1.916674699,2.086972222,0.719238713,12:05:55
47736,47736,47736,79.56896552,19.53125,0,0,1.822131598,1.819266667,0.711760659,12:06:10
47751,47751,47751,78.71212121,29.05273438,0,0,1.775898462,1.940128205,0.662849147,12:06:25
47760,47760,47759,80.19230769,28.56445313,1,1,1.573677486,1.77296875,0.711558075,12:06:40
47775,47775,47774,76.12903226,1.220703125,1,1,1.535961219,1.702763158,0.718126243,12:06:55
47781,47781,47781,60.625,8.544921875,0,0,1.42727515,1.58974359,0.69034287,12:07:10
47790,47790,47787,81.79104478,6.591796875,3,3,1.517263347,1.514035714,0.678257331,12:07:25
47805,47805,47802,73.11320755,66.65039063,3,3,1.616719029,1.788305556,0.748790415,12:07:40
47811,47811,47811,81.54411765,2.9296875,0,0,1.888126617,2.0944,0.678058042,12:07:55
47826,47826,47826,76.12676056,20.99609375,0,0,1.769770638,1.928205128,0.690184049,12:08:10
47835,47835,47832,75.48076923,18.31054688,3,3,1.642670103,1.640555556,0.718126243,12:08:25
47841,47841,47841,76.66666667,9.033203125,0,0,1.728485391,1.9412,0.711777546,12:08:40
47856,47856,47856,78.64285714,41.015625,0,0,1.740820222,1.903871795,0.662775927,12:08:55
47865,47865,47862,71.18644068,41.74804688,3,3,1.734247018,1.947066667,0.711439954,12:09:10
47880,47880,47877,81.27118644,27.09960938,3,3,1.776499112,1.773305556,0.718774765,12:09:25
47886,47886,47886,80.14925373,3.662109375,0,0,1.847431883,2.004205128,0.663484399,12:09:40
47895,47895,47892,84.68253968,6.591796875,3,3,1.977141624,2.181333333,0.712741441,12:09:55
47910,47910,47907,73.60655738,45.65429688,3,3,1.872223565,2.043138889,0.718788013,12:10:10
47916,47916,47916,83.6,4.39453125,0,0,1.977236655,1.9749,0.711456826,12:10:25
47931,47931,47931,71.2745098,39.79492188,0,0,1.789166218,1.953307692,0.662678325,12:10:40
47940,47940,47937,72.81818182,16.35742188,3,3,1.722121596,1.9,0.747728057,12:10:55
47946,47946,47946,79.01639344,6.8359375,0,0,1.526185537,1.740666667,0.676666291,12:11:10
47961,47961,47961,83.02816901,8.30078125,0,0,1.578522493,1.743153846,0.689972401,12:11:25
47970,47970,47967,79.11290323,37.109375,3,3,1.772310296,1.770666667,0.677675123,12:11:40
47985,47985,47982,85.31746032,37.84179688,3,3,1.924004828,2.096805556,0.748689793,12:11:55
47991,47991,47991,79.85074627,17.33398438,0,0,1.935919637,2.094948718,0.663557776,12:12:10
48000,48000,47997,74.68085106,28.80859375,3,3,1.755846559,1.963366667,0.711558075,12:12:25
48015,48015,48013,79.91071429,22.94921875,2,2,1.73637054,1.734351351,0.717927949,12:12:40
48021,48021,48021,82.45098039,1.46484375,0,0,1.580652128,1.722633333,0.711524322,12:12:55
48036,48036,48036,83.05555556,16.11328125,0,0,1.732986986,1.841769231,0.662556363,12:13:10
48045,48045,48042,73.52459016,26.85546875,3,3,1.649507391,1.766444444,0.717742974,12:13:25
48051,48051,48051,83.58108108,18.5546875,0,0,1.852451304,1.849233333,0.711355607,12:13:40
48066,48066,48066,76.18644068,30.76171875,0,0,1.810682084,1.970435897,0.663129973,12:13:55
48075,48075,48072,82.96875,0.48828125,3,3,1.832400967,2.041866667,0.712335272,12:14:10
48090,48090,48087,82,34.91210938,3,3,1.824360152,1.998194444,0.718417271,12:14:25
48096,48096,48096,73.45454545,7.8125,0,0,1.728946876,1.888948718,0.690051754,12:14:40
48105,48105,48102,76.96078431,8.7890625,3,3,1.655059638,1.652133333,0.676651029,12:14:55
48117,48117,48117,78.97727273,10.00976563,0,0,1.686839799,1.8645,0.690104666,12:15:10
48123,48123,48120,71.04651163,27.83203125,3,3,1.760251792,2.027958333,0.6088486,12:15:25
48129,48129,48129,57.14285714,14.40429688,0,0,1.93673483,2.417074074,0.45994634,12:15:40
48135,48135,48135,79.52830189,6.591796875,0,0,1.854128356,2.123375,0.441972671,12:15:55
48138,48138,48138,47.05882353,0,0,0,1.83306137,2.193666667,0.356108447,12:16:10
48147,48147,48147,71.97674419,14.6484375,0,0,1.921748407,1.919190476,0.386797318,12:16:25
48153,48153,48151,61.21621622,43.45703125,2,2,1.65177538,1.6500625,0.42685385,12:16:40
48159,48159,48159,48.65384615,26.3671875,0,0,1.398517131,1.396619048,0.386484099,12:16:55
48165,48165,48165,70.625,7.32421875,0,0,1.338239667,1.336125,0.386476986,12:17:10
48168,48168,48168,62.23684211,7.8125,0,0,1.288109458,1.286352941,0.355719977,12:17:25
48177,48177,48177,65.39473684,6.591796875,0,0,1.582647425,1.890047619,0.386519666,12:17:40
48183,48183,48180,44.45945946,17.08984375,3,3,1.583639527,2.014866667,0.426924719,12:17:55
48189,48189,48189,42.5,7.8125,0,0,1.385213808,1.692142857,0.386811568,12:18:10
48195,48195,48195,66.96078431,39.79492188,0,0,1.408490925,1.677166667,0.40286224,12:18:25
48198,48198,48198,49.0625,10.00976563,0,0,1.351542803,1.3495,0.338569881,12:18:40
48207,48207,48207,68.14285714,5.37109375,0,0,1.552574229,1.550333333,0.402491615,12:18:55
48213,48213,48211,62.25806452,25.63476563,2,2,1.4922266,1.489875,0.405935682,12:19:10
48219,48219,48219,53.70967742,12.93945313,0,0,1.571393881,1.775428571,0.402561055,12:19:25
48225,48225,48225,80.17857143,17.82226563,0,0,1.621579103,1.807869565,0.38654101,12:19:40
48228,48228,48228,45.71428571,11.96289063,0,0,1.647421973,1.9,0.355770599,12:19:55
48237,48237,48237,68.375,5.615234375,0,0,1.824101211,1.819047619,0.3867617,12:20:10
48243,48243,48240,60.40540541,0.244140625,3,3,1.72103195,1.714733333,0.42720843,12:20:25
48249,48249,48249,47.91666667,45.65429688,0,0,1.90919694,1.904952381,0.386954118,12:20:40
48255,48255,48255,78.81355932,15.86914063,0,0,1.923146868,1.91925,0.386954118,12:20:55
48258,48258,48258,57.68292683,18.79882813,0,0,1.991989627,1.990444444,0.355990127,12:21:10
48267,48267,48267,52.10526316,3.173828125,0,0,1.743290205,2.051904762,0.386683362,12:21:25
48273,48273,48270,58.37209302,47.8515625,3,3,1.6423195,2.0754,0.426813364,12:21:40
48279,48279,48279,55.24390244,13.671875,0,0,1.782713,2.091333333,0.386448538,12:21:55
48285,48285,48285,71.15384615,3.41796875,0,0,1.787235766,2.056916667,0.402545622,12:22:10
48288,48288,48288,47.96875,7.32421875,0,0,1.768096051,1.766166667,0.338501117,12:22:25
48297,48297,48297,71.34146341,4.8828125,0,0,1.820833448,1.815428571,0.402715453,12:22:40
48303,48303,48303,44.67741935,66.65039063,0,0,1.41413217,1.454444444,0.406393931,12:22:55
48309,48309,48309,51,8.056640625,0,0,1.593283355,1.625,0.40270773,12:23:10
48315,48315,48315,75.68627451,28.3203125,0,0,1.574176118,1.601958333,0.386690482,12:23:25
48318,48318,48318,50.51724138,30.2734375,0,0,1.687351458,1.6814,0.355787476,12:23:40
48327,48327,48327,60.53191489,10.49804688,0,0,1.824840088,1.819619048,0.386597938,12:23:55
48333,48333,48330,65.43478261,14.40429688,3,3,1.947532921,1.9448,0.426955099,12:24:10
48339,48339,48339,61.71428571,22.4609375,0,0,2.106312451,2.104285714,0.386704723,12:24:25
48345,48345,48345,79.73684211,1.708984375,0,0,2.051847138,2.049958333,0.386711844,12:24:40
48348,48348,48348,38.18181818,50.53710938,0,0,1.856637754,1.855055556,0.355914106,12:24:55
48357,48357,48357,57.43589744,20.75195313,0,0,1.773614586,1.851380952,0.386818693,12:25:10
48363,48363,48360,75.125,0.48828125,3,3,1.680276753,1.788933333,0.42707666,12:25:25
48369,48369,48369,62.5,13.671875,0,0,1.806306449,1.882952381,0.386683362,12:25:40
48375,48375,48375,72.72727273,31.00585938,0,0,1.711346494,1.70747619,0.402584207,12:25:55
48378,48378,48378,67.05882353,12.6953125,0,0,1.687887947,1.684888889,0.338493478,12:26:10
48387,48387,48387,62.84090909,57.12890625,0,0,1.897365744,1.895428571,0.4026614,12:26:25
48393,48393,48390,65,9.765625,3,3,1.958839919,1.957466667,0.405460197,12:26:40
48399,48399,48399,52.56410256,0.244140625,0,0,1.950807752,2.268904762,0.401983117,12:26:55
48405,48405,48405,74.60784314,22.70507813,0,0,1.842958004,2.121166667,0.38601522,12:27:10
48408,48408,48408,49.07407407,13.18359375,0,0,1.715639349,2.087222222,0.355795915,12:27:25
48417,48417,48417,73.97435897,9.521484375,0,0,1.647697338,1.646095238,0.386626408,12:27:40
48423,48423,48420,58.05555556,0.48828125,3,3,1.529398274,1.527466667,0.426985482,12:27:55
48429,48429,48429,44.83870968,31.49414063,0,0,1.597733739,1.595666667,0.386662002,12:28:10
48435,48435,48435,76.83333333,0.48828125,0,0,1.759910967,1.757958333,0.386669122,12:28:25
48438,48438,48438,55,9.27734375,0,0,1.78470999,1.782888889,0.355838117,12:28:40
48447,48447,48447,62.14285714,0.732421875,0,0,1.803080873,2.118619048,0.386171387,12:28:55
48453,48453,48451,66.77777778,6.8359375,2,2,1.816818335,2.2314375,0.426277649,12:29:10
48459,48459,48459,57.68292683,0.244140625,0,0,1.653537782,1.969428571,0.386100386,12:29:25
48465,48465,48465,73.59649123,42.48046875,0,0,1.763294624,2.039875,0.402568772,12:29:40
48468,48468,48468,54.41176471,3.173828125,0,0,1.647171158,1.646117647,0.338470564,12:29:55
48477,48477,48477,55.5952381,5.126953125,0,0,1.89796135,1.896619048,0.4026614,12:30:10
48483,48483,48480,63.66666667,0.48828125,3,3,1.84174221,1.840333333,0.406219675,12:30:25
48489,48489,48489,57.73809524,11.71875,0,0,2.014852186,2.320619048,0.4026228,12:30:40
48495,48495,48495,74.52380952,0,0,0,2.044396514,2.31025,0.386107485,12:30:55
48498,48498,48498,61.31578947,6.591796875,0,0,2.191233055,2.543888889,0.355197727,12:31:10
48507,48507,48507,63.14285714,44.43359375,0,0,2.014637419,2.008809524,0.386093287,12:31:25
48513,48513,48510,67.22222222,28.07617188,3,3,1.915180885,1.910733333,0.426934845,12:31:40
48519,48519,48519,44.25925926,15.625,0,0,1.687274516,1.685333333,0.396151669,12:31:55
48525,48525,48525,75.47169811,14.40429688,0,0,1.673109314,1.671125,0.396151669,12:32:10
48528,48528,48528,56.82926829,0.48828125,0,0,1.66168328,2.0515,0.34723026,12:32:25
48537,48537,48537,41.48148148,49.31640625,0,0,1.545866923,1.967904762,0.3870611,12:32:40
48543,48543,48540,66.47727273,1.708984375,3,3,1.766372389,2.358133333,0.414698767,12:32:55
48549,48549,48549,56.09756098,15.38085938,0,0,1.876425777,1.96252381,0.394351386,12:33:10
48555,48555,48555,76.55737705,6.34765625,0,0,1.936569999,2.025652174,0.402321973,12:33:25
48558,48558,48558,68.28571429,10.49804688,0,0,2.13426527,2.131722222,0.338172964,12:33:40
48567,48567,48567,69.6875,0,0,0,1.986921678,1.985,0.402615081,12:33:55
48573,48573,48570,66.86046512,14.16015625,3,3,1.906544051,1.901866667,0.406027249,12:34:10
48579,48579,48579,55,7.8125,0,0,1.842470521,2.148904762,0.402499329,12:34:25
48585,48585,48585,83.14814815,9.27734375,0,0,1.943813652,2.249952381,0.386583705,12:34:40
48588,48588,48588,44.25925926,40.77148438,0,0,1.777155452,2.137444444,0.355880329,12:34:55
48597,48597,48597,63.15789474,30.2734375,0,0,1.743867128,1.742095238,0.386377436,12:35:10
48603,48603,48600,59.9,23.68164063,3,3,1.615338689,1.613466667,0.426509964,12:35:25
48606,48606,48606,68.59649123,23.68164063,0,0,1.88747255,1.885555556,0.380122562,12:35:40
48615,48615,48615,75.49019608,24.90234375,0,0,2.017270285,2.015666667,0.386057798,12:35:55
48618,48618,48618,43.5483871,46.63085938,0,0,1.805663026,1.803944444,0.355500782,12:36:10
48627,48627,48627,46.53846154,45.16601563,0,0,1.66306636,1.864047619,0.386576588,12:36:25
48633,48633,48630,64.04255319,54.19921875,3,3,1.692406724,1.893428571,0.460396325,12:36:40
48639,48639,48639,60.25641026,20.01953125,0,0,1.93700502,2.137142857,0.3869256,12:36:55
48645,48645,48645,69.27083333,3.662109375,0,0,1.851226716,1.848619048,0.402730899,12:37:10
48648,48648,48648,58.91891892,7.080078125,0,0,1.853421381,1.850111111,0.338310253,12:37:25
48657,48657,48657,64.66666667,5.37109375,0,0,1.902357234,1.899285714,0.402352806,12:37:40
48663,48663,48660,54.66666667,28.07617188,3,3,1.816251545,1.8144,0.405661228,12:37:55
48669,48669,48669,59.44444444,13.18359375,0,0,1.851296049,2.161,0.402468473,12:38:10
48675,48675,48675,80.77586207,0.9765625,0,0,1.904413709,2.175333333,0.386519666,12:38:25
48678,48678,48678,51.36363636,0,0,0,2.044862934,2.406722222,0.355846559,12:38:40
48687,48687,48687,67.7173913,2.685546875,0,0,2.001164456,1.99952381,0.386825818,12:38:55
48693,48693,48690,63.47826087,13.91601563,3,3,1.937168214,1.9352,0.427188153,12:39:10
48696,48696,48696,64.05405405,20.75195313,0,0,1.676012748,1.673166667,0.381579744,12:39:25
48705,48705,48705,64.03508772,8.544921875,0,0,1.654761016,1.651666667,0.386548125,12:39:40
48708,48708,48708,68.4375,16.6015625,0,0,1.487585653,1.481555556,0.35552606,12:39:55
48717,48717,48717,59.58333333,20.01953125,0,0,1.72646744,2.032714286,0.386263726,12:40:10
48723,48723,48720,55,41.015625,3,3,1.717835457,2.024333333,0.46000805,12:40:25
48729,48729,48729,56.42857143,7.8125,0,0,1.877876954,2.187142857,0.386398764,12:40:40
48735,48735,48735,75.28846154,5.37109375,0,0,1.810298773,2.080083333,0.402514759,12:40:55
48738,48738,48738,49.65517241,24.16992188,0,0,1.826216076,1.822555556,0.33848584,12:41:10
48747,48747,48747,57.56756757,19.77539063,0,0,1.593156421,1.589809524,0.402746347,12:41:25
48753,48753,48750,63.5106383,7.8125,3,3,1.531925159,1.528733333,0.406393931,12:41:40
48759,48759,48759,62.5,36.86523438,0,0,1.80823502,2.113380952,0.402684564,12:41:55
48765,48765,48765,70,7.8125,0,0,1.829381547,2.095958333,0.386569472,12:42:10
48768,48768,48768,51.4516129,10.49804688,0,0,1.732429418,2.088,0.355660937,12:42:25
48777,48777,48777,63.51351351,16.84570313,0,0,1.607748595,1.606095238,0.386562356,12:42:40
48783,48783,48780,65.22727273,19.04296875,3,3,1.655741009,1.6544,0.427046263,12:42:55
48786,48786,48786,73.5,7.568359375,0,0,1.817925571,1.817,0.427056395,12:43:10
48795,48795,48795,79.15254237,5.615234375,0,0,2.088231843,2.086047619,0.386811568,12:43:25
48798,48798,48798,59.73684211,2.9296875,0,0,2.103819984,2.101444444,0.355947889,12:43:40
48807,48807,48807,50.5,23.92578125,0,0,1.987484416,2.296952381,0.38654101,12:43:55
48813,48813,48810,71.42857143,0.48828125,3,3,1.973632629,2.282857143,0.459893458,12:44:10
48819,48819,48819,55.81395349,18.5546875,0,0,1.845826796,2.155095238,0.386349002,12:44:25
48825,48825,48825,76.42857143,4.8828125,0,0,1.836611993,2.106791667,0.402522474,12:44:40
48828,48828,48828,61.48648649,7.8125,0,0,1.92013568,1.917555556,0.338447653,12:44:55
48837,48837,48837,58.7,0,0,0,2.036179852,2.034761905,0.402676842,12:45:10
48843,48843,48840,56.5625,22.70507813,3,3,1.831817845,1.830866667,0.406494885,12:45:25
48849,48849,48849,54.25925926,50.78125,0,0,1.684293621,1.985095238,0.402831329,12:45:40
48855,48855,48855,76.51785714,5.615234375,0,0,1.717573083,1.980333333,0.386662002,12:45:55
48858,48858,48858,54.52380952,12.93945313,0,0,1.78266545,2.133333333,0.355627208,12:46:10
48867,48867,48867,72.6744186,0.732421875,0,0,1.73209273,1.730285714,0.386249517,12:46:25
48873,48873,48871,62.08333333,4.39453125,2,2,1.753916534,1.752875,0.426651497,12:46:40
48876,48876,48876,55,22.21679688,0,0,1.585141572,1.583333333,0.426641384,12:46:55
48885,48885,48885,62.125,20.5078125,0,0,1.427979835,1.425708333,0.386221102,12:47:10
48888,48888,48888,55.6097561,11.71875,0,0,1.200064061,1.196823529,0.355593486,12:47:25
48897,48897,48897,63.61111111,24.65820313,0,0,1.224831219,1.298095238,0.386718966,12:47:40
48903,48903,48901,63.02083333,0,2,2,1.36876937,1.439,0.460475825,12:47:55
48906,48906,48906,78,7.32421875,0,0,1.527162038,1.612222222,0.406210507,12:48:10
48915,48915,48915,67.73809524,55.90820313,0,0,1.689240259,1.685904762,0.402352806,12:48:25
48918,48918,48918,58.52941176,19.04296875,0,0,1.654945203,1.651470588,0.337837838,12:48:40
48927,48927,48927,65.34090909,12.45117188,0,0,1.82401924,1.819952381,0.40224491,12:48:55
48933,48933,48930,66.22222222,20.75195313,3,3,1.81565815,1.811238095,0.441225135,12:49:10
48939,48939,48939,59.35897436,7.8125,0,0,2.04451559,2.352904762,0.402406776,12:49:25
48945,48945,48945,75.24193548,39.30664063,0,0,2.060995425,2.33075,0.38661929,12:49:40
48948,48948,48948,64.02777778,17.33398438,0,0,2.035795134,2.399222222,0.356032375,12:49:55
48957,48957,48957,59.33333333,6.8359375,0,0,1.711328501,1.710047619,0.386533895,12:50:10
48963,48963,48960,61.7,0.48828125,3,3,1.574762104,1.573333333,0.381251925,12:50:25
48966,48966,48966,66,33.93554688,0,0,1.458491875,1.456611111,0.426570609,12:50:40
48975,48975,48975,71.20689655,1.220703125,0,0,1.75439049,1.752208333,0.386043605,12:50:55
48978,48978,48978,48.27586207,3.173828125,0,0,1.670982509,1.668333333,0.355441814,12:51:10
48987,48987,48987,52,6.591796875,0,0,1.761579028,1.759714286,0.386001029,12:51:25
48993,48993,48991,57.56410256,52.00195313,2,2,1.607524282,1.606545455,0.459743693,12:51:40
48996,48996,48996,73.0952381,11.71875,0,0,1.651093264,1.649944444,0.405880761,12:51:55
49005,49005,49005,75.546875,12.45117188,0,0,1.912844011,1.911238095,0.402715453,12:52:10
49008,49008,49008,45.42857143,0,0,0,1.929314199,1.926647059,0.338218715,12:52:25
49017,49017,49017,56.82926829,30.76171875,0,0,1.944063938,1.941095238,0.40226032,12:52:40
49023,49023,49020,65.5,0.48828125,3,3,1.88172044,1.878904762,0.441119709,12:52:55
49029,49029,49029,60.74074074,40.77148438,0,0,1.743285965,2.054380952,0.402275731,12:53:10
49035,49035,49035,76.22641509,10.7421875,0,0,1.778170275,2.101869565,0.38585918,12:53:25
49038,49038,49038,54.88095238,1.46484375,0,0,1.796348697,2.210111111,0.355265028,12:53:40
49047,49047,49047,64.86111111,12.6953125,0,0,1.728563786,1.769285714,0.38635611,12:53:55
49053,49053,49050,47.92682927,6.8359375,3,3,1.545048523,1.542666667,0.379096848,12:54:10
49056,49056,49056,64.46808511,12.20703125,0,0,1.448099559,1.445666667,0.42721857,12:54:25
49065,49065,49065,85.27272727,2.9296875,0,0,1.872257359,1.870095238,0.386476986,12:54:40
49068,49068,49068,65.29411765,28.56445313,0,0,2.01589256,2.013888889,0.355399706,12:54:55
49077,49077,49077,58.19444444,4.8828125,0,0,1.925456812,2.237857143,0.385993934,12:55:10
49083,49083,49080,71.19047619,10.7421875,3,3,1.931370899,2.244047619,0.459778923,12:55:25
49086,49086,49086,70.83333333,13.91601563,0,0,1.828115377,2.192833333,0.405204628,12:55:40
49095,49095,49095,78.53448276,20.26367188,0,0,2.035745514,2.309125,0.402113971,12:55:55
49098,49098,49098,65.81081081,5.126953125,0,0,2.164691066,2.162833333,0.33792917,12:56:10
49107,49107,49107,65.64516129,13.18359375,0,0,1.957633852,1.954809524,0.402568772,12:56:25
49113,49113,49110,63.78378378,23.19335938,3,3,1.84395837,1.84047619,0.44135496,12:56:40
49116,49116,49116,49.32432432,21.24023438,0,0,1.367032273,1.7325,0.426388724,12:56:55
49125,49125,49125,76.81818182,11.96289063,0,0,1.359779655,1.673904762,0.385901724,12:57:10
49128,49128,49128,44.23076923,32.47070313,0,0,1.316432616,1.683777778,0.355416548,12:57:25
49137,49137,49137,48.5,24.65820313,0,0,1.452744766,1.451142857,0.385823734,12:57:40
49143,49143,49140,68.29545455,0.48828125,3,3,1.677622806,1.676047619,0.440933309,12:57:55
49146,49146,49146,82.08333333,9.521484375,0,0,1.767837445,1.766166667,0.426277649,12:58:10
49155,49155,49155,62.31707317,3.41796875,0,0,1.755248785,1.75247619,0.386036508,12:58:25
49158,49158,49158,66.08108108,25.14648438,0,0,1.7717835,1.768666667,0.355694672,12:58:40
49167,49167,49167,63.06818182,6.8359375,0,0,1.787772648,2.038333333,0.386114584,12:58:55
49173,49173,49170,61.40625,27.58789063,3,3,1.610324123,1.860571429,0.45962043,12:59:10
49176,49176,49176,57.56756757,15.625,0,0,1.526702916,1.820444444,0.405095197,12:59:25
49185,49185,49185,74.31372549,24.4140625,0,0,1.557697318,1.748652174,0.402175578,12:59:40
49188,49188,49188,61.15384615,1.708984375,0,0,1.631307309,1.629722222,0.337685727,12:59:55
49197,49197,49197,58.91891892,1.220703125,0,0,1.877035165,1.875380952,0.402275731,12:00:10
49203,49203,49200,67.25,8.30078125,3,3,1.845970084,1.844380952,0.441338727,12:00:25
49206,49206,49206,79.03846154,0,0,0,1.957141452,2.318388889,0.426793124,12:00:40
49215,49215,49215,73.02083333,5.37109375,0,0,1.877791189,2.147708333,0.386150084,12:00:55
49218,49218,49218,64.86111111,0.244140625,0,0,1.994564492,2.355111111,0.355391286,12:01:10
49224,49224,49224,55.26315789,28.56445313,0,0,1.517058315,1.514611111,0.37715362,12:01:25
49233,49233,49230,65.42857143,9.521484375,3,3,1.398655693,1.396571429,0.440998126,12:01:40
49236,49236,49236,66.125,49.56054688,0,0,1.264394712,1.262833333,0.426388724,12:01:55
49245,49245,49245,67.45098039,5.126953125,0,0,1.383168775,1.381,0.385809557,12:02:10
49248,49248,49248,60.97222222,4.39453125,0,0,1.468000871,1.465666667,0.402175578,12:02:25
49257,49257,49257,49.23913043,5.615234375,0,0,1.558536802,1.555095238,0.386235309,12:02:40
49263,49263,49261,54.51612903,2.685546875,2,2,1.514220589,1.511227273,0.46016681,12:02:55
49266,49266,49266,60,8.7890625,0,0,1.29572624,1.292611111,0.405899066,12:03:10
49275,49275,49275,70.59322034,11.96289063,0,0,1.495849513,1.492,0.402360515,12:03:25
49278,49278,49278,67.35294118,1.220703125,0,0,1.696925334,1.692411765,0.337853056,12:03:40
49287,49287,49287,65.46875,4.8828125,0,0,1.904225534,1.898952381,0.402237205,12:03:55
49293,49293,49291,54.84848485,38.81835938,2,2,1.686649188,1.720545455,0.441062962,12:04:10
49296,49296,49296,68,3.173828125,0,0,1.573466088,1.862388889,0.426469543,12:04:25
49305,49305,49305,79.47368421,9.27734375,0,0,1.75526651,1.980391304,0.386079091,12:04:40
49308,49308,49308,57.02702703,8.7890625,0,0,1.992108502,2.248764706,0.35555977,12:04:55
49314,49314,49314,73.95348837,15.86914063,0,0,1.851949008,1.847277778,0.380010726,12:05:10
49323,49323,49321,60.3030303,5.859375,2,2,1.641963459,1.637909091,0.441338727,12:05:25
49326,49326,49326,38.75,6.34765625,0,0,1.162058545,1.157833333,0.426611049,12:05:40
49335,49335,49335,76.14754098,18.5546875,0,0,1.517600713,1.514809524,0.386050701,12:05:55
49338,49338,49338,42.5,14.89257813,0,0,1.361571353,1.358809524,0.402268025,12:06:10
49347,49347,49347,63.29787234,10.00976563,0,0,1.934001458,2.24647619,0.385944277,12:06:25
49353,49353,49351,66,23.19335938,2,2,1.775827977,2.074045455,0.459699663,12:06:40
49356,49356,49356,70.5952381,8.056640625,0,0,1.815064772,2.178777778,0.405533276,12:06:55
49365,49365,49365,79.43396226,11.71875,0,0,1.844185292,2.117666667,0.40246076,12:07:10
49368,49368,49368,70.28571429,1.220703125,0,0,1.977909725,1.974882353,0.338058642,12:07:25
49377,49377,49377,67.72727273,12.6953125,0,0,2.018319875,2.016761905,0.402345097,12:07:40
49383,49383,49380,69.65909091,25.14648438,3,3,2.034874155,2.033333333,0.441184581,12:07:55
49386,49386,49386,62.7173913,8.544921875,0,0,1.842090012,2.208055556,0.426479647,12:08:10
49395,49395,49395,79.18181818,22.21679688,0,0,1.774360499,2.048,0.386008125,12:08:25
49398,49398,49398,42.27272727,3.41796875,0,0,1.443875777,1.809166667,0.355467084,12:08:40
49404,49404,49401,68.21428571,25.63476563,3,3,1.338029111,1.3352,0.4265605,12:08:55
49413,49413,49410,74.34210526,26.85546875,3,3,1.736007825,1.734285714,0.440391214,12:09:10
49416,49416,49416,68.125,14.16015625,0,0,1.839423667,1.838,0.425541975,12:09:25
49425,49425,49425,78.50877193,0,0,0,2.019374758,2.018083333,0.385342312,12:09:40
49428,49428,49428,65.41666667,9.765625,0,0,2.037917207,2.036571429,0.402321973,12:09:55
49434,49434,49431,73.01886792,4.150390625,3,3,2.095744243,2.0944,0.405505869,12:10:10
49443,49443,49440,67.5,28.80859375,3,3,1.910204972,2.221857143,0.459849399,12:10:25
49446,49446,49446,64.78723404,7.080078125,0,0,1.678391928,2.041888889,0.405414536,12:10:40
49455,49455,49455,74.53125,13.91601563,0,0,1.700404488,1.972416667,0.40224491,12:10:55
49458,49458,49458,64.6875,2.197265625,0,0,1.805873727,1.804190476,0.385427182,12:11:10
49467,49467,49467,68.60465116,10.25390625,0,0,1.947805644,1.945761905,0.401706295,12:11:25
49473,49473,49470,66.52777778,10.49804688,3,3,1.964640123,1.962619048,0.440415459,12:11:40
49476,49476,49476,65.6,4.150390625,0,0,1.829243644,2.196611111,0.426378624,12:11:55
49485,49485,49485,63.46938776,4.638671875,0,0,1.557259553,1.832708333,0.385894632,12:12:10
49488,49488,49488,58.08823529,7.32421875,0,0,1.4314951,1.799444444,0.315974197,12:12:25
49494,49494,49491,69.20454545,45.8984375,3,3,1.228332479,1.227266667,0.426499858,12:12:40
49503,49503,49500,62.27272727,20.75195313,3,3,1.534649991,1.533571429,0.441079174,12:12:55
49506,49506,49506,64.66666667,8.7890625,0,0,1.56566545,1.5645,0.426449335,12:13:10
49515,49515,49515,64.77777778,40.28320313,0,0,1.619469288,1.617583333,0.385490858,12:13:25
49518,49518,49518,57.76315789,3.662109375,0,0,1.529504799,1.52747619,0.401775465,12:13:40
49524,49524,49521,78.21428571,0.244140625,3,3,1.570563598,1.568,0.404612583,12:13:55
49533,49533,49530,61.14285714,60.05859375,3,3,1.60411912,1.918761905,0.45962043,12:14:10
49536,49536,49536,72.64150943,25.63476563,0,0,1.866811469,2.234055556,0.405104314,12:14:25
49545,49545,49545,70.4,10.7421875,0,0,1.791077231,2.066166667,0.402190983,12:14:40
49548,49548,49548,47.36111111,40.0390625,0,0,1.658761155,1.655619048,0.385830822,12:14:55
49554,49554,49554,56.97674419,9.27734375,0,0,1.250465963,1.247166667,0.426408926,12:15:10
49563,49563,49560,70.48780488,28.3203125,3,3,1.351683645,1.349047619,0.440536721,12:15:25
49566,49566,49566,75.56818182,8.056640625,0,0,1.431728374,1.807555556,0.425874225,12:15:40
49575,49575,49575,72.1,5.859375,0,0,1.735342537,2.05652381,0.385420108,12:15:55
49578,49578,49578,46.71875,15.86914063,0,0,1.668385342,1.989285714,0.385420108,12:16:10
49584,49584,49584,74.8,12.93945313,0,0,1.58230547,1.579277778,0.426338228,12:16:25
49593,49593,49590,67.90697674,26.3671875,3,3,1.514655152,1.512190476,0.440925208,12:16:40
49596,49596,49596,81.25,9.521484375,0,0,1.799846489,1.798444444,0.42642913,12:16:55
49605,49605,49605,69.4,18.31054688,0,0,1.776250426,1.774809524,0.385937184,12:17:10
49608,49608,49608,53.77777778,23.4375,0,0,1.944399931,1.943,0.402275731,12:17:25
49614,49614,49611,81.875,1.46484375,3,3,1.855049673,1.853533333,0.404912944,12:17:40
49623,49623,49620,69.41860465,16.11328125,3,3,1.845991412,2.165380952,0.459321353,12:17:55
49626,49626,49626,59.88095238,23.19335938,0,0,1.732530339,2.105611111,0.404521653,12:18:10
49635,49635,49635,78.06122449,5.126953125,0,0,1.588649778,1.867875,0.401944646,12:18:25
49638,49638,49638,63.20512821,8.30078125,0,0,1.620474355,1.619,0.385632437,12:18:40
49644,49644,49641,77.74509804,18.5546875,3,3,1.758515216,1.7564,0.426439232,12:18:55
49653,49653,49650,72.43902439,34.66796875,3,3,2.002883803,1.998285714,0.441168361,12:19:10
49656,49656,49656,76.73076923,10.7421875,0,0,2.134594453,2.495055556,0.426611049,12:19:25
49659,49659,49659,70.75757576,21.484375,0,0,2.120875327,2.481388889,0.316019625,12:19:40
49668,49668,49668,57.19512195,1.46484375,0,0,2.001560407,2.31252381,0.38571035,12:19:55
49674,49674,49671,79.3877551,25.63476563,3,3,1.924020854,1.917066667,0.42602542,12:20:10
49683,49683,49680,64.09090909,0.244140625,3,3,1.961016018,1.956,0.440504378,12:20:25
49686,49686,49686,67.35849057,4.39453125,0,0,2.016853294,2.012380952,0.402044684,12:20:40
49695,49695,49695,64.24528302,41.9921875,0,0,1.781209337,1.778833333,0.385731604,12:20:55
49698,49698,49698,59.05405405,40.28320313,0,0,1.750558705,1.748,0.402221797,12:21:10
49704,49704,49701,73.92156863,14.16015625,3,3,1.724204642,1.721066667,0.405195507,12:21:25
49713,49713,49710,65.65217391,42.96875,3,3,1.93800841,2.251571429,0.459646838,12:21:40
49716,49716,49716,58,0.244140625,0,0,1.84212115,2.208333333,0.404894727,12:21:55
49725,49725,49725,80.38461538,16.84570313,0,0,1.802141329,2.075916667,0.401975422,12:22:10
49728,49728,49728,51.75,19.77539063,0,0,1.740319703,1.737190476,0.385512089,12:22:25
49734,49734,49732,77.1,0.732421875,2,2,1.829598449,1.8275625,0.426217087,12:22:40
49743,49743,49740,59.55882353,0.244140625,3,3,1.728889903,1.726571429,0.440641868,12:22:55
49746,49746,49746,78.43137255,1.220703125,0,0,1.787128863,2.154222222,0.426176721,12:23:10
49749,49749,49749,60.13157895,9.27734375,0,0,1.835805452,2.224764706,0.355155677,12:23:25
49758,49758,49758,55.35714286,6.34765625,0,0,1.571820988,1.885952381,0.385809557,12:23:40
49764,49764,49761,69.875,8.544921875,3,3,1.342366676,1.340266667,0.426570609,12:23:55
49773,49773,49770,73.25,40.77148438,3,3,1.551251607,1.546285714,0.440755161,12:24:10
49776,49776,49776,60.13513514,6.8359375,0,0,1.635144011,1.630666667,0.401883109,12:24:25
49779,49779,49779,60.81081081,18.5546875,0,0,1.760994861,1.755944444,0.337131684,12:24:40
49788,49788,49788,48.18181818,15.625,0,0,1.694358273,1.692380952,0.402006202,12:24:55
49794,49794,49791,74.71153846,0.244140625,3,3,1.894957898,1.893066667,0.404867406,12:25:10
49803,49803,49800,66.44444444,22.70507813,3,3,1.952685477,2.267666667,0.459594025,12:25:25
49806,49806,49806,72.5,6.8359375,0,0,1.933668764,2.248761905,0.385887541,12:25:40
49815,49815,49815,76.27272727,5.615234375,0,0,1.884853153,2.16,0.402306558,12:25:55
49818,49818,49818,52.36111111,15.625,0,0,1.788664566,1.786238095,0.385625356,12:26:10
49824,49824,49822,67.875,8.056640625,2,2,1.483823667,1.4815625,0.425954849,12:26:25
49833,49833,49830,62.73809524,32.71484375,3,3,1.506119474,1.503666667,0.440399295,12:26:40
49836,49836,49836,66.30434783,18.79882813,0,0,1.393563777,1.764111111,0.378112718,12:26:55
49839,49839,49839,57.43902439,24.65820313,0,0,1.621687085,2.013823529,0.355122044,12:27:10
49848,49848,49848,57.64705882,33.69140625,0,0,1.805414822,2.12152381,0.385604113,12:27:25
49854,49854,49854,69.41176471,28.80859375,0,0,1.762875512,1.759333333,0.426328131,12:27:40
49863,49863,49860,65,19.77539063,3,3,1.760842568,1.757666667,0.441022437,12:27:55
49866,49866,49866,71.70454545,10.00976563,0,0,1.691488718,1.688857143,0.402306558,12:28:10
49869,49869,49869,49.2,6.591796875,0,0,1.593975382,1.592,0.337473002,12:28:25
49878,49878,49878,43.26923077,39.55078125,0,0,1.196331056,1.194142857,0.401921568,12:28:40
49884,49884,49881,73.90243902,4.150390625,3,3,0.858125077,0.851866667,0.404567113,12:28:55
49893,49893,49891,71,0.244140625,2,2,1.212906214,1.514090909,0.459400482,12:29:10
49896,49896,49896,64.24242424,0.48828125,0,0,1.312459541,1.625809524,0.385575793,12:29:25
49899,49899,49899,57.19512195,14.40429688,0,0,1.557457652,1.927,0.355281857,12:29:40
49908,49908,49908,65.27027027,4.638671875,0,0,1.619749097,1.615714286,0.385922999,12:29:55
49914,49914,49911,73.43137255,23.19335938,3,3,1.863863201,1.861933333,0.426580719,12:30:10
49923,49923,49920,64.09090909,7.568359375,3,3,1.881375195,1.878952381,0.440819925,12:30:25
49926,49926,49926,74.81132075,17.82226563,0,0,2.031857216,2.350666667,0.38571035,12:30:40
49929,49929,49929,58.46153846,22.4609375,0,0,2.016491192,2.389,0.355046393,12:30:55
49938,49938,49938,57.56410256,1.953125,0,0,2.108983715,2.426809524,0.385363526,12:31:10
49944,49944,49941,66.66666667,14.6484375,3,3,2.006798958,2.0022,0.426096014,12:31:25
49953,49953,49950,63,20.99609375,3,3,1.914791171,1.911095238,0.4407066,12:31:40
49956,49956,49956,78.17307692,15.86914063,0,0,1.882383554,1.880571429,0.402198686,12:31:55
49959,49959,49959,48.26923077,36.62109375,0,0,1.744746937,1.742833333,0.337731346,12:32:10
49968,49968,49968,53.03030303,66.65039063,0,0,1.72259849,1.720666667,0.402291144,12:32:25
49974,49974,49974,73.7,31.00585938,0,0,1.531959396,1.703277778,0.404922053,12:32:40
49983,49983,49981,63.33333333,35.88867188,2,2,1.642951769,1.782590909,0.459312562,12:32:55
49986,49986,49986,58.75,16.6015625,0,0,1.525065864,1.670571429,0.385384742,12:33:10
49989,49989,49989,60.94594595,13.42773438,0,0,1.544266411,1.540533333,0.355113636,12:33:25
49998,49998,49998,58.04878049,5.37109375,0,0,1.561842047,1.556857143,0.385625356,12:33:40
50004,50004,50001,74.02173913,18.06640625,3,3,1.706848767,1.700866667,0.426368525,12:33:55
50007,50007,50007,66.4893617,2.9296875,0,0,1.797981509,1.789611111,0.380201819,12:34:10
50016,50016,50016,73.57142857,10.00976563,0,0,2.056983322,2.362714286,0.385937184,12:34:25
50019,50019,50019,21.2,49.31640625,0,0,1.830980781,2.190611111,0.355483932,12:34:40
50028,50028,50028,59.87179487,15.38085938,0,0,1.691957471,2.043,0.385682014,12:34:55
50034,50034,50031,72.70833333,0,3,3,1.64588083,1.997333333,0.401898492,12:35:10
50043,50043,50040,67.44186047,20.26367188,3,3,1.905961908,1.944047619,0.440270032,12:35:25
50046,50046,50046,68.63636364,22.94921875,0,0,1.958969131,1.95652381,0.401844658,12:35:40
50049,50049,50049,61.02564103,14.16015625,0,0,1.985702673,1.983111111,0.337018064,12:35:55
50058,50058,50058,51.875,24.65820313,0,0,2.00900357,2.006190476,0.401913876,12:36:10
50064,50064,50061,82.0212766,11.47460938,3,3,2.149636747,2.146866667,0.405049619,12:36:25
50073,50073,50071,66.19047619,38.33007813,2,2,2.056706233,2.352909091,0.459849399,12:36:40
50076,50076,50076,57.05882353,0.244140625,0,0,1.788427659,2.099285714,0.385646601,12:36:55
50079,50079,50079,53.75,20.5078125,0,0,1.724380647,2.087555556,0.354895188,12:37:10
50088,50088,50088,67.57142857,17.08984375,0,0,1.496848536,1.494095238,0.385151493,12:37:25
50094,50094,50091,69.89130435,6.34765625,3,3,1.602637652,1.599666667,0.380824657,12:37:40
50097,50097,50097,72.97619048,7.568359375,0,0,1.698314386,1.695277778,0.425954849,12:37:55
50106,50106,50106,66.77083333,28.80859375,0,0,1.897883952,2.219190476,0.385144429,12:38:10
50109,50109,50109,55.5952381,15.86914063,0,0,1.9681232,2.339833333,0.354903585,12:38:25
50118,50118,50118,58.84615385,12.93945313,0,0,1.818913515,2.137095238,0.385540399,12:38:40
50124,50124,50124,67.96296296,25.14648438,0,0,1.731841951,2.010166667,0.402275731,12:38:55
50127,50127,50127,57.89473684,7.568359375,0,0,1.733127402,1.731388889,0.404703555,12:39:10
50136,50136,50136,76.22641509,27.58789063,0,0,1.764761407,1.763428571,0.401729349,12:39:25
50139,50139,50139,61.66666667,13.18359375,0,0,1.845858594,1.844333333,0.336707895,12:39:40
50148,50148,50148,65.14705882,3.90625,0,0,1.925774189,1.923857143,0.401721664,12:39:55
50154,50154,50151,73.60465116,10.49804688,3,3,2.017320582,2.015095238,0.385045564,12:40:10
50157,50157,50157,48.21428571,6.34765625,0,0,1.795442132,2.169111111,0.425894378,12:40:25
50166,50166,50166,78.07692308,5.859375,0,0,1.776286431,2.096047619,0.385512089,12:40:40
50169,50169,50169,48.5483871,11.96289063,0,0,1.674033386,2.048277778,0.355366027,12:40:55
50178,50178,50178,58.29268293,15.38085938,0,0,1.641397088,1.639380952,0.385391815,12:41:10
50184,50184,50182,70.54347826,1.46484375,2,2,1.609123776,1.607409091,0.385391815,12:41:25
50187,50187,50187,68.97435897,11.47460938,0,0,1.629437798,1.627388889,0.425733207,12:41:40
50196,50196,50196,70.78431373,3.41796875,0,0,1.933029028,2.253666667,0.384967919,12:41:55
50199,50199,50199,44.13793103,26.3671875,0,0,1.816939215,2.213294118,0.354869999,12:42:10
50208,50208,50208,56.51162791,1.708984375,0,0,1.899442523,2.220285714,0.384946749,12:42:25
50214,50214,50211,75.7,9.521484375,3,3,1.883078407,2.205619048,0.401667878,12:42:40
50217,50217,50217,72.38636364,4.39453125,0,0,2.122685831,2.120833333,0.4045853,12:42:55
50226,50226,50226,70.56603774,0.732421875,0,0,1.96604819,1.963095238,0.40224491,12:43:10
50229,50229,50229,57.36111111,8.7890625,0,0,1.891009671,1.887333333,0.337177153,12:43:25
50238,50238,50238,61.66666667,11.23046875,0,0,1.7924071,1.78952381,0.401675561,12:43:40
50244,50244,50241,69.375,24.16992188,3,3,1.720946994,1.718380952,0.384939693,12:43:55
50247,50247,50247,59.33962264,10.00976563,0,0,1.774594898,2.151944444,0.425793632,12:44:10
50256,50256,50256,73.27272727,0.9765625,0,0,1.938653334,2.261571429,0.384890306,12:44:25
50259,50259,50259,59.32432432,11.96289063,0,0,2.093632544,2.470888889,0.354710556,12:44:40
50265,50265,50265,64.57446809,31.00585938,0,0,1.778045945,1.772611111,0.379930477,12:44:55
50274,50274,50271,71.66666667,43.45703125,3,3,1.742872805,1.737904762,0.385151493,12:45:10
50277,50277,50277,56.57142857,29.296875,0,0,1.486841181,1.480722222,0.426176721,12:45:25
50286,50286,50286,68.83928571,9.765625,0,0,1.780888233,2.104904762,0.385151493,12:45:40
50289,50289,50289,44.21875,28.80859375,0,0,1.730047289,2.054190476,0.401629468,12:45:55
50295,50295,50295,76.53061224,2.44140625,0,0,1.728463704,2.154833333,0.403913473,12:46:10
50304,50304,50302,74.3,22.4609375,2,2,1.578891837,1.928090909,0.401698611,12:46:25
50307,50307,50307,59.18604651,18.06640625,0,0,1.65265244,1.697833333,0.403922537,12:46:40
50316,50316,50316,69.18367347,7.080078125,0,0,1.748088368,1.74552381,0.40163715,12:46:55
50319,50319,50319,57.56097561,8.30078125,0,0,1.940484807,1.938142857,0.395264357,12:47:10
50325,50325,50325,62.60416667,9.765625,0,0,1.731653366,1.729444444,0.391523945,12:47:25
50334,50334,50331,67.67857143,8.544921875,3,3,1.802570326,2.147428571,0.395644146,12:47:40
50337,50337,50337,50.46875,6.8359375,0,0,1.603490172,1.974111111,0.426186812,12:47:55
50346,50346,50346,73.36956522,4.39453125,0,0,1.834145979,2.152047619,0.376728917,12:48:10
50349,50349,50349,55.23809524,7.568359375,0,0,1.81899519,1.790047619,0.393892786,12:48:25
50355,50355,50355,72.74509804,8.30078125,0,0,1.838564219,1.837333333,0.413717018,12:48:40
50364,50364,50361,65.11111111,24.65820313,3,3,1.76673968,1.765333333,0.393162713,12:48:55
50367,50367,50367,64.25531915,19.04296875,0,0,1.792731056,1.791222222,0.425531915,12:49:10
50376,50376,50376,70,16.84570313,0,0,1.629386058,1.953904762,0.384742223,12:49:25
50379,50379,50379,63.78378378,1.46484375,0,0,1.624893501,1.94952381,0.401660195,12:49:40
50385,50385,50385,71.13207547,21.72851563,0,0,1.558985606,1.9375,0.404140192,12:49:55
50394,50394,50394,71.63265306,10.7421875,0,0,1.583018469,1.866541667,0.401860038,12:50:10
50397,50397,50397,74.21875,5.37109375,0,0,1.578300057,1.576166667,0.404485292,12:50:25
50406,50406,50406,61.30952381,21.72851563,0,0,1.576212175,1.574285714,0.40195234,12:50:40
50409,50409,50409,53.38709677,37.35351563,0,0,1.641040906,1.638761905,0.385391815,12:50:55
50415,50415,50415,75.17241379,17.33398438,0,0,1.740364037,1.737166667,0.426085927,12:51:10
50424,50424,50421,66.88888889,7.32421875,3,3,1.514222353,1.511333333,0.384840932,12:51:25
50427,50427,50427,60,17.578125,0,0,1.769846144,2.1545,0.425300664,12:51:40
50436,50436,50436,72.95918367,20.99609375,0,0,1.756540518,2.086619048,0.384756321,12:51:55
50439,50439,50439,49.6969697,13.671875,0,0,1.801181985,2.130619048,0.384756321,12:52:10
50445,50445,50445,71.63793103,59.32617188,0,0,1.827041102,1.824277778,0.425975009,12:52:25
50454,50454,50452,73.43137255,6.34765625,2,2,1.742867545,1.74,0.385215078,12:52:40
50457,50457,50457,61.09756098,20.5078125,0,0,1.79693125,1.793722222,0.425954849,12:52:55
50466,50466,50466,78.62745098,10.49804688,0,0,1.804328129,2.122190476,0.385292823,12:53:10
50469,50469,50469,64.85294118,10.49804688,0,0,1.883619324,2.199428571,0.40195234,12:53:25
50475,50475,50475,65.88888889,50.29296875,0,0,1.687382178,2.057111111,0.403931601,12:53:40
50484,50484,50481,67.625,12.20703125,3,3,1.505871407,1.822714286,0.401399163,12:53:55
50487,50487,50487,73,8.7890625,0,0,1.443575425,1.442,0.403732281,12:54:10
50496,50496,50496,73.625,9.033203125,0,0,1.603171065,1.601666667,0.401783152,12:54:25
50499,50499,50499,30,23.68164063,0,0,1.533417482,1.531619048,0.385045564,12:54:40
50505,50505,50505,70.83333333,26.85546875,0,0,1.487878162,1.486222222,0.425803704,12:54:55
50514,50514,50514,62.55813953,16.6015625,0,0,1.385124441,1.5715,0.385102052,12:55:10
50517,50517,50517,59.48717949,5.37109375,0,0,1.612406861,1.861722222,0.425944769,12:55:25
50523,50523,50520,70.12820513,3.90625,3,3,1.682644742,1.982066667,0.425954849,12:55:40
50529,50529,50529,63.42105263,18.5546875,0,0,1.739787372,1.95152381,0.384692887,12:55:55
50535,50535,50535,81.22807018,8.544921875,0,0,2.008754849,2.005333333,0.425230333,12:56:10
50544,50544,50543,72.59615385,0.732421875,1,1,1.937576769,1.931869565,0.384657655,12:56:25
50547,50547,50547,59.42857143,11.23046875,0,0,1.970240234,1.96552381,0.401813903,12:56:40
50553,50553,50550,50,5.859375,3,3,1.639342066,1.633266667,0.404448938,12:56:55
50559,50559,50559,59.5,7.8125,0,0,1.659926929,1.975571429,0.401975422,12:57:10
50565,50565,50565,70.71428571,37.109375,0,0,1.60871295,1.980055556,0.404812774,12:57:25
50574,50574,50571,71.19565217,9.033203125,3,3,1.58924686,1.906761905,0.402121671,12:57:40
50577,50577,50577,75.83333333,6.8359375,0,0,1.717586713,1.71452381,0.384904415,12:57:55
50586,50586,50586,78.92156863,10.25390625,0,0,1.844838327,1.838095238,0.401261106,12:58:10
50589,50589,50589,60.27027027,3.90625,0,0,2.019230016,2.012047619,0.384115893,12:58:25
50595,50595,50595,79.83333333,0.244140625,0,0,2.113784693,2.105222222,0.425170068,12:58:40
50604,50604,50604,70.29411765,23.19335938,0,0,1.960209795,1.955708333,0.384692887,12:58:55
50607,50607,50607,56.85714286,31.25,0,0,1.874574076,1.870666667,0.376898386,12:59:10
50613,50613,50610,68.0952381,21.484375,3,3,1.836619174,1.834066667,0.426015337,12:59:25
50619,50619,50619,54.03225806,1.220703125,0,0,1.821013289,1.818571429,0.385328171,12:59:40
50625,50625,50625,86.02040816,28.80859375,0,0,2.008011803,2.002333333,0.426065756,12:59:55
50634,50634,50634,64.13043478,0.244140625,0,0,1.786295135,1.781583333,0.385059684,12:00:10
50637,50637,50637,63.28947368,4.8828125,0,0,1.741021354,1.735761905,0.401598745,12:00:25
50643,50643,50640,73.15789474,44.67773438,3,3,1.755229547,1.753133333,0.403859098,12:00:40
50649,50649,50649,63.4375,35.15625,0,0,1.77507327,2.098142857,0.401683244,12:00:55
50655,50655,50655,75,2.197265625,0,0,1.976751704,2.354333333,0.404040404,12:01:10
50664,50664,50661,69.43396226,0,3,3,1.919593283,2.243095238,0.401760092,12:01:25
50667,50667,50667,67.03703704,5.859375,0,0,1.790236595,1.788904762,0.385102052,12:01:40
50673,50673,50670,67.61904762,10.98632813,3,3,1.748864747,1.747333333,0.425924611,12:01:55
50679,50679,50679,67,30.76171875,0,0,1.766590248,1.760095238,0.384925581,12:02:10
50685,50685,50685,65,1.46484375,0,0,1.771624829,1.764333333,0.425572158,12:02:25
50688,50688,50688,51.5,13.18359375,0,0,1.636196284,1.6285,0.315527101,12:02:40
50697,50697,50697,59.375,2.9296875,0,0,1.669263702,1.749714286,0.384735174,12:02:55
50703,50703,50701,57.96875,4.39453125,2,2,1.458732646,1.564375,0.425662733,12:03:10
50709,50709,50709,60.94594595,16.6015625,0,0,1.542414376,1.623095238,0.384890306,12:03:25
50715,50715,50715,78.59649123,18.79882813,0,0,1.677029244,1.675380952,0.401729349,12:03:40
50724,50724,50721,68.08510638,10.00976563,3,3,1.793200455,1.79235,0.385215078,12:03:55
50727,50727,50727,67.12765957,2.9296875,0,0,1.971877572,1.970857143,0.401975422,12:04:10
50733,50733,50730,71.97368421,21.484375,3,3,1.930292085,1.929133333,0.404076685,12:04:25
50739,50739,50739,63.88888889,7.568359375,0,0,1.747750983,2.075238095,0.401491253,12:04:40
50745,50745,50745,77.76595745,12.6953125,0,0,1.630700738,2.012333333,0.403650797,12:04:55
50754,50754,50751,70.81395349,23.4375,3,3,1.590055074,1.916333333,0.401614106,12:05:10
50757,50757,50757,66.59574468,15.38085938,0,0,1.817046171,1.814285714,0.384953806,12:05:25
50763,50763,50760,70.51282051,29.54101563,3,3,1.923871761,1.9212,0.425884301,12:05:40
50769,50769,50769,58.41463415,4.638671875,0,0,1.873421423,1.870095238,0.385208012,12:05:55
50775,50775,50775,72.71929825,1.220703125,0,0,1.902572236,1.899222222,0.380059939,12:06:10
50778,50778,50778,60.12820513,6.8359375,0,0,1.912773486,1.909888889,0.355021183,12:06:25
50787,50787,50787,48.18181818,43.9453125,0,0,1.765762121,1.762904762,0.384960862,12:06:40
50793,50793,50790,68.7804878,50.29296875,3,3,1.718679189,1.714333333,0.425511796,12:06:55
50799,50799,50799,52.33333333,24.90234375,0,0,1.542317579,1.536333333,0.384721077,12:07:10
50805,50805,50805,76.8852459,27.09960938,0,0,1.706519254,1.70052381,0.401644831,12:07:25
50808,50808,50808,57.43589744,8.544921875,0,0,1.767804358,1.763222222,0.336390751,12:07:40
50817,50817,50817,57.17948718,0.9765625,0,0,1.63771113,1.635380952,0.401468227,12:07:55
50823,50823,50820,58.33333333,20.01953125,3,3,1.482342523,1.480133333,0.404267266,12:08:10
50829,50829,50829,55.11904762,6.34765625,0,0,1.504865623,1.819857143,0.402160175,12:08:25
50835,50835,50835,73.7037037,7.32421875,0,0,1.664318592,1.948956522,0.385158557,12:08:40
50838,50838,50838,62.5,0.48828125,0,0,1.809098802,2.174,0.354559637,12:08:55
50847,50847,50847,70.22727273,4.150390625,0,0,1.995240468,1.989857143,0.384714029,12:09:10
50853,50853,50850,64.76744186,34.91210938,3,3,2.072335881,2.069533333,0.425733207,12:09:25
50859,50859,50859,61.75675676,5.37109375,0,0,2.070724798,2.067571429,0.38499615,12:09:40
50865,50865,50865,63.75,50.78125,0,0,1.894073801,1.891208333,0.38499615,12:09:55
50868,50868,50868,50.17241379,13.42773438,0,0,1.658534195,1.655777778,0.354886791,12:10:10
50877,50877,50877,60.47619048,6.103515625,0,0,1.624927544,1.941190476,0.385200946,12:10:25
50883,50883,50880,70.6097561,12.6953125,3,3,1.749324773,2.194066667,0.426055671,12:10:40
50889,50889,50889,57.43902439,3.90625,0,0,1.916462644,2.233238095,0.384967919,12:10:55
50895,50895,50895,70.625,22.4609375,0,0,1.817784651,2.094791667,0.390886755,12:11:10
50898,50898,50898,58.75,7.8125,0,0,1.836799932,1.834888889,0.336307789,12:11:25
50907,50907,50907,64.89130435,4.638671875,0,0,1.933250031,1.931047619,0.390901307,12:11:40
50913,50913,50910,69.87804878,0.48828125,3,3,2.085825748,2.083266667,0.403705116,12:11:55
50919,50919,50919,55,23.92578125,0,0,2.028922643,2.352952381,0.401629468,12:12:10
50925,50925,50925,63.81818182,9.27734375,0,0,1.889446959,2.172916667,0.385087928,12:12:25
50928,50928,50928,62.43589744,13.91601563,0,0,1.881465354,2.260888889,0.355063201,12:12:40
50937,50937,50937,52.91666667,16.11328125,0,0,1.794818925,1.793142857,0.395204848,12:12:55
50943,50943,50941,56.33333333,72.265625,2,2,1.555292701,1.5534375,0.425371018,12:13:10
50949,50949,50949,63.24324324,12.6953125,0,0,1.350131883,1.348,0.394699746,12:13:25
50955,50955,50955,69.51923077,10.49804688,0,0,1.300645106,1.296541667,0.384418247,12:13:40
50958,50958,50958,42.16666667,50.29296875,0,0,1.335062306,1.330470588,0.354517738,12:13:55
50967,50967,50967,60.83333333,16.6015625,0,0,1.603171258,1.684380952,0.38441121,12:14:10
50973,50973,50970,59.86842105,24.65820313,3,3,1.533516902,1.650866667,0.425360966,12:14:25
50976,50976,50976,68.24074074,0,0,0,1.714812846,1.812055556,0.41726552,12:14:40
50985,50985,50985,79.03508772,9.765625,0,0,1.906298346,1.904380952,0.391287335,12:14:55
50988,50988,50988,54.28571429,21.72851563,0,0,1.832925236,1.829888889,0.347705146,12:15:10
50997,50997,50997,70.34090909,2.685546875,0,0,1.96038139,1.957761905,0.390748563,12:15:25
51003,51003,51000,72.89473684,0.244140625,3,3,1.975876837,1.972714286,0.45096676,12:15:40
51006,51006,51006,75.37037037,3.662109375,0,0,2.117616922,2.502833333,0.411456786,12:15:55
51015,51015,51015,78.18181818,16.6015625,0,0,1.976496972,2.300041667,0.394640407,12:16:10
51018,51018,51018,52.39130435,9.765625,0,0,1.918810024,2.351444444,0.342943369,12:16:25
51027,51027,51027,47.14285714,9.765625,0,0,1.673240478,1.708761905,0.395167664,12:16:40
51033,51033,51030,62.36111111,2.685546875,3,3,1.721160068,1.756428571,0.439802089,12:16:55
51036,51036,51036,76.30434783,14.6484375,0,0,1.551685012,1.545833333,0.425964929,12:17:10
51045,51045,51045,74.27272727,20.75195313,0,0,1.718904293,1.716238095,0.384784521,12:17:25
51048,51048,51048,49.21875,34.1796875,0,0,1.766291043,1.761388889,0.354442344,12:17:40
51057,51057,51057,60.66666667,28.07617188,0,0,1.76117389,1.977619048,0.384298655,12:17:55
51063,51063,51061,55,0.244140625,2,2,1.545995202,1.751909091,0.458680529,12:18:10
51066,51066,51066,70,0.732421875,0,0,1.498087016,1.751666667,0.416406413,12:18:25
51075,51075,51075,69.71698113,7.080078125,0,0,1.463172252,1.660434783,0.390668601,12:18:40
51078,51078,51078,61.44736842,14.89257813,0,0,1.679554403,1.674764706,0.347576235,12:18:55
51087,51087,51087,60.72916667,8.30078125,0,0,1.856437222,1.853666667,0.391229018,12:19:10
51093,51093,51090,62.74193548,44.921875,3,3,1.776240568,1.772285714,0.451543715,12:19:25
51096,51096,51096,69.09090909,13.18359375,0,0,1.701329476,2.085555556,0.411456786,12:19:40
51105,51105,51105,60.67307692,23.4375,0,0,1.60895949,1.894958333,0.394573673,12:19:55
51108,51108,51108,70.13888889,9.765625,0,0,1.68116559,2.064555556,0.34284147,12:20:10
51117,51117,51117,63.71794872,10.7421875,0,0,1.746462467,1.742238095,0.394595915,12:20:25
51123,51123,51120,57.71428571,28.80859375,3,3,1.641019418,1.63647619,0.439118104,12:20:40
51126,51126,51126,68.80434783,13.91601563,0,0,1.59672787,1.594055556,0.425260472,12:20:55
51135,51135,51135,80,13.18359375,0,0,1.681125415,1.679434783,0.384580167,12:21:10
51138,51138,51138,36.71875,25.87890625,0,0,1.515630399,1.514222222,0.354794456,12:21:25
51144,51144,51141,72.45454545,0.244140625,3,3,1.659954967,1.658333333,0.416850003,12:21:40
51153,51153,51150,71.125,5.859375,3,3,1.939664646,2.270380952,0.446428571,12:21:55
51156,51156,51156,65.26315789,10.00976563,0,0,1.815127947,2.201222222,0.416416046,12:22:10
51165,51165,51165,61.5625,0,0,0,1.637582918,1.926958333,0.383022963,12:22:25
51168,51168,51168,60.39473684,13.671875,0,0,1.601211273,1.599904762,0.395718701,12:22:40
51174,51174,51171,63.72340426,0.244140625,3,3,1.609414571,1.607933333,0.412758834,12:22:55
51183,51183,51180,49.55882353,9.765625,3,3,1.592085944,1.59047619,0.440213504,12:23:10
51186,51186,51186,74.55357143,6.103515625,0,0,1.783759003,2.172166667,0.411165426,12:23:25
51195,51195,51195,69.45454545,24.4140625,0,0,1.782299273,2.073041667,0.394714584,12:23:40
51198,51198,51198,52.59259259,4.8828125,0,0,1.571691252,1.904095238,0.384368994,12:23:55
51204,51204,51202,76.53061224,0.244140625,2,2,1.57811241,1.5760625,0.425592283,12:24:10
51213,51213,51210,49.45945946,13.18359375,3,3,1.584895784,1.582333333,0.439504093,12:24:25
51216,51216,51216,67.7,6.103515625,0,0,1.672368877,1.669555556,0.425391124,12:24:40
51225,51225,51225,60.10869565,48.828125,0,0,1.551108571,1.548086957,0.384383065,12:24:55
51228,51228,51228,53.92857143,9.033203125,0,0,1.528474045,1.525238095,0.390683137,12:25:10
51234,51234,51231,72.73584906,26.12304688,3,3,1.707171941,1.7052,0.416975537,12:25:25
51243,51243,51240,62.77777778,3.41796875,3,3,1.841973204,2.167,0.446702775,12:25:40
51246,51246,51246,70.83333333,3.662109375,0,0,2.155442995,2.535388889,0.417246175,12:25:55
51255,51255,51255,80.10204082,1.708984375,0,0,2.042892333,2.326875,0.390872203,12:26:10
51258,51258,51258,60.65789474,17.33398438,0,0,2.005794575,2.003666667,0.395004138,12:26:25
51264,51264,51261,64.02439024,4.39453125,3,3,1.73127019,1.729133333,0.41144738,12:26:40
51273,51273,51270,63.57142857,9.033203125,3,3,1.831733221,1.830380952,0.451238084,12:26:55
51276,51276,51276,71.52542373,3.662109375,0,0,1.951898738,2.335944444,0.411485004,12:27:10
51285,51285,51285,80.70175439,4.150390625,0,0,2.147734011,2.434833333,0.394210734,12:27:25
51288,51288,51288,63.85714286,28.07617188,0,0,2.168796431,2.496619048,0.383870142,12:27:40
51294,51294,51291,68.01886792,0.244140625,3,3,2.145273962,2.142666667,0.424548328,12:27:55
51303,51303,51300,66.30952381,4.150390625,3,3,2.123387566,2.120761905,0.438004161,12:28:10
51306,51306,51306,72.16981132,5.126953125,0,0,2.048191866,2.045333333,0.424568356,12:28:25
51309,51309,51309,51.66666667,9.033203125,0,0,1.898979329,1.896111111,0.346820809,12:28:40
51318,51318,51318,49.46428571,1.953125,0,0,1.707244421,1.704666667,0.390857653,12:28:55
51324,51324,51321,66.14583333,0.244140625,3,3,1.48051396,1.4784,0.417091482,12:29:10
51333,51333,51330,67.10526316,4.150390625,3,3,1.824647727,2.152190476,0.446578095,12:29:25
51336,51336,51336,71.79487179,10.00976563,0,0,1.727446375,2.053952381,0.394521783,12:29:40
51339,51339,51339,60.13157895,30.51757813,0,0,1.941605556,2.323,0.342434481,12:29:55
51348,51348,51348,63.88888889,6.103515625,0,0,1.811580146,1.808428571,0.394418046,12:30:10
51354,51354,51351,71.76470588,4.150390625,3,3,1.937523251,1.935,0.411372155,12:30:25
51363,51363,51361,45.60606061,55.6640625,2,2,1.753519302,1.791272727,0.450975234,12:30:40
51366,51366,51366,63.33333333,2.44140625,0,0,1.741557967,2.004571429,0.384214282,12:30:55
51369,51369,51369,60,43.21289063,0,0,1.61639063,1.923777778,0.35426655,12:31:10
51378,51378,51378,50.5,25.63476563,0,0,1.254696276,1.517666667,0.38428459,12:31:25
51384,51384,51382,74.69387755,0.244140625,2,2,1.411861336,1.409375,0.425481622,12:31:40
51393,51393,51390,43.88888889,26.3671875,3,3,1.410338751,1.405333333,0.439150244,12:31:55
51396,51396,51396,76.63636364,10.49804688,0,0,1.699506641,1.695,0.390523301,12:32:10
51399,51399,51399,59.02777778,18.79882813,0,0,1.818569515,1.813470588,0.346244402,12:32:25
51408,51408,51408,58.21428571,15.625,0,0,1.79992593,2.157142857,0.382179515,12:32:40
51414,51414,51414,64.625,0.48828125,0,0,1.571019897,1.961,0.415992605,12:32:55
51423,51423,51420,74.05405405,11.96289063,3,3,1.485668694,1.820190476,0.446611336,12:33:10
51426,51426,51426,78.30188679,0.732421875,0,0,1.614451181,1.948285714,0.384066718,12:33:25
51429,51429,51429,49.03225806,32.95898438,0,0,1.693494944,1.690266667,0.342270394,12:33:40
51438,51438,51438,24.80769231,20.75195313,0,0,1.738607744,1.735333333,0.392839104,12:33:55
51444,51444,51444,75.65217391,21.484375,0,0,1.456302902,1.452944444,0.409509726,12:34:10
51447,51447,51447,49.64285714,17.33398438,0,0,1.452638892,1.449388889,0.423379984,12:34:25
51456,51456,51456,73.18181818,10.25390625,0,0,1.570418889,1.92252381,0.381825124,12:34:40
51459,51459,51459,58.625,18.31054688,0,0,1.954177661,2.4486,0.353074098,12:34:55
51468,51468,51468,50.6,1.953125,0,0,2.027390775,2.510571429,0.382890275,12:35:10
51474,51474,51471,72.98076923,19.28710938,3,3,2.028031556,2.511380952,0.390334572,12:35:25
51477,51477,51477,60.32608696,26.3671875,0,0,1.921232469,2.070388889,0.416146484,12:35:40
51486,51486,51486,77.85714286,3.173828125,0,0,1.919302234,1.917047619,0.390479732,12:35:55
51489,51489,51489,62.63157895,2.9296875,0,0,2.097879859,2.095111111,0.345478834,12:36:10
51498,51498,51498,68.33333333,10.00976563,0,0,2.151866204,2.150666667,0.389105058,12:36:25
51504,51504,51501,63.69047619,22.21679688,3,3,1.987054334,1.985619048,0.392743595,12:36:40
51507,51507,51507,61.28571429,20.5078125,0,0,1.702330077,2.099666667,0.410621407,12:36:55
51516,51516,51516,69.23076923,18.5546875,0,0,1.625460613,1.964761905,0.394136747,12:37:10
51519,51519,51519,56.82926829,6.103515625,0,0,1.705056794,2.101388889,0.342567429,12:37:25
51528,51528,51528,66.18421053,10.49804688,0,0,1.736342119,1.732428571,0.394366197,12:37:40
51534,51534,51532,59.67391304,2.44140625,2,2,1.645741306,1.641545455,0.383940325,12:37:55
51537,51537,51537,73.08823529,7.568359375,0,0,1.564418423,1.557388889,0.424949242,12:38:10
51546,51546,51546,70.96491228,3.90625,0,0,1.66111421,1.997238095,0.383519614,12:38:25
51549,51549,51549,59.16666667,19.53125,0,0,1.760716436,2.178352941,0.353790273,12:38:40
51555,51555,51555,79.29824561,6.103515625,0,0,1.821844373,2.216833333,0.41534947,12:38:55
51564,51564,51561,72.93478261,25.390625,3,3,1.856153126,2.192571429,0.390146026,12:39:10
51567,51567,51567,75.34090909,14.40429688,0,0,1.890907623,1.883833333,0.415742794,12:39:25
51576,51576,51576,75.09615385,3.662109375,0,0,1.733633355,1.729333333,0.390291046,12:39:40
51579,51579,51579,48.87096774,39.79492188,0,0,1.777114134,1.774619048,0.394210734,12:39:55
51585,51585,51585,74.91803279,13.42773438,0,0,1.73618863,1.730944444,0.410930758,12:40:10
51594,51594,51592,72.05128205,20.99609375,2,2,1.790732254,1.785636364,0.394011032,12:40:25
51597,51597,51597,44.62962963,29.296875,0,0,1.618490324,1.798055556,0.410630774,12:40:40
51606,51606,51606,80,22.21679688,0,0,1.748646598,1.905571429,0.393974073,12:40:55
51609,51609,51609,60.94594595,14.89257813,0,0,1.734740842,1.891714286,0.383554638,12:41:10
51615,51615,51615,73.81818182,11.96289063,0,0,2.097316505,2.095944444,0.424909117,12:41:25
51624,51624,51621,65.12195122,8.056640625,3,3,1.759964458,1.758285714,0.383603683,12:41:40
51627,51627,51627,68.10810811,49.56054688,0,0,1.545485119,1.543555556,0.424708603,12:41:55
51636,51636,51636,76.81034483,1.46484375,0,0,1.734872221,2.064095238,0.383933305,12:42:10
51639,51639,51639,65.28571429,31.00585938,0,0,1.898837855,2.227714286,0.390595938,12:42:25
51645,51645,51645,69.31372549,18.06640625,0,0,1.958441971,2.342277778,0.415954153,12:42:40
51654,51654,51651,80.76086957,41.9921875,3,3,1.779158197,2.107142857,0.389921459,12:42:55
51657,51657,51657,68.57142857,5.859375,0,0,1.628295366,1.624944444,0.415311137,12:43:10
51666,51666,51666,72.5,8.7890625,0,0,1.858416308,1.852857143,0.390088048,12:43:25
51669,51669,51669,65.28571429,6.34765625,0,0,2.061714399,2.05647619,0.394084972,12:43:40
51675,51675,51675,68.17307692,8.056640625,0,0,1.888056206,1.8835,0.410874478,12:43:55
51684,51684,51681,68.81818182,26.12304688,3,3,1.923482246,1.922571429,0.394373603,12:44:10
51687,51687,51687,70.68181818,18.79882813,0,0,1.923538321,2.310777778,0.411005823,12:44:25
51693,51693,51691,58.23529412,0.244140625,2,2,1.851021306,2.28675,0.42509978,12:44:40
51699,51699,51699,56.30952381,4.150390625,0,0,1.823221944,2.154428571,0.383729854,12:44:55
51705,51705,51705,73.84615385,19.53125,0,0,1.58514091,1.582833333,0.424708603,12:45:10
51714,51714,51711,77.04081633,27.09960938,3,3,1.815842119,1.8132,0.383624705,12:45:25
51717,51717,51717,73.29545455,6.591796875,0,0,1.930290924,1.92747619,0.390254781,12:45:40
51723,51723,51720,53.33333333,2.44140625,3,3,1.808299088,1.8056,0.415656391,12:45:55
51729,51729,51729,57.30769231,1.220703125,0,0,1.622415335,1.962238095,0.389979387,12:46:10
51735,51735,51735,81.51785714,0.244140625,0,0,1.543116542,2.035,0.416108003,12:46:25
51744,51744,51744,69.89361702,49.07226563,0,0,1.67441783,2.042666667,0.390595938,12:46:40
51747,51747,51747,45.16129032,12.45117188,0,0,1.645216389,1.723380952,0.394469908,12:46:55
51753,51753,51750,75.94594595,38.33007813,3,3,1.65347897,1.6432,0.410715101,12:47:10
51759,51759,51759,58.46153846,15.625,0,0,1.669871686,1.658761905,0.39392973,12:47:25
51765,51765,51765,80.42372881,3.173828125,0,0,2.020122732,2.008277778,0.410621407,12:47:40
51774,51774,51772,83.40425532,49.31640625,2,2,1.850784787,1.888818182,0.393619614,12:47:55
51777,51777,51777,53.06451613,10.25390625,0,0,1.737992117,2.008428571,0.383190701,12:48:10
51783,51783,51780,63.19444444,17.08984375,3,3,1.453492718,1.835933333,0.424358158,12:48:25
51789,51789,51789,58.29268293,0.9765625,0,0,1.701453948,1.973666667,0.383835061,12:48:40
51795,51795,51795,79.46428571,8.056640625,0,0,1.866135158,1.862777778,0.425592283,12:48:55
51798,51798,51798,41.29032258,30.02929688,0,0,1.765003487,1.762333333,0.346957185,12:49:10
51807,51807,51807,69.4047619,4.8828125,0,0,1.919976894,1.918761905,0.390073557,12:49:25
51813,51813,51810,72.36111111,0.244140625,3,3,1.875572104,1.8738,0.415397397,12:49:40
51819,51819,51819,55.34482759,6.34765625,0,0,1.756824848,2.096142857,0.390037332,12:49:55
51825,51825,51825,86.2962963,17.578125,0,0,1.778138387,2.07425,0.393841076,12:50:10
51828,51828,51828,54.28571429,24.4140625,0,0,1.646933482,2.0425,0.342192312,12:50:25
51837,51837,51837,71.21621622,2.197265625,0,0,1.873165825,1.869380952,0.394314362,12:50:40
51843,51843,51841,59.13043478,0.244140625,2,2,1.845150776,1.8415625,0.411165426,12:50:55
51849,51849,51849,47.5,13.91601563,0,0,1.74772789,1.744714286,0.394314362,12:51:10
51855,51855,51855,66.03448276,2.9296875,0,0,1.651176614,1.649625,0.383814015,12:51:25
51858,51858,51858,59.47368421,14.40429688,0,0,1.662771844,1.660941176,0.353848694,12:51:40
51867,51867,51867,65.3125,5.615234375,0,0,1.723222643,2.057809524,0.383554638,12:51:55
51873,51873,51870,62.23684211,13.42773438,3,3,1.868326115,2.336866667,0.424929178,12:52:10
51876,51876,51876,67.60416667,23.4375,0,0,1.729206221,2.119666667,0.41519618,12:52:25
51885,51885,51885,72.35294118,5.37109375,0,0,1.809070131,2.100541667,0.389805654,12:52:40
51888,51888,51888,46.96969697,4.638671875,0,0,1.59745059,1.594055556,0.346436325,12:52:55
51897,51897,51897,72.27272727,0.244140625,0,0,1.811262662,1.808380952,0.390675869,12:53:10
51903,51903,51900,55.71428571,40.0390625,3,3,1.684245542,1.681238095,0.450746549,12:53:25
51909,51909,51909,59.18918919,1.708984375,0,0,1.850719125,2.191952381,0.390001114,12:53:40
51915,51915,51915,72.25490196,22.70507813,0,0,1.765405755,2.138458333,0.393745078,12:53:55
51918,51918,51918,65.83333333,8.544921875,0,0,1.793067299,2.291,0.342083058,12:54:10
51927,51927,51927,67.8125,2.197265625,0,0,1.80147875,1.885761905,0.393752461,12:54:25
51933,51933,51930,68.15789474,18.06640625,3,3,1.889580012,1.888066667,0.410546483,12:54:40
51936,51936,51936,65.72916667,39.79492188,0,0,1.718387387,1.716055556,0.424658504,12:54:55
51945,51945,51945,81.63636364,30.2734375,0,0,1.958944948,1.956958333,0.383828045,12:55:10
51948,51948,51948,67.14285714,23.4375,0,0,1.931545249,1.929333333,0.354408846,12:55:25
51957,51957,51957,73.95348837,20.99609375,0,0,2.150709058,2.488142857,0.383912249,12:55:40
51963,51963,51960,68.53658537,0.244140625,3,3,2.142273483,2.479666667,0.445806631,12:55:55
51966,51966,51966,79.81481481,8.30078125,0,0,2.150220856,2.543444444,0.415522057,12:56:10
51975,51975,51975,78.6440678,1.220703125,0,0,2.137206424,2.431791667,0.390044577,12:56:25
51978,51978,51978,43.59375,37.109375,0,0,1.986036684,1.983333333,0.346228418,12:56:40
51987,51987,51987,49.86842105,7.080078125,0,0,1.719361284,1.717333333,0.390109788,12:56:55
51993,51993,51990,64.72972973,43.9453125,3,3,1.647484654,1.64452381,0.45046736,12:57:10
51996,51996,51996,72,20.5078125,0,0,1.594520366,1.982444444,0.410987054,12:57:25
52005,52005,52005,72.22222222,14.89257813,0,0,1.586101481,1.889217391,0.394092368,12:57:40
52008,52008,52008,44.21875,38.57421875,0,0,1.554506607,1.943833333,0.342083058,12:57:55
52017,52017,52017,78.33333333,4.8828125,0,0,1.686563076,1.684333333,0.393781995,12:58:10
52023,52023,52021,59.5,19.04296875,2,2,1.468784377,1.465954545,0.438196093,12:58:25
52026,52026,52026,72.97619048,17.33398438,0,0,1.639356404,1.634222222,0.424828888,12:58:40
52035,52035,52035,67.9,19.28710938,0,0,1.621058099,1.617416667,0.383386581,12:58:55
52038,52038,52038,61.85714286,29.296875,0,0,1.767863903,1.764294118,0.353740213,12:59:10
52044,52044,52041,77.70833333,25.87890625,3,3,1.857351992,1.856,0.41572359,12:59:25
52053,52053,52050,71.31578947,38.81835938,3,3,1.88526404,2.216619048,0.445964026,12:59:40
52056,52056,52056,75.72727273,15.86914063,0,0,2.035357779,2.421388889,0.416213841,12:59:55
52065,52065,52065,78.72727273,10.7421875,0,0,1.892324828,2.180666667,0.390204021,12:00:10
52068,52068,52068,47,17.08984375,0,0,1.739909126,1.736857143,0.394136747,12:00:25
52074,52074,52071,76.93877551,20.26367188,3,3,1.631811152,1.629266667,0.410546483,12:00:40
52083,52083,52081,66.09756098,50.78125,2,2,1.841094098,1.878727273,0.450146298,12:00:55
52086,52086,52086,57.5,10.49804688,0,0,1.762128273,2.075722222,0.410452866,12:01:10
52095,52095,52095,83.09090909,4.39453125,0,0,1.83411846,2.068833333,0.394181136,12:01:25
52098,52098,52098,47.5,8.7890625,0,0,1.716543404,1.984904762,0.383659749,12:01:40
52104,52104,52101,62.04545455,29.296875,3,3,1.77289883,1.771266667,0.425139942,12:01:55
52113,52113,52111,70.92105263,0.244140625,2,2,1.761020527,1.759409091,0.438821034,12:02:10
52116,52116,52116,71.78571429,3.662109375,0,0,1.663770772,1.661944444,0.424989375,12:02:25
52119,52119,52119,51.78571429,20.26367188,0,0,1.823912546,1.822388889,0.346596423,12:02:40
52128,52128,52128,45.76923077,19.53125,0,0,1.483531749,1.482047619,0.389993872,12:02:55
52134,52134,52131,80.95744681,13.42773438,3,3,1.533705263,1.5326,0.415742794,12:03:10
52143,52143,52140,46.75675676,17.578125,3,3,1.548126157,1.884142857,0.445881173,12:03:25
52146,52146,52146,79.81132075,13.671875,0,0,1.786789807,2.122619048,0.394277346,12:03:40
52155,52155,52155,71.63636364,3.173828125,0,0,1.733541704,2.026416667,0.390254781,12:03:55
52158,52158,52158,64.86111111,1.220703125,0,0,1.690371933,1.687809524,0.394366197,12:04:10
52164,52164,52162,56.2195122,11.71875,2,2,1.436428596,1.433625,0.410846343,12:04:25
52173,52173,52170,65.73170732,32.95898438,3,3,1.545532192,1.543190476,0.450475815,12:04:40
52176,52176,52176,65.86538462,10.7421875,0,0,1.444896422,1.838333333,0.410649511,12:04:55
52179,52179,52179,60.8974359,4.638671875,0,0,1.716300575,2.133294118,0.353999009,12:05:10
52188,52188,52188,53.78787879,8.544921875,0,0,1.741261426,2.078666667,0.383582662,12:05:25
52194,52194,52191,75.1,11.96289063,3,3,1.766481378,1.763466667,0.424798811,12:05:40
52203,52203,52200,65.12195122,40.52734375,3,3,1.773113472,1.769809524,0.438436244,12:05:55
52206,52206,52206,72.34693878,9.765625,0,0,1.852289281,1.849238095,0.390196771,12:06:10
52209,52209,52209,55,8.30078125,0,0,1.906802726,1.904777778,0.346748653,12:06:25
52218,52218,52218,62.23684211,6.34765625,0,0,2.055762108,2.054190476,0.390218522,12:06:40
52224,52224,52221,78.80434783,8.056640625,3,3,2.177694283,2.1762,0.415963765,12:06:55
52233,52233,52230,64.84848485,17.33398438,3,3,1.877740957,2.214761905,0.44579007,12:07:10
52236,52236,52236,79.33962264,6.103515625,0,0,1.845376961,2.182,0.394084972,12:07:25
52239,52239,52239,41.77419355,43.70117188,0,0,1.612444192,2.004555556,0.342286014,12:07:40
52248,52248,52248,63.91891892,0.9765625,0,0,1.900278049,1.896952381,0.394240336,12:07:55
52254,52254,52251,71.63461538,50.78125,3,3,1.928196505,1.9256,0.410818213,12:08:10
52263,52263,52260,72.97297297,26.61132813,3,3,2.01557116,2.013380952,0.450678835,12:08:25
52266,52266,52266,72.59615385,37.35351563,0,0,1.969527265,2.304380952,0.383750891,12:08:40
52269,52269,52269,64.86486486,4.8828125,0,0,1.924512054,2.313722222,0.354099289,12:08:55
52278,52278,52278,57.38095238,6.34765625,0,0,2.003487216,2.335380952,0.383750891,12:09:10
52284,52284,52282,78.26086957,38.81835938,2,2,1.933271264,1.927125,0.424889057,12:09:25
52287,52287,52287,56.46341463,26.12304688,0,0,1.815840214,1.811722222,0.416059913,12:09:40
52296,52296,52296,75.53191489,3.41796875,0,0,1.860280745,1.858714286,0.390088048,12:09:55
52299,52299,52299,64,5.37109375,0,0,1.847052462,1.841823529,0.346772702,12:10:10
52308,52308,52308,37.22222222,11.96289063,0,0,1.617339701,1.612285714,0.390269286,12:10:25
52314,52314,52311,64.90909091,5.615234375,3,3,1.588125167,1.583047619,0.394477318,12:10:40
52317,52317,52317,52.96875,52.97851563,0,0,1.382887614,1.773444444,0.410865099,12:10:55
52326,52326,52326,70.86956522,37.35351563,0,0,1.450716218,1.783047619,0.394306959,12:11:10
52329,52329,52329,52.06521739,10.7421875,0,0,1.619266446,2.008111111,0.34222354,12:11:25
52338,52338,52338,68.08823529,15.625,0,0,1.719432784,1.715333333,0.394232935,12:11:40
52344,52344,52344,54.42857143,26.85546875,0,0,1.480073123,1.47825,0.38377193,12:11:55
52347,52347,52347,68.18181818,6.103515625,0,0,1.436652981,1.434944444,0.42499941,12:12:10
52356,52356,52356,83.55769231,0.48828125,0,0,1.644537197,1.985,0.383456587,12:12:25
52359,52359,52359,63.125,4.150390625,0,0,2.011025879,2.488733333,0.353690167,12:12:40
52365,52365,52365,73.79032258,9.033203125,0,0,2.061446276,2.567666667,0.414880376,12:12:55
52374,52374,52371,72.23684211,0.244140625,3,3,2.02064742,2.454904762,0.389660995,12:13:10
52377,52377,52377,56.89189189,39.79492188,0,0,1.73027892,1.835388889,0.415589213,12:13:25
52386,52386,52386,80.09433962,7.8125,0,0,1.730205487,1.727047619,0.390392623,12:13:40
52389,52389,52389,53.27586207,29.54101563,0,0,1.600374537,1.597190476,0.39450696,12:13:55
52398,52398,52398,54.75609756,7.080078125,0,0,1.943935331,1.938952381,0.390312808,12:14:10
52404,52404,52401,72.55102041,35.15625,3,3,1.952392563,1.947428571,0.393892786,12:14:25
52407,52407,52407,64.14634146,24.90234375,0,0,2.02999524,2.427833333,0.410331228,12:14:40
52416,52416,52416,71.31147541,0,0,0,1.86104288,2.202761905,0.392875851,12:14:55
52419,52419,52419,63.82352941,8.544921875,0,0,1.835770344,2.237666667,0.341335761,12:15:10
52425,52425,52425,60.11111111,14.40429688,0,0,1.524015644,1.521833333,0.42360915,12:15:25
52434,52434,52432,62.375,66.16210938,2,2,1.577390178,1.575272727,0.382729775,12:15:40
52437,52437,52437,59.76744186,18.06640625,0,0,1.38595763,1.383611111,0.42474869,12:15:55
52446,52446,52446,80.09803922,0.732421875,0,0,1.791252853,2.128714286,0.383533623,12:16:10
52449,52449,52449,63,0,0,0,1.776644089,2.114095238,0.390160523,12:16:25
52455,52455,52455,78.22033898,15.38085938,0,0,2.060091063,2.562444444,0.415186603,12:16:40
52464,52464,52461,68.69047619,48.828125,3,3,1.93363658,2.36352381,0.389769479,12:16:55
52467,52467,52467,55.17857143,5.37109375,0,0,1.666313485,1.771333333,0.41464145,12:17:10
52476,52476,52476,71.63636364,8.7890625,0,0,1.682976327,1.679047619,0.389755011,12:17:25
52479,52479,52479,58.15789474,0,0,0,1.671338389,1.668238095,0.393494229,12:17:40
52485,52485,52485,75.56603774,8.056640625,0,0,1.953643517,1.950833333,0.410640142,12:17:55
52494,52494,52491,75,4.638671875,3,3,1.889973785,1.887761905,0.393907563,12:18:10
52497,52497,52497,69.45652174,20.26367188,0,0,1.903177176,2.297055556,0.410705729,12:18:25
52503,52503,52500,64.16666667,0.244140625,3,3,1.9819101,2.4554,0.424758713,12:18:40
52509,52509,52509,55,7.568359375,0,0,2.012574384,2.349714286,0.383211679,12:18:55
52515,52515,52515,80.90909091,2.9296875,0,0,2.110217228,2.108388889,0.42429814,12:19:10
52524,52524,52521,63.47826087,37.84179688,3,3,1.944235051,1.942142857,0.382778608,12:19:25
52527,52527,52527,73.85714286,10.98632813,0,0,1.836172521,1.834142857,0.389682687,12:19:40
52533,52533,52531,66.42857143,39.0625,2,2,1.495539422,1.5505625,0.415100431,12:19:55
52539,52539,52539,48.38235294,24.4140625,0,0,1.492662996,1.759857143,0.390153275,12:20:10
52545,52545,52545,65.24390244,3.662109375,0,0,1.29289282,1.604833333,0.415771603,12:20:25
52554,52554,52551,78.5106383,10.7421875,3,3,1.509205447,1.7433,0.390189521,12:20:40
52557,52557,52557,54.83870968,15.38085938,0,0,1.412403194,1.409238095,0.393767227,12:20:55
52563,52563,52560,55.33333333,10.25390625,3,3,1.673322875,1.670066667,0.410349937,12:21:10
52569,52569,52569,60.65789474,9.765625,0,0,1.749281056,1.745809524,0.393361555,12:21:25
52575,52575,52575,78.92857143,9.27734375,0,0,1.907177255,1.904166667,0.41023771,12:21:40
52584,52584,52581,82.09302326,32.2265625,3,3,1.932407075,1.928857143,0.393575351,12:21:55
52587,52587,52587,72.72727273,8.544921875,0,0,2.081873589,2.419428571,0.383148753,12:22:10
52593,52593,52590,48.44827586,33.93554688,3,3,1.840374178,2.313333333,0.424698582,12:22:25
52599,52599,52599,57.80487805,7.8125,0,0,1.855947795,2.192952381,0.38356865,12:22:40
52605,52605,52605,72.09090909,34.42382813,0,0,1.728302688,1.7245,0.424889057,12:22:55
52608,52608,52608,62.10526316,11.96289063,0,0,1.941215732,1.936166667,0.346292363,12:23:10
52617,52617,52617,72.61904762,12.93945313,0,0,1.782738667,1.777952381,0.389892501,12:23:25
52623,52623,52620,59.88095238,44.18945313,3,3,1.733046935,1.729,0.415426158,12:23:40
52629,52629,52629,56.875,16.84570313,0,0,1.625661303,1.963,0.390095295,12:23:55
52635,52635,52635,72.14285714,4.8828125,0,0,1.680152211,1.975416667,0.3939519,12:24:10
52638,52638,52638,63.94736842,7.8125,0,0,1.628598327,2.023055556,0.3421767,12:24:25
52647,52647,52647,68.85416667,0.9765625,0,0,1.73779536,1.736333333,0.394033211,12:24:40
52653,52653,52650,60.85365854,34.1796875,3,3,1.897473311,1.895933333,0.410761963,12:24:55
52659,52659,52659,68.33333333,0,0,0,1.909265724,1.907047619,0.393804148,12:25:10
52665,52665,52664,80.3125,4.8828125,1,1,1.981483612,1.979043478,0.383358586,12:25:25
52668,52668,52668,60.875,13.18359375,0,0,1.950969772,1.948333333,0.35366515,12:25:40
52677,52677,52677,75,71.53320313,0,0,1.968058179,2.312714286,0.382946132,12:25:55
52683,52683,52680,55.80645161,29.54101563,3,3,1.905894893,2.3585,0.424268137,12:26:10
52689,52689,52689,57.5,13.18359375,0,0,1.842531654,2.185952381,0.383246647,12:26:25
52695,52695,52695,72.12765957,14.6484375,0,0,1.751394943,2.051458333,0.390138778,12:26:40
52698,52698,52698,58.29268293,0.244140625,0,0,1.771493325,1.767277778,0.346628461,12:26:55
52707,52707,52707,71.63043478,6.103515625,0,0,1.747832922,1.744619048,0.390225773,12:27:10
52713,52713,52710,61.07142857,32.71484375,3,3,1.861294987,1.8572,0.415665989,12:27:25
52719,52719,52719,61.44736842,10.49804688,0,0,1.937768869,2.279095238,0.38989974,12:27:40
52725,52725,52725,80.35714286,3.173828125,0,0,2.125336046,2.499791667,0.393804148,12:27:55
52728,52728,52728,51.875,12.45117188,0,0,2.106558089,2.607,0.342153285,12:28:10
52737,52737,52737,59.1025641,16.35742188,0,0,1.805708898,1.89047619,0.393863236,12:28:25
52743,52743,52740,55,51.26953125,3,3,1.548870486,1.546466667,0.410462226,12:28:40
52746,52746,52746,78.1,28.3203125,0,0,1.673807599,1.671444444,0.42457837,12:28:55
52755,52755,52755,70.10204082,32.47070313,0,0,1.792456828,1.790652174,0.383659749,12:29:10
52758,52758,52758,65.78947368,4.39453125,0,0,1.906271772,1.904722222,0.35426655,12:29:25
52767,52767,52767,65.55555556,31.98242188,0,0,1.65495697,1.996666667,0.383596675,12:29:40
52773,52773,52770,61.80555556,23.4375,3,3,1.597058611,1.938809524,0.445607976,12:29:55
52776,52776,52776,75.89285714,15.625,0,0,1.708636995,2.106277778,0.415177027,12:30:10
52785,52785,52785,75.91666667,18.06640625,0,0,1.968271446,2.264666667,0.38981289,12:30:25
52788,52788,52788,62.36842105,3.90625,0,0,2.176755541,2.172388889,0.34606866,12:30:40
52797,52797,52797,68.5,9.521484375,0,0,2.101887559,2.098714286,0.389950421,12:30:55
52803,52803,52800,64.75,45.41015625,3,3,2.086414072,2.083285714,0.450492726,12:31:10
52806,52806,52806,70.9,8.30078125,0,0,1.900372377,2.287444444,0.410968287,12:31:25
52815,52815,52815,63.03571429,29.05273438,0,0,1.801797317,2.091458333,0.394195934,12:31:40
52818,52818,52818,53.75,16.11328125,0,0,1.758606796,2.145388889,0.34201286,12:31:55
52827,52827,52827,71.52173913,12.6953125,0,0,1.908222492,1.905380952,0.393619614,12:32:10
52833,52833,52830,60.6097561,24.90234375,3,3,1.910917189,1.908142857,0.437844346,12:32:25
52836,52836,52836,67.94117647,21.97265625,0,0,1.931405846,1.928222222,0.424378168,12:32:40
52845,52845,52845,81.36363636,16.6015625,0,0,1.977677123,1.974458333,0.383372583,12:32:55
52848,52848,52848,47.79411765,5.126953125,0,0,1.781457702,1.778833333,0.354107649,12:33:10
52854,52854,52851,73.53658537,21.72851563,3,3,1.783195428,1.7808,0.416252341,12:33:25
52863,52863,52860,57.96296296,10.25390625,3,3,1.699279761,2.032380952,0.445988887,12:33:40
52866,52866,52866,74.9122807,20.75195313,0,0,1.804306007,2.193277778,0.415992605,12:33:55
52875,52875,52875,81.49122807,1.953125,0,0,1.994028525,2.28575,0.389950421,12:34:10
52878,52878,52878,45,11.96289063,0,0,1.791483795,1.79,0.39400364,12:34:25
52884,52884,52884,55,49.31640625,0,0,1.563309912,1.561444444,0.41061204,12:34:40
52893,52893,52890,44.71428571,9.27734375,3,3,1.454131111,1.449904762,0.450256083,12:34:55
52896,52896,52896,79.09090909,3.41796875,0,0,1.565216438,1.959222222,0.410434148,12:35:10
52905,52905,52905,69.13461538,1.708984375,0,0,1.698873964,2.036952381,0.394299555,12:35:25
52908,52908,52908,40.57142857,1.46484375,0,0,1.568276911,1.905952381,0.383729854,12:35:40
52914,52914,52914,72.66666667,23.68164063,0,0,1.441643997,1.438277778,0.425220288,12:35:55
52923,52923,52920,55.86206897,10.00976563,3,3,1.482054118,1.478857143,0.438636571,12:36:10
52926,52926,52926,68.7,7.8125,0,0,1.530324686,1.527,0.424698582,12:36:25
52929,52929,52929,52,8.30078125,0,0,1.527363799,1.525466667,0.346276375,12:36:40
52938,52938,52938,47.27272727,7.32421875,0,0,1.584768296,1.583333333,0.389870786,12:36:55
52944,52944,52941,72.6744186,3.662109375,3,3,1.754358705,1.7532,0.415522057,12:37:10
52953,52953,52950,59.35897436,1.46484375,3,3,1.730455062,2.069047619,0.445699005,12:37:25
52956,52956,52956,76.25,11.23046875,0,0,1.725538221,2.063,0.394373603,12:37:40
52965,52965,52964,79.9122807,3.173828125,1,1,1.833770995,2.141782609,0.39035634,12:37:55
52968,52968,52968,42.57142857,27.58789063,0,0,1.838124155,1.835666667,0.394247738,12:38:10
52974,52974,52971,69.42307692,16.11328125,3,3,1.81133675,1.809666667,0.410378004,12:38:25
52983,52983,52980,57.44186047,27.58789063,3,3,2.012199307,2.010333333,0.450036565,12:38:40
52986,52986,52986,79.09090909,30.2734375,0,0,1.995090426,2.391777778,0.410368648,12:38:55
52989,52989,52989,49.21875,1.220703125,0,0,1.828264956,2.225444444,0.353790273,12:39:10
52998,52998,52998,62.36842105,7.568359375,0,0,1.563851384,1.903714286,0.383036936,12:39:25
53004,53004,53001,72.76595745,11.96289063,3,3,1.524472585,1.522,0.424278138,12:39:40
53013,53013,53010,60.66666667,24.90234375,3,3,1.782805283,1.779666667,0.438388193,12:39:55
53016,53016,53016,73.33333333,18.79882813,0,0,1.979659572,1.976857143,0.390421655,12:40:10
53019,53019,53019,63.55263158,3.90625,0,0,1.990855154,1.984833333,0.346772702,12:40:25
53028,53028,53028,37.33333333,49.31640625,0,0,1.869018362,1.864428571,0.389827362,12:40:40
53034,53034,53031,74.89361702,25.14648438,3,3,1.881912177,1.876066667,0.41536864,12:40:55
53043,53043,53040,70.12820513,26.12304688,3,3,1.904346439,2.245952381,0.445533526,12:41:10
53046,53046,53046,70.51020408,20.01953125,0,0,1.756564203,2.097714286,0.393457366,12:41:25
53049,53049,53049,66.42857143,15.38085938,0,0,1.918295008,2.317222222,0.341638956,12:41:40
53058,53058,53058,63.64864865,13.18359375,0,0,1.886535541,1.884952381,0.394062787,12:41:55
53064,53064,53062,72.45098039,12.6953125,2,2,1.928888937,1.9270625,0.411071526,12:42:10
53073,53073,53070,62.56097561,24.90234375,3,3,1.921622852,1.92,0.450653447,12:42:25
53076,53076,53076,76.45454545,10.98632813,0,0,1.998411265,2.340333333,0.383729854,12:42:40
53079,53079,53079,54.20454545,25.87890625,0,0,2.043743375,2.466588235,0.35372353,12:42:55
53088,53088,53088,53.33333333,29.05273438,0,0,2.096982228,2.528238095,0.383141762,12:43:10
53094,53094,53091,73.46938776,35.15625,3,3,2.120767623,2.243866667,0.424478245,12:43:25
53097,53097,53097,58.48484848,53.46679688,0,0,1.884324122,1.986888889,0.415205758,12:43:40
53106,53106,53106,70.85106383,6.34765625,0,0,1.64745305,1.645190476,0.389718846,12:43:55
53109,53109,53109,55.97560976,7.32421875,0,0,1.593504269,1.591222222,0.346644481,12:44:10
53118,53118,53118,60.27027027,8.544921875,0,0,1.66033834,1.65747619,0.390370852,12:44:25
53124,53124,53121,56.21212121,18.06640625,3,3,1.511234918,1.507952381,0.394299555,12:44:40
53127,53127,53127,71.04166667,4.150390625,0,0,1.591710041,1.986666667,0.41024706,12:44:55
53136,53136,53136,67.34042553,28.56445313,0,0,1.575682849,1.914,0.393686026,12:45:10
53139,53139,53139,50.34482759,3.90625,0,0,1.621732758,2.017166667,0.341864758,12:45:25
53148,53148,53148,58.04878049,0.9765625,0,0,1.666790414,1.664190476,0.393774611,12:45:40
53154,53154,53152,67.0754717,0.9765625,2,2,1.705663226,1.702818182,0.383190701,12:45:55
53157,53157,53157,58.95348837,21.484375,0,0,1.935134409,1.933277778,0.424538315,12:46:10
53166,53166,53166,73.57142857,18.06640625,0,0,1.957563342,2.291095238,0.383470591,12:46:25
53169,53169,53169,52.4137931,4.150390625,0,0,1.859207088,2.271588235,0.354065856,12:46:40
53175,53175,53175,80.76086957,4.638671875,0,0,1.783484361,2.272333333,0.416002219,12:46:55
53184,53184,53181,77.93478261,3.90625,3,3,1.713358812,2.131380952,0.389972145,12:47:10
53187,53187,53187,56.35135135,0.732421875,0,0,1.620498293,1.716388889,0.415704388,12:47:25
53196,53196,53196,73.75,25.63476563,0,0,1.627301075,1.622190476,0.389805654,12:47:40
53199,53199,53199,61.21621622,9.765625,0,0,1.759814562,1.755047619,0.393811533,12:47:55
53205,53205,53205,73.47826087,26.61132813,0,0,1.648848093,1.645055556,0.41025641,12:48:10
53214,53214,53214,71.2,67.3828125,0,0,1.534902775,1.609956522,0.394099764,12:48:25
53217,53217,53217,40.86206897,9.27734375,0,0,1.286847666,1.382222222,0.410621407,12:48:40
53226,53226,53226,80.74074074,13.18359375,0,0,1.511417798,1.592666667,0.394292152,12:48:55
53229,53229,53229,57.15909091,13.42773438,0,0,1.69763547,1.779190476,0.383673768,12:49:10
53235,53235,53235,76.92982456,24.90234375,0,0,1.99790389,1.995777778,0.424798811,12:49:25
53244,53244,53241,72.20930233,44.43359375,3,3,1.895594994,1.893619048,0.383400581,12:49:40
53247,53247,53247,68.57142857,19.28710938,0,0,1.828434883,1.8245,0.424528302,12:49:55
53256,53256,53256,75,3.662109375,0,0,1.888999923,2.228238095,0.383134772,12:50:10
53259,53259,53259,50.15151515,1.708984375,0,0,1.930522671,2.269714286,0.389726078,12:50:25
53265,53265,53265,73.9,3.662109375,0,0,1.825406327,2.222277778,0.415733192,12:50:40
53274,53274,53271,81.36363636,16.11328125,3,3,1.856894481,2.196761905,0.390037332,12:50:55
53277,53277,53277,82.27272727,23.92578125,0,0,1.9786833,1.975666667,0.416175349,12:51:10
53286,53286,53286,63,1.953125,0,0,1.888661223,1.887238095,0.390030088,12:51:25
53289,53289,53289,45.68965517,10.49804688,0,0,1.758168176,1.757,0.394062787,12:51:40
53295,53295,53295,72.68292683,7.568359375,0,0,1.333939646,1.332166667,0.41022836,12:51:55
53304,53304,53301,69.90196078,4.150390625,3,3,1.551784321,1.550052632,0.393863236,12:52:10
53307,53307,53307,73.52272727,10.25390625,0,0,1.794440189,2.192111111,0.410303168,12:52:25
53313,53313,53310,55.34482759,19.04296875,3,3,1.856321876,2.333733333,0.424588385,12:52:40
53319,53319,53319,56.09756098,20.5078125,0,0,1.74939987,2.089809524,0.383456587,12:52:55
53325,53325,53325,72.62711864,4.39453125,0,0,1.625548279,1.622444444,0.424828888,12:53:10
53334,53334,53331,74.69387755,22.21679688,3,3,1.871051924,1.86847619,0.383617698,12:53:25
53337,53337,53337,72.95454545,1.953125,0,0,2.022400292,2.019666667,0.389972145,12:53:40
53343,53343,53340,48.78787879,27.83203125,3,3,1.863219916,1.861,0.415685188,12:53:55
53349,53349,53349,52.39130435,21.24023438,0,0,1.769481352,2.111857143,0.389689918,12:54:10
53355,53355,53355,71.33928571,7.8125,0,0,1.623991493,2.023555556,0.415512465,12:54:25
53364,53364,53361,79.67391304,7.568359375,3,3,1.772992507,2.112333333,0.389834599,12:54:40
53367,53367,53367,70,1.708984375,0,0,1.972570572,1.96747619,0.393914952,12:54:55
53373,53373,53370,55.52631579,12.45117188,3,3,1.912453679,1.905466667,0.410172272,12:55:10
53379,53379,53379,56.09756098,22.70507813,0,0,1.943874095,1.938285714,0.394084972,12:55:25
53385,53385,53385,79.24528302,7.568359375,0,0,1.806800108,1.803722222,0.410480947,12:55:40
53394,53394,53392,78.08510638,1.953125,2,2,1.793280472,1.790681818,0.394144144,12:55:55
53397,53397,53397,54.11111111,2.685546875,0,0,1.799447111,1.88352381,0.383470591,12:56:10
53403,53403,53400,62.625,34.1796875,3,3,1.752956716,1.870933333,0.42457837,12:56:25
53409,53409,53409,56.2195122,2.44140625,0,0,1.827947627,1.912333333,0.383288616,12:56:40
53415,53415,53415,76.8627451,27.09960938,0,0,1.829918987,1.827444444,0.424588385,12:56:55
53418,53418,53418,58.04878049,0.732421875,0,0,1.857134656,1.855722222,0.346332341,12:57:10
53427,53427,53427,69.36170213,12.20703125,0,0,1.856383974,1.854238095,0.389755011,12:57:25
53433,53433,53430,67.97297297,32.2265625,3,3,1.908755197,1.900666667,0.415829233,12:57:40
53439,53439,53439,60.52631579,0.9765625,0,0,1.923367504,2.255428571,0.389950421,12:57:55
53445,53445,53445,74.50980392,15.625,0,0,1.938997894,2.228958333,0.394129349,12:58:10
53448,53448,53448,57.5,11.23046875,0,0,1.838492697,2.230277778,0.341849176,12:58:25
53457,53457,53457,59.02777778,16.6015625,0,0,1.731945581,1.729,0.393907563,12:58:40
53463,53463,53460,62.30769231,0.48828125,3,3,1.734248403,1.731733333,0.410172272,12:58:55
53469,53469,53469,68.85714286,4.638671875,0,0,1.912706955,1.91047619,0.393870623,12:59:10
53475,53475,53473,78.13559322,29.296875,2,2,1.975412191,1.97352381,0.383197694,12:59:25
53478,53478,53478,62.77777778,22.94921875,0,0,2.116470237,2.115055556,0.353765241,12:59:40
53487,53487,53487,73.33333333,13.18359375,0,0,2.005000753,2.342333333,0.383414581,12:59:55
53493,53493,53490,66.05263158,28.56445313,3,3,1.964178217,2.379117647,0.424828888,12:00:10
53496,53496,53496,70.09090909,3.90625,0,0,1.8657286,2.256333333,0.41587727,12:00:25
53505,53505,53505,77.28070175,4.638671875,0,0,2.007239768,2.299458333,0.389762245,12:00:40
53508,53508,53508,40.3125,25.63476563,0,0,1.794941436,1.791777778,0.346348334,12:00:55
53517,53517,53517,59.58333333,0.9765625,0,0,1.714861243,1.711238095,0.389740544,12:01:10
53523,53523,53520,67.5,10.00976563,3,3,1.662144623,1.658809524,0.449404539,12:01:25
53526,53526,53526,64.7,8.544921875,0,0,1.56996544,1.982055556,0.409276944,12:01:40
53535,53535,53535,69.46808511,3.41796875,0,0,1.456924146,1.765375,0.392428008,12:01:55
53538,53538,53538,52.06896552,41.015625,0,0,1.415066629,1.828833333,0.340955585,12:02:10
53547,53547,53547,68.125,0,0,0,1.725118414,1.723714286,0.393022908,12:02:25
53553,53553,53550,61.34146341,26.3671875,3,3,1.820143943,1.818857143,0.436991315,12:02:40
53556,53556,53556,76,14.89257813,0,0,1.999763296,1.998277778,0.424388174,12:02:55
53565,53565,53565,70.68627451,0,0,0,1.86100961,1.859666667,0.383113803,12:03:10
53568,53568,53568,46.47058824,12.93945313,0,0,1.633322739,1.631333333,0.353781929,12:03:25
53577,53577,53577,57.80487805,27.58789063,0,0,1.67720182,2.02747619,0.382771631,12:03:40
53583,53583,53580,62.125,5.859375,3,3,1.659714595,2.009380952,0.444823368,12:03:55
53586,53586,53586,79.5,10.25390625,0,0,1.889957319,2.298388889,0.413840671,12:04:10
53595,53595,53595,76.60377358,2.197265625,0,0,1.86384975,2.169833333,0.388809687,12:04:25
53598,53598,53598,56.30952381,0.48828125,0,0,1.945711262,1.944055556,0.345097317,12:04:40
53607,53607,53607,68.02325581,1.220703125,0,0,1.71858428,1.716952381,0.389444207,12:04:55
53613,53613,53610,48.66666667,22.70507813,3,3,1.568646451,1.566761905,0.449741399,12:05:10
53616,53616,53616,76.09090909,11.71875,0,0,1.53829459,1.937833333,0.409985423,12:05:25
53625,53625,53625,68.65853659,20.5078125,0,0,1.660470676,1.959541667,0.393376293,12:05:40
53628,53628,53628,52.875,30.2734375,0,0,1.753133857,2.152444444,0.341351296,12:05:55
53634,53634,53631,63.90243902,6.8359375,3,3,1.494505588,1.492266667,0.423938388,12:06:10
53643,53643,53640,37.88461538,18.31054688,3,3,1.293704033,1.292142857,0.436284312,12:06:25
53646,53646,53646,77.14285714,3.662109375,0,0,1.461095373,1.459777778,0.423011844,12:06:40
53655,53655,53655,72.83018868,6.103515625,0,0,1.669079929,1.665041667,0.381880671,12:06:55
53658,53658,53658,57.64705882,19.53125,0,0,1.693838979,1.689428571,0.389422542,12:07:10
53664,53664,53661,70.9375,12.20703125,3,3,1.584898981,1.5786,0.415090859,12:07:25
53673,53673,53670,62.72727273,1.46484375,3,3,1.451714497,1.791380952,0.445211197,12:07:40
53676,53676,53676,73.96226415,1.953125,0,0,1.460916087,1.861055556,0.414727432,12:07:55
53685,53685,53685,79.36363636,21.72851563,0,0,1.662352636,1.962,0.389105058,12:08:10
53688,53688,53688,60.12195122,15.13671875,0,0,1.842769335,1.840333333,0.392699529,12:08:25
53694,53694,53691,73.26530612,10.7421875,3,3,1.936009986,1.9342,0.409276944,12:08:40
53703,53703,53700,67.16216216,30.76171875,3,3,2.123842563,2.120809524,0.449101796,12:08:55
53706,53706,53706,64.02777778,27.09960938,0,0,1.717240954,2.121555556,0.409686817,12:09:10
53709,53709,53709,43.4375,2.44140625,0,0,1.535230558,1.939333333,0.353373539,12:09:25
53718,53718,53718,57.80487805,12.6953125,0,0,1.592171965,1.938285714,0.382750702,12:09:40
53724,53724,53724,60.52083333,16.84570313,0,0,1.605418061,1.601944444,0.42433815,12:09:55
53733,53733,53731,60.68181818,30.76171875,2,2,1.792366334,1.788363636,0.437301848,12:10:10
53736,53736,53736,67.07317073,24.4140625,0,0,1.663200025,1.660047619,0.389191593,12:10:25
53739,53739,53739,57.375,10.98632813,0,0,1.822003571,1.818266667,0.345168788,12:10:40
53748,53748,53748,63.47222222,5.126953125,0,0,1.859804154,1.857,0.389018562,12:10:55
53754,53754,53754,72.17391304,25.87890625,0,0,1.868615401,1.866388889,0.414431423,12:11:10
53763,53763,53760,60.125,17.08984375,3,3,1.696159222,1.692904762,0.444971818,12:11:25
53766,53766,53766,76.95652174,3.41796875,0,0,1.571547655,1.569047619,0.393531098,12:11:40
53769,53769,53769,58.5,2.197265625,0,0,1.625214594,1.622066667,0.34156894,12:11:55
53778,53778,53778,57.19512195,8.7890625,0,0,1.911901599,1.908809524,0.393383661,12:12:10
53784,53784,53781,76.84782609,0.48828125,3,3,2.089217293,2.087,0.409472463,12:12:25
53787,53787,53787,62.5,14.16015625,0,0,1.934521007,1.930888889,0.423898453,12:12:40
53796,53796,53796,73.07017544,2.197265625,0,0,1.843084522,2.192095238,0.382242123,12:12:55
53799,53799,53799,51.32352941,22.21679688,0,0,1.675528244,2.082888889,0.353140597,12:13:10
53808,53808,53808,57.94871795,28.80859375,0,0,1.803760601,2.149809524,0.38243007,12:13:25
53814,53814,53811,80.79545455,12.93945313,3,3,1.951011496,2.298952381,0.389386438,12:13:40
53817,53817,53817,56.66666667,47.11914063,0,0,1.760884743,1.752666667,0.415177027,12:13:55
53826,53826,53826,79.12280702,8.7890625,0,0,1.885413627,1.878619048,0.389523668,12:14:10
53829,53829,53829,51.21212121,10.98632813,0,0,1.730733405,1.727222222,0.345805381,12:14:25
53838,53838,53838,48,1.220703125,0,0,1.710982322,1.709190476,0.389220447,12:14:40
53844,53844,53841,68.97727273,22.4609375,3,3,1.655086277,1.651428571,0.393074403,12:14:55
53847,53847,53847,66.11111111,12.45117188,0,0,1.706596694,2.113944444,0.409463148,12:15:10
53856,53856,53856,75.53191489,3.173828125,0,0,1.794835297,2.126727273,0.393125913,12:15:25
53859,53859,53859,23,12.93945313,0,0,1.632434217,2.040111111,0.341327993,12:15:40
53868,53868,53868,62.36842105,27.09960938,0,0,1.648553687,1.645095238,0.393501602,12:15:55
53874,53874,53871,78.77777778,18.5546875,3,3,1.688399231,1.685,0.382750702,12:16:10
53877,53877,53877,68.46938776,9.765625,0,0,2.111287124,2.109722222,0.424358158,12:16:25
53886,53886,53886,72.1875,31.73828125,0,0,1.87543623,2.22447619,0.382687927,12:16:40
53889,53889,53889,63.81578947,10.49804688,0,0,1.804679535,2.212055556,0.35329031,12:16:55
53898,53898,53898,53.92857143,2.44140625,0,0,1.795825324,2.191238095,0.392978779,12:17:10
53904,53904,53901,67.55813953,12.20703125,3,3,1.844327582,2.240285714,0.380897103,12:17:25
53907,53907,53907,65.27027027,7.568359375,0,0,1.76251164,1.815555556,0.414870814,12:17:40
53916,53916,53916,73.05084746,0.732421875,0,0,1.761248434,1.759714286,0.389545345,12:17:55
53919,53919,53919,60.39473684,17.82226563,0,0,1.800985523,1.7995,0.312806445,12:18:10
53925,53925,53925,81.66666667,0.9765625,0,0,1.95829156,1.955777778,0.409425894,12:18:25
53934,53934,53931,72.34042553,9.521484375,3,3,2.033588373,2.030904762,0.392252087,12:18:40
53937,53937,53937,66.92307692,35.64453125,0,0,1.886590464,2.313444444,0.408376251,12:18:55
53946,53946,53946,64.21568627,15.625,0,0,1.717205128,2.080619048,0.391791045,12:19:10
53949,53949,53949,65.55555556,18.06640625,0,0,1.749110199,2.112761905,0.381111393,12:19:25
53955,53955,53955,78.33333333,24.65820313,0,0,1.859239671,1.853055556,0.42327047,12:19:40
53964,53964,53964,62.8125,20.99609375,0,0,1.77273469,1.767791667,0.381825124,12:19:55
53967,53967,53967,55.13513514,4.39453125,0,0,1.815815761,1.812888889,0.423798649,12:20:10
53973,53973,53970,65.39473684,26.61132813,3,3,1.723602525,1.7216,0.414727432,12:20:25
53979,53979,53979,53.93939394,6.8359375,0,0,1.709069742,2.054380952,0.389379218,12:20:40
53985,53985,53985,73.38983051,9.27734375,0,0,1.925652321,2.431444444,0.415138726,12:20:55
53994,53994,53991,59.25,45.41015625,3,3,1.543641058,1.977190476,0.389379218,12:21:10
53997,53997,53997,62.43902439,25.390625,0,0,1.47118784,1.55752381,0.393302618,12:21:25
54003,54003,54000,43.33333333,11.71875,3,3,1.086191833,1.083866667,0.409351405,12:21:40
54009,54009,54009,59.05405405,31.49414063,0,0,1.600021907,1.597761905,0.392831756,12:21:55
54015,54015,54012,80.81818182,33.69140625,3,3,1.830711549,1.8282,0.409128103,12:22:10
54024,54024,54021,73.4,34.91210938,3,3,2.123795263,2.122190476,0.393214246,12:22:25
54027,54027,54027,53.97435897,2.9296875,0,0,1.882710148,2.22647619,0.382464895,12:22:40
54033,54033,54030,60,19.53125,3,3,1.880873549,2.282055556,0.424378168,12:22:55
54039,54039,54039,50.34482759,3.173828125,0,0,1.600961486,1.943952381,0.382625173,12:23:10
54045,54045,54045,68.57142857,6.591796875,0,0,1.622636684,1.620388889,0.423858525,12:23:25
54048,54048,54048,57.05128205,12.93945313,0,0,1.617946423,1.615777778,0.345224396,12:23:40
54057,54057,54057,62.36842105,53.95507813,0,0,1.666998136,1.66547619,0.388953715,12:23:55
54063,54063,54060,58.8372093,23.92578125,3,3,1.802302738,1.800933333,0.413945359,12:24:10
54069,54069,54069,61.62162162,22.70507813,0,0,1.884650361,2.24047619,0.388845684,12:24:25
54075,54075,54075,73.83928571,7.080078125,0,0,1.913435231,2.222791667,0.393339452,12:24:40
54078,54078,54078,44.47368421,7.568359375,0,0,1.911641974,2.324833333,0.341685649,12:24:55
54087,54087,54087,61.89189189,62.98828125,0,0,1.756848045,1.750952381,0.393553223,12:25:10
54093,54093,54090,58.8372093,11.71875,3,3,1.726567613,1.721666667,0.40928625,12:25:25
54099,54099,54099,53.78378378,17.578125,0,0,1.933629415,1.927428571,0.393037619,12:25:40
54105,54105,54105,67.45283019,49.56054688,0,0,1.800097802,1.79475,0.382283873,12:25:55
54108,54108,54108,57.19512195,10.98632813,0,0,1.899579418,1.893444444,0.35325703,12:26:10
54117,54117,54117,62.73584906,3.90625,0,0,1.88627479,2.232761905,0.382423106,12:26:25
54123,54123,54120,65,20.01953125,3,3,2.081693061,2.568533333,0.424008292,12:26:40
54126,54126,54126,67.2826087,0.9765625,0,0,1.866691368,2.272888889,0.41572359,12:26:55
54135,54135,54135,70.20408163,0,0,0,1.77739414,2.081,0.389906979,12:27:10
54138,54138,54138,63.47222222,9.27734375,0,0,1.683267507,1.677222222,0.345980856,12:27:25
54147,54147,54147,64.77272727,13.91601563,0,0,1.838025714,1.831809524,0.388759302,12:27:40
54153,54153,54150,44,26.61132813,3,3,1.653231496,1.647428571,0.448723941,12:27:55
54156,54156,54156,73.33333333,31.49414063,0,0,1.736273862,2.147555556,0.409183905,12:28:10
54165,54165,54165,72.5,10.49804688,0,0,1.617814468,2.008125,0.39273625,12:28:25
54168,54168,54168,56.51162791,24.16992188,0,0,1.787725979,2.308944444,0.340839374,12:28:40
54177,54177,54177,69.31372549,5.859375,0,0,1.802819155,1.893238095,0.392956719,12:28:55
54183,54183,54180,59.75609756,24.16992188,3,3,1.830997957,1.921571429,0.436744795,12:29:10
54186,54186,54186,76.25,0.732421875,0,0,2.012568789,2.007611111,0.424038258,12:29:25
54195,54195,54192,77.45454545,0.48828125,3,3,2.077122487,2.072761905,0.382402214,12:29:40
54198,54198,54198,44.42857143,18.79882813,0,0,1.900638893,1.897555556,0.353215438,12:29:55
54204,54204,54201,66.91489362,11.47460938,3,3,1.798939951,1.796466667,0.414717877,12:30:10
54213,54213,54210,66.08108108,19.77539063,3,3,1.856671407,2.204285714,0.44480688,12:30:25
54216,54216,54216,66.17647059,0.244140625,0,0,1.804352989,2.210277778,0.414631899,12:30:40
54225,54225,54225,73.33333333,1.220703125,0,0,1.905055033,2.208791667,0.389011355,12:30:55
54228,54228,54228,45,41.9921875,0,0,1.73748593,1.735047619,0.393192159,12:31:10
54234,54234,54231,73.61702128,21.24023438,3,3,1.844685877,1.8422,0.409509726,12:31:25
54243,54243,54240,66.89189189,6.8359375,3,3,1.922882021,1.920380952,0.449455036,12:31:40
54246,54246,54246,76.875,12.45117188,0,0,2.085493444,2.493055556,0.409360715,12:31:55
54255,54255,54255,70.91836735,12.93945313,0,0,1.870521908,2.175708333,0.393015552,12:32:10
54258,54258,54258,53.41463415,9.765625,0,0,1.814498542,2.164190476,0.382214295,12:32:25
54264,54264,54261,66.15384615,0.244140625,3,3,1.513418911,1.511933333,0.423698891,12:32:40
54273,54273,54270,68.02631579,16.35742188,3,3,1.675665268,1.673761905,0.436562074,12:32:55
54276,54276,54276,67.2,7.080078125,0,0,1.643200511,1.641055556,0.423599181,12:33:10
54279,54279,54279,56.625,11.96289063,0,0,1.816713937,1.814555556,0.345375423,12:33:25
54288,54288,54288,62.06896552,1.708984375,0,0,1.773526488,1.771047619,0.38914111,12:33:40
54294,54294,54291,66.89189189,25.87890625,3,3,1.645287518,1.642266667,0.415071715,12:33:55
54303,54303,54300,56.5,27.34375,3,3,1.595337188,1.938,0.444930572,12:34:10
54306,54306,54306,70,4.150390625,0,0,1.45048267,1.792619048,0.393184797,12:34:25
54309,54309,54309,60.27027027,8.7890625,0,0,1.616456722,2.016833333,0.340823885,12:34:40
54318,54318,54318,62.63157895,6.103515625,0,0,1.392188687,1.388428571,0.392831756,12:34:55
54324,54324,54322,68.25,58.83789063,2,2,1.433901168,1.4306875,0.40920251,12:35:10
54333,54333,54330,57.63157895,10.7421875,3,3,1.331790761,1.328809524,0.449396124,12:35:25
54336,54336,54336,78.3,6.591796875,0,0,1.59806788,1.944666667,0.3823674,12:35:40
54339,54339,54339,55.23809524,8.7890625,0,0,1.674153694,2.103470588,0.35339019,12:35:55
54348,54348,54348,59.05405405,8.30078125,0,0,1.620895923,1.966714286,0.382249081,12:36:10
54354,54354,54352,78.18181818,17.33398438,2,2,1.559736604,1.555875,0.423619119,12:36:25
54357,54357,54357,66.42857143,7.8125,0,0,1.485996926,1.481611111,0.414202545,12:36:40
54366,54366,54366,73.04347826,31.73828125,0,0,1.752589928,1.748857143,0.3889249,12:36:55
54369,54369,54369,65.27777778,4.39453125,0,0,1.767972298,1.764235294,0.345367471,12:37:10
54378,54378,54378,49.05405405,12.45117188,0,0,1.667994064,1.66547619,0.389011355,12:37:25
54384,54384,54381,71.4,34.91210938,3,3,1.666741701,1.664238095,0.393309984,12:37:40
54393,54393,54390,61.82926829,9.27734375,3,3,1.72357783,2.069809524,0.444782149,12:37:55
54396,54396,54396,74.375,6.591796875,0,0,1.907169609,2.252952381,0.393619614,12:38:10
54399,54399,54399,60.14705882,16.84570313,0,0,1.899273035,2.302388889,0.341327993,12:38:25
54408,54408,54408,61.17647059,4.39453125,0,0,1.82244725,1.817095238,0.3933984,12:38:40
54414,54414,54411,69.87804878,26.61132813,3,3,1.624039677,1.6198,0.409156002,12:38:55
54417,54417,54417,76.74418605,3.173828125,0,0,1.740419457,1.735111111,0.423818606,12:39:10
54426,54426,54426,80.8,1.220703125,0,0,1.749535931,2.097047619,0.382276914,12:39:25
54429,54429,54429,50.95238095,23.92578125,0,0,1.806771591,2.2135,0.353265349,12:39:40
54438,54438,54438,59.65517241,6.34765625,0,0,1.583999107,1.977190476,0.382276914,12:39:55
54444,54444,54444,59.25,30.02929688,0,0,1.480554828,1.824125,0.388968123,12:40:10
54447,54447,54447,51.875,8.7890625,0,0,1.258889073,1.306666667,0.414421881,12:40:25
54456,54456,54456,76.18181818,3.173828125,0,0,1.444770983,1.440952381,0.388917698,12:40:40
54459,54459,54459,63.23529412,3.90625,0,0,1.780169007,1.776266667,0.345272074,12:40:55
54468,54468,54468,62.10526316,13.18359375,0,0,1.944693118,1.941238095,0.388874486,12:41:10
54474,54474,54471,75.53191489,30.51757813,3,3,2.01991704,2.01647619,0.393030263,12:41:25
54477,54477,54477,75.27777778,58.83789063,0,0,1.976278445,2.381333333,0.409249028,12:41:40
54486,54486,54486,72.7173913,21.24023438,0,0,1.8180126,2.134652174,0.393177435,12:41:55
54489,54489,54489,57.61904762,6.34765625,0,0,1.75692379,2.161777778,0.341033103,12:42:10
54495,54495,54495,61.1627907,11.23046875,0,0,1.483323893,1.481166667,0.423878488,12:42:25
54504,54504,54504,61.41025641,1.220703125,0,0,1.310855005,1.308041667,0.38215865,12:42:40
54507,54507,54507,48.51851852,19.53125,0,0,1.041011207,1.038777778,0.423668973,12:42:55
54516,54516,54516,68.29545455,31.49414063,0,0,1.25722087,1.534761905,0.382123881,12:43:10
54519,54519,54519,58.55263158,41.25976563,0,0,1.278190097,1.555619048,0.388968123,12:43:25
54525,54525,54525,78.8,12.20703125,0,0,1.683238401,2.007611111,0.41464145,12:43:40
54534,54534,54531,65.28571429,36.86523438,3,3,1.536367259,1.81352381,0.388996944,12:43:55
54537,54537,54537,67.66666667,79.83398438,0,0,1.640344303,1.637388889,0.414832569,12:44:10
54546,54546,54546,74.31034483,0,0,0,1.759211513,1.754809524,0.38909064,12:44:25
54549,54549,54549,47.58064516,22.94921875,0,0,1.673876457,1.669714286,0.393111194,12:44:40
54555,54555,54555,81.75925926,8.544921875,0,0,1.873510275,1.868777778,0.408979369,12:44:55
54564,54564,54562,69.41176471,52.97851563,2,2,1.574182229,1.570318182,0.392853802,12:45:10
54567,54567,54567,67.34375,35.15625,0,0,1.533645651,1.807666667,0.408997955,12:45:25
54573,54573,54570,42.89473684,21.97265625,3,3,1.2461664,1.5752,0.423629089,12:45:40
54579,54579,54579,65,8.056640625,0,0,1.607665524,1.842428571,0.382130834,12:45:55
54585,54585,54585,80.55555556,17.08984375,0,0,1.916610982,1.914277778,0.423868507,12:46:10
54594,54594,54591,67.76315789,42.96875,3,3,1.705576313,1.703809524,0.38202656,12:46:25
54597,54597,54597,67.76595745,18.06640625,0,0,1.677960264,1.675047619,0.388694542,12:46:40
54603,54603,54600,66.89189189,21.484375,3,3,1.512775752,1.509733333,0.413583935,12:46:55
54609,54609,54609,50.92592593,10.25390625,0,0,1.728700867,2.087428571,0.38841416,12:47:10
54615,54615,54613,81.27272727,0.48828125,2,2,1.857269842,2.39,0.413774079,12:47:25
54624,54624,54621,60.42857143,25.14648438,3,3,1.626437887,2.195952381,0.388809687,12:47:40
54627,54627,54627,79.66666667,1.953125,0,0,1.660495368,1.867619048,0.393067046,12:47:55
54633,54633,54630,56.4516129,3.173828125,3,3,1.597823608,1.797588235,0.409174604,12:48:10
54639,54639,54639,59.86486486,9.765625,0,0,1.759872472,1.755619048,0.392956719,12:48:25
54645,54645,54645,68.70689655,4.150390625,0,0,1.820970441,1.817666667,0.408849316,12:48:40
54648,54648,54648,54.625,4.638671875,0,0,1.959363492,1.956333333,0.352941176,12:48:55
54657,54657,54657,66.37254902,8.544921875,0,0,1.973887248,2.335333333,0.381429817,12:49:10
54663,54663,54660,50.3125,15.625,3,3,1.866105672,2.374266667,0.422972084,12:49:25
54669,54669,54669,68.14285714,1.220703125,0,0,1.874164,2.236857143,0.381346699,12:49:40
54675,54675,54675,69.32692308,1.953125,0,0,1.757719243,2.074958333,0.388593845,12:49:55
54678,54678,54678,45.5,31.73828125,0,0,1.634561573,1.633277778,0.345073501,12:50:10
54687,54687,54687,53.72093023,21.97265625,0,0,1.602483704,1.60047619,0.388824085,12:50:25
54693,54693,54690,63.91891892,19.04296875,3,3,1.592370791,1.590066667,0.413831157,12:50:40
54699,54699,54699,51.92307692,2.44140625,0,0,1.807372819,2.164904762,0.388392609,12:50:55
54705,54705,54705,84.1509434,13.18359375,0,0,1.97661456,2.433666667,0.391908032,12:51:10
54708,54708,54708,56.92307692,21.97265625,0,0,1.947651278,2.481166667,0.340159195,12:51:25
54717,54717,54717,59.73684211,41.50390625,0,0,1.826568618,1.919666667,0.392017771,12:51:40
54723,54723,54720,54.82758621,17.08984375,3,3,1.617878064,1.614466667,0.40857091,12:51:55
54726,54726,54726,76.27272727,3.173828125,0,0,1.674626846,1.670277778,0.423230661,12:52:10
54735,54735,54735,76.35416667,23.4375,0,0,1.661754618,1.658,0.381672452,12:52:25
54738,54738,54738,54.64285714,9.521484375,0,0,1.881191278,1.877888889,0.353007625,12:52:40
54747,54747,54747,70.25641026,5.859375,0,0,1.813768766,2.051619048,0.381748773,12:52:55
54753,54753,54750,37.36842105,0.244140625,3,3,1.655484375,1.892952381,0.44405795,12:53:10
54756,54756,54756,77.71186441,6.591796875,0,0,1.745724764,2.023055556,0.413526925,12:53:25
54765,54765,54765,72.2,6.591796875,0,0,1.758562809,1.97326087,0.388392609,12:53:40
54768,54768,54768,51.29032258,40.28320313,0,0,1.811378894,1.807111111,0.344661198,12:53:55
54777,54777,54777,70,15.625,0,0,1.790922751,1.786952381,0.388593845,12:54:10
54783,54783,54780,60.51282051,21.24023438,3,3,1.768698448,1.764571429,0.448891798,12:54:25
54786,54786,54786,74.08163265,18.06640625,0,0,1.877011219,2.287888889,0.408979369,12:54:40
54795,54795,54794,81.49122807,29.78515625,1,1,1.816678326,2.224826087,0.392633449,12:54:55
54798,54798,54798,61.5,12.6953125,0,0,1.829737464,2.408611111,0.340421669,12:55:10
54804,54804,54802,66.73076923,16.11328125,2,2,1.854337181,2.0391875,0.423200809,12:55:25
54813,54813,54810,62.82051282,11.71875,3,3,1.904246605,2.044857143,0.435461044,12:55:40
54816,54816,54816,74.41860465,4.638671875,0,0,1.585842633,1.582611111,0.42272375,12:55:55
54825,54825,54825,71.4,16.84570313,0,0,1.526915783,1.524434783,0.380980026,12:56:10
54828,54828,54828,56.54761905,16.11328125,0,0,1.604976232,1.602714286,0.388392609,12:56:25
54834,54834,54831,73.95348837,32.47070313,3,3,1.663134824,1.660933333,0.413831157,12:56:40
54843,54843,54840,60.13157895,9.765625,3,3,1.781955347,2.135333333,0.444279896,12:56:55
54846,54846,54846,76.96428571,0,0,0,1.904463904,2.317388889,0.41388825,12:57:10
54855,54855,54855,64.1025641,4.8828125,0,0,1.598604979,1.907791667,0.388399793,12:57:25
54858,54858,54858,51.66666667,3.41796875,0,0,1.497576335,1.494857143,0.391834907,12:57:40
54864,54864,54861,73.82978723,27.09960938,3,3,1.30913291,1.305733333,0.407922767,12:57:55
54873,54873,54870,57.61904762,13.18359375,3,3,1.429494576,1.426380952,0.44775284,12:58:10
54876,54876,54876,81.27272727,16.84570313,0,0,1.776310162,2.197555556,0.408413314,12:58:25
54879,54879,54879,50.3125,15.13671875,0,0,1.658738312,2.080111111,0.352609309,12:58:40
54888,54888,54888,48.87096774,10.25390625,0,0,1.675749228,2.128333333,0.381568428,12:58:55
54894,54894,54892,69.61538462,46.875,2,2,1.327540699,1.44575,0.42355931,12:59:10
54897,54897,54897,76.25,24.4140625,0,0,1.460424589,1.565333333,0.413793103,12:59:25
54906,54906,54906,73.57142857,27.58789063,0,0,1.738854341,1.820130435,0.388371061,12:59:40
54909,54909,54909,67.57142857,10.7421875,0,0,2.029490184,2.027470588,0.34383166,12:59:55
54918,54918,54918,56.02941176,1.708984375,0,0,1.927875942,1.925714286,0.387754348,12:00:10
54924,54924,54922,70.38461538,35.64453125,2,2,1.768181042,1.812818182,0.391316501,12:00:25
54927,54927,54927,61.77083333,6.591796875,0,0,1.666542419,2.008555556,0.408052231,12:00:40
54936,54936,54936,59.02173913,0.48828125,0,0,1.538692357,1.818181818,0.392186158,12:00:55
54939,54939,54939,56.14285714,22.21679688,0,0,1.641374018,1.942,0.340607189,12:01:10
54948,54948,54948,59.60526316,13.42773438,0,0,1.559332288,1.554142857,0.39236935,12:01:25
54954,54954,54951,77.57142857,14.40429688,3,3,1.46979497,1.46452381,0.381422889,12:01:40
54957,54957,54957,75.125,7.080078125,0,0,1.647166662,1.642277778,0.423001904,12:01:55
54966,54966,54966,75.88888889,9.033203125,0,0,1.76104935,2.119227273,0.38049682,12:02:10
54969,54969,54969,38.16666667,49.31640625,0,0,1.642606785,2.080666667,0.351790614,12:02:25
54975,54975,54973,73.96551724,5.126953125,2,2,1.645519488,2.13875,0.412106781,12:02:40
54984,54984,54981,65.78431373,28.80859375,3,3,1.710684371,2.185190476,0.38806246,12:02:55
54987,54987,54987,69.55555556,9.521484375,0,0,1.980510368,2.094388889,0.413318025,12:03:10
54996,54996,54996,77.78846154,19.53125,0,0,1.962697285,2.051391304,0.38852914,12:03:25
54999,54999,54999,59.18918919,10.25390625,0,0,1.968955567,1.967238095,0.39231071,12:03:40
55005,55005,55005,75.49019608,25.14648438,0,0,1.912705126,1.907722222,0.408228063,12:03:55
55014,55014,55012,76.80851064,8.7890625,2,2,1.860878294,1.855772727,0.391396727,12:04:10
55017,55017,55017,60.12820513,17.33398438,0,0,1.785071972,2.072333333,0.407442618,12:04:25
55026,55026,55026,66.85714286,40.52734375,0,0,1.610186504,1.859047619,0.391032325,12:04:40
55029,55029,55029,52.73809524,23.19335938,0,0,1.63544182,1.884285714,0.380173069,12:04:55
55035,55035,55034,78.39285714,10.25390625,1,1,1.693705569,1.692058824,0.422564969,12:05:10
55044,55044,55041,65.48076923,7.568359375,3,3,1.633848375,1.631904762,0.380959292,12:05:25
55047,55047,55047,73.29545455,5.615234375,0,0,1.892689753,1.890666667,0.423260517,12:05:40
55053,55053,55050,64.67741935,0.732421875,3,3,1.813009572,1.811,0.413337007,12:05:55
55059,55059,55059,48.90625,1.220703125,0,0,1.828992385,2.192857143,0.388155706,12:06:10
55065,55065,55065,75.1754386,26.85546875,0,0,1.806959271,2.232388889,0.412238915,12:06:25
55074,55074,55071,72.5,20.26367188,3,3,1.880172546,2.244714286,0.387561133,12:06:40
55077,55077,55077,67.83018868,0,0,0,1.942492771,1.941333333,0.390974084,12:06:55
55083,55083,55080,62.63888889,15.625,3,3,2.06057862,2.057333333,0.407765671,12:07:10
55089,55089,55089,51.37931034,44.43359375,0,0,1.930714156,1.927428571,0.391805664,12:07:25
55095,55095,55095,69.61538462,38.81835938,0,0,1.565374124,1.561333333,0.408441116,12:07:40
55104,55104,55101,61.9047619,26.61132813,3,3,1.520356867,1.518,0.392054365,12:07:55
55107,55107,55107,75.76086957,22.94921875,0,0,1.560558994,1.925952381,0.381069899,12:08:10
55113,55113,55110,56.32352941,21.97265625,3,3,1.790496607,2.303466667,0.422813117,12:08:25
55119,55119,55119,67.35294118,1.708984375,0,0,1.705716001,2.071285714,0.38045546,12:08:40
55125,55125,55125,58,3.41796875,0,0,1.426811856,1.424277778,0.422267577,12:08:55
55128,55128,55128,60.26315789,13.42773438,0,0,1.542202107,1.539333333,0.343445907,12:09:10
55137,55137,55137,57.07317073,11.96289063,0,0,1.653493875,1.650666667,0.387911926,12:09:25
55143,55143,55140,62.83783784,11.47460938,3,3,1.856878408,1.8542,0.412957695,12:09:40
55149,55149,55149,57.77777778,20.5078125,0,0,1.754786986,2.115333333,0.38829207,12:09:55
55155,55155,55155,72.45614035,39.55078125,0,0,1.767173747,2.096434783,0.392054365,12:10:10
55158,55158,55158,59.61538462,14.89257813,0,0,1.83866592,2.260333333,0.340074363,12:10:25
55167,55167,55167,68,8.30078125,0,0,1.984504414,1.983142857,0.391776426,12:10:40
55173,55173,55170,45.15151515,17.08984375,3,3,1.861140717,1.859466667,0.407959748,12:10:55
55176,55176,55176,67.94871795,0.48828125,0,0,1.561081413,1.559055556,0.422713823,12:11:10
55185,55185,55185,69.76190476,12.6953125,0,0,1.517572283,1.516083333,0.380883286,12:11:25
55188,55188,55188,58.33333333,6.591796875,0,0,1.524237227,1.522444444,0.352501586,12:11:40
55197,55197,55197,66.97916667,5.859375,0,0,1.833272012,2.192428571,0.381215169,12:11:55
55203,55203,55200,56.70731707,1.708984375,3,3,1.823281467,2.182333333,0.443778776,12:12:10
55206,55206,55206,78.24074074,23.92578125,0,0,1.997953168,2.417388889,0.413346499,12:12:25
55215,55215,55212,83.17307692,1.953125,3,3,2.041736064,2.401095238,0.388148532,12:12:40
55218,55218,55218,59.63414634,16.84570313,0,0,2.081417674,2.080111111,0.34421828,12:12:55
55227,55227,55227,60,9.765625,0,0,1.731456743,1.728952381,0.388083974,12:13:10
55233,55233,55230,42.27272727,8.7890625,3,3,1.556483658,1.553952381,0.448078862,12:13:25
55236,55236,55236,73.7755102,3.41796875,0,0,1.299347086,1.719666667,0.408283621,12:13:40
55245,55245,55245,64.54545455,23.4375,0,0,1.376007321,1.705130435,0.392354689,12:13:55
55248,55248,55248,53.65384615,8.7890625,0,0,1.37825346,1.8005,0.340344429,12:14:10
55254,55254,55251,67.78846154,11.71875,3,3,1.452823582,1.451333333,0.423260517,12:14:25
55263,55263,55260,64.45945946,4.150390625,3,3,1.791969773,1.790380952,0.435706116,12:14:40
55266,55266,55266,56.46341463,23.68164063,0,0,1.664532029,1.662611111,0.422952206,12:14:55
55275,55275,55273,79.07407407,14.16015625,2,2,1.584761974,1.582363636,0.381014587,12:15:10
55278,55278,55278,67.08333333,15.13671875,0,0,1.559658391,1.557428571,0.388141357,12:15:25
55284,55284,55281,79.88372093,22.70507813,3,3,1.889709964,1.8864,0.413355991,12:15:40
55293,55293,55290,44.625,13.18359375,3,3,1.768228241,2.053619048,0.443762365,12:15:55
55296,55296,55296,73.125,0.48828125,0,0,1.597557987,1.931611111,0.413736036,12:16:10
55305,55305,55303,77.45454545,0.244140625,2,2,1.515087971,1.788772727,0.38841416,12:16:25
55308,55308,55308,42.87878788,20.01953125,0,0,1.563419973,1.561952381,0.392362019,12:16:40
55314,55314,55311,71.11111111,4.39453125,3,3,1.606495626,1.605333333,0.408144755,12:16:55
55323,55323,55320,49.54545455,12.45117188,3,3,1.682419978,1.681238095,0.44810396,12:17:10
55326,55326,55326,73.85964912,24.65820313,0,0,1.782945688,2.207388889,0.408144755,12:17:25
55329,55329,55329,55.51282051,26.12304688,0,0,1.802940946,2.227444444,0.352501586,12:17:40
55338,55338,55338,59.87179487,23.92578125,0,0,1.899949199,2.263190476,0.380973114,12:17:55
55344,55344,55341,69,28.07617188,3,3,2.047376578,2.045466667,0.422832981,12:18:10
55353,55353,55350,57.625,13.42773438,3,3,1.990051386,1.985428571,0.435706116,12:18:25
55356,55356,55356,67.6744186,19.04296875,0,0,1.783384999,1.777857143,0.388442899,12:18:40
55359,55359,55359,64.28571429,10.00976563,0,0,1.723148236,1.716277778,0.344669118,12:18:55
55368,55368,55368,40.13888889,0,0,0,1.681228536,1.677857143,0.388105491,12:19:10
55374,55374,55372,65.2,1.46484375,2,2,1.729611289,1.726875,0.413080895,12:19:25
55383,55383,55380,64.58333333,14.89257813,3,3,1.716549505,1.812047619,0.443467174,12:19:40
55386,55386,55386,76.60714286,13.18359375,0,0,1.723319313,1.814,0.391476987,12:19:55
55389,55389,55389,50.48387097,49.56054688,0,0,1.808942096,1.927117647,0.339597012,12:20:10
55398,55398,55398,58.5,4.8828125,0,0,1.719029689,1.716238095,0.392340028,12:20:25
55404,55404,55404,64.06976744,29.78515625,0,0,1.401643425,1.399055556,0.409053722,12:20:40
55407,55407,55407,59.45945946,28.80859375,0,0,1.497072892,1.493944444,0.423968344,12:20:55
55416,55416,55416,66.69642857,22.94921875,0,0,1.560363096,1.917761905,0.381991814,12:21:10
55419,55419,55419,55,3.662109375,0,0,1.691260872,2.192733333,0.352775165,12:21:25
55425,55425,55425,70.74468085,9.765625,0,0,1.531803114,1.949722222,0.41356493,12:21:40
55434,55434,55432,70.8,0.732421875,2,2,1.71182765,2.052818182,0.388112664,12:21:55
55437,55437,55437,58.75,7.8125,0,0,1.663023824,1.660277778,0.413156747,12:22:10
55446,55446,55446,75.63829787,3.662109375,0,0,1.612206384,1.609190476,0.388055289,12:22:25
55449,55449,55449,52.4137931,16.6015625,0,0,1.487584529,1.484761905,0.392296053,12:22:40
55455,55455,55454,74.13043478,10.49804688,1,1,1.345272203,1.342588235,0.408413314,12:22:55
55464,55464,55461,73.44444444,24.4140625,3,3,1.553128747,1.550809524,0.392398677,12:23:10
55467,55467,55467,64.14634146,8.056640625,0,0,1.620761869,2.042222222,0.408116994,12:23:25
55476,55476,55476,68.20512821,12.6953125,0,0,1.390286258,1.734636364,0.391995819,12:23:40
55479,55479,55479,62.91666667,13.671875,0,0,1.421563385,1.782619048,0.38094547,12:23:55
55485,55485,55485,65.5,17.08984375,0,0,1.258097705,1.255388889,0.422783324,12:24:10
55494,55494,55491,71.79487179,0.48828125,3,3,1.534358941,1.531142857,0.380862563,12:24:25
55497,55497,55497,63.33333333,3.173828125,0,0,1.634620071,1.630333333,0.422902521,12:24:40
55503,55503,55500,51.29032258,25.87890625,3,3,1.638629035,1.634333333,0.413337007,12:24:55
55509,55509,55509,48.59375,13.671875,0,0,1.632832132,1.991666667,0.388234642,12:25:10
55515,55515,55514,75.86206897,4.150390625,1,1,1.729976979,2.232529412,0.413669478,12:25:25
55524,55524,55521,59.90566038,0.48828125,3,3,1.78145657,2.234761905,0.388306429,12:25:40
55527,55527,55527,74.18604651,12.20703125,0,0,1.773201289,1.863047619,0.39217151,12:25:55
55533,55533,55530,54.34210526,12.93945313,3,3,1.775101771,1.8306875,0.407913522,12:26:10
55539,55539,55539,68.33333333,1.220703125,0,0,1.837181637,1.832571429,0.392076324,12:26:25
55545,55545,55544,81.53846154,8.30078125,1,1,1.85189001,1.840294118,0.408181777,12:26:40
55554,55554,55551,69.57142857,8.7890625,3,3,1.770606392,1.76047619,0.392472013,12:26:55
55557,55557,55557,67.02702703,8.7890625,0,0,1.717445853,2.067190476,0.381374401,12:27:10
55563,55563,55560,40.73529412,8.544921875,3,3,1.470807617,1.9376875,0.423340154,12:27:25
55569,55569,55569,61.21621622,6.8359375,0,0,1.576050418,1.933,0.381325925,12:27:40
55575,55575,55575,68.67924528,1.46484375,0,0,1.659341342,1.655888889,0.423011844,12:27:55
55578,55578,55578,51.54761905,14.89257813,0,0,1.817479862,1.814888889,0.344297289,12:28:10
55587,55587,55587,70.2173913,27.83203125,0,0,1.887290554,1.885285714,0.387919091,12:28:25
55593,55593,55590,65.14285714,9.27734375,3,3,2.016228194,2.014666667,0.413261089,12:28:40
55599,55599,55599,42.5,25.63476563,0,0,1.742257077,2.103619048,0.388162881,12:28:55
55605,55605,55605,58.66666667,23.19335938,0,0,1.471723253,1.7875,0.39236935,12:29:10
55608,55608,55608,54.16666667,2.685546875,0,0,1.31065441,1.7325,0.340143767,12:29:25
55617,55617,55617,66.93181818,3.90625,0,0,1.284276313,1.282285714,0.392765631,12:29:40
55623,55623,55620,61.75675676,22.70507813,3,3,1.686465649,1.684666667,0.408626561,12:29:55
55629,55629,55629,51.75,17.578125,0,0,1.762203635,1.757857143,0.392714216,12:30:10
55635,55635,55635,82.88461538,21.72851563,0,0,1.948048304,1.944416667,0.381582295,12:30:25
55638,55638,55638,61.79487179,8.056640625,0,0,1.997688061,1.9935,0.352592732,12:30:40
55647,55647,55647,66.63265306,5.126953125,0,0,2.013387558,2.371619048,0.381235931,12:30:55
55653,55653,55650,56.75,13.18359375,3,3,2.028164327,2.5334,0.423121224,12:31:10
55656,55656,55656,77.67857143,16.11328125,0,0,2.026646943,2.446111111,0.413545927,12:31:25
55665,55665,55663,71.14754098,10.7421875,2,2,2.021938144,2.364909091,0.388134184,12:31:40
55668,55668,55668,63.55263158,7.8125,0,0,2.049138569,2.046111111,0.344621605,12:31:55
55677,55677,55677,57,0.9765625,0,0,1.8776027,1.875380952,0.388148532,12:32:10
55683,55683,55680,58.64864865,4.8828125,3,3,1.855669651,1.85352381,0.448254609,12:32:25
55686,55686,55686,72.29166667,8.7890625,0,0,1.662089007,2.085333333,0.407978241,12:32:40
55695,55695,55694,76.59574468,10.25390625,1,1,1.593946817,1.96726087,0.392237434,12:32:55
55698,55698,55698,49.02777778,44.43359375,0,0,1.628680391,2.161166667,0.340197768,12:33:10
55707,55707,55707,53.33333333,33.203125,0,0,1.550419719,1.642095238,0.392391345,12:33:25
55713,55713,55710,58.29268293,0.244140625,3,3,1.551837466,1.64347619,0.435777318,12:33:40
55716,55716,55716,60.41666667,19.77539063,0,0,1.299014095,1.297055556,0.423131171,12:33:55
55725,55725,55723,79.90909091,1.220703125,2,2,1.36654934,1.363789474,0.381242852,12:34:10
55728,55728,55728,57.63888889,9.033203125,0,0,1.362662288,1.359833333,0.352584444,12:34:25
55734,55734,55731,73.66666667,16.6015625,3,3,1.737123871,1.734933333,0.413393964,12:34:40
55743,55743,55740,58,6.591796875,3,3,1.868670073,2.233285714,0.44340163,12:34:55
55746,55746,55746,80.38461538,13.671875,0,0,1.856698995,2.280722222,0.413460434,12:35:10
55755,55755,55755,71.60714286,14.89257813,0,0,1.830355236,2.146708333,0.388177231,12:35:25
55758,55758,55758,64.6969697,0.732421875,0,0,1.905703965,1.901190476,0.391593787,12:35:40
55764,55764,55761,79.45945946,22.21679688,3,3,1.806281673,1.803,0.407037221,12:35:55
55773,55773,55770,63.47222222,0.244140625,3,3,1.699410723,1.696047619,0.446819206,12:36:10
55776,55776,55776,75.53571429,19.77539063,0,0,1.707385966,2.141222222,0.40738729,12:36:25
55779,55779,55779,53.57142857,13.671875,0,0,1.773743324,2.206722222,0.351963959,12:36:40
55788,55788,55788,59.65909091,21.97265625,0,0,1.861706149,2.330809524,0.380345209,12:36:55
55794,55794,55792,73.06818182,0.9765625,2,2,1.727390756,1.8536875,0.42257489,12:37:10
55803,55803,55800,54.07407407,0.48828125,3,3,1.594153102,1.690714286,0.43513734,12:37:25
55806,55806,55806,72.6,54.44335938,0,0,1.646556342,1.73426087,0.387990762,12:37:40
55809,55809,55809,63.42857143,6.103515625,0,0,1.595586276,1.592235294,0.343587512,12:37:55
55818,55818,55818,38.62068966,37.84179688,0,0,1.562821031,1.559428571,0.387253817,12:38:10
55824,55824,55821,83.75,65.67382813,3,3,1.776141338,1.772466667,0.411588503,12:38:25
55833,55833,55830,60.71428571,6.103515625,3,3,1.678950773,2.053666667,0.442788089,12:38:40
55836,55836,55836,78,4.150390625,0,0,1.657971617,2.030809524,0.391374844,12:38:55
55839,55839,55839,57.71428571,20.26367188,0,0,1.763652868,2.198833333,0.339727765,12:39:10
55848,55848,55848,57.71428571,44.18945313,0,0,1.82363012,1.819428571,0.391893405,12:39:25
55854,55854,55851,76,33.93554688,3,3,1.822535092,1.820533333,0.407848824,12:39:40
55857,55857,55857,73.33333333,3.41796875,0,0,1.828617081,1.826,0.422842914,12:39:55
55866,55866,55866,76.63265306,20.99609375,0,0,1.846263567,2.185826087,0.380469245,12:40:10
55869,55869,55869,56.95121951,6.8359375,0,0,1.846306434,2.280555556,0.351889647,12:40:25
55878,55878,55878,60.65789474,17.82226563,0,0,1.863177439,2.234095238,0.379966708,12:40:40
55884,55884,55881,72.06521739,26.61132813,3,3,1.852158004,2.223380952,0.38736811,12:40:55
55887,55887,55887,64.88888889,0.732421875,0,0,1.869667786,1.8645,0.412465628,12:41:10
55896,55896,55896,69.03846154,8.056640625,0,0,1.75822774,1.754047619,0.387911926,12:41:25
55899,55899,55899,60.26315789,18.31054688,0,0,1.716454645,1.711777778,0.344234079,12:41:40
55905,55905,55905,68.06122449,10.00976563,0,0,1.587070526,1.583611111,0.407719489,12:41:55
55914,55914,55911,66.53061224,3.662109375,3,3,1.705949721,1.702619048,0.391010483,12:42:10
55917,55917,55917,64.54545455,4.39453125,0,0,1.71757299,2.164888889,0.406568337,12:42:25
55926,55926,55926,79.16666667,9.521484375,0,0,1.932584484,2.316190476,0.390167772,12:42:40
55929,55929,55929,65.88235294,17.33398438,0,0,1.917433425,2.301428571,0.379116118,12:42:55
55935,55935,55935,77.45454545,21.484375,0,0,1.966926662,1.965444444,0.421644413,12:43:10
55944,55944,55941,80.47619048,36.86523438,3,3,1.938869888,1.937428571,0.378576193,12:43:25
55947,55947,55947,62.44897959,7.568359375,0,0,1.873404815,1.870611111,0.420757363,12:43:40
55953,55953,55950,61.02564103,18.06640625,3,3,1.902148593,1.8992,0.412446726,12:43:55
55959,55959,55959,41.06060606,23.19335938,0,0,1.53200333,1.72647619,0.388860084,12:44:10
55965,55965,55962,75.56603774,0.9765625,3,3,1.332557096,1.606333333,0.414545957,12:44:25
55974,55974,55971,70.65789474,20.26367188,3,3,1.436773919,1.847047619,0.387954923,12:44:40
55977,55977,55977,59.59459459,29.05273438,0,0,1.54462555,1.757333333,0.392105607,12:44:55
55983,55983,55980,67.12121212,6.591796875,3,3,1.712499297,1.961555556,0.40773796,12:45:10
55989,55989,55989,52.61904762,2.9296875,0,0,1.713249657,1.706142857,0.391951921,12:45:25
55995,55995,55995,67.74509804,15.625,0,0,1.833416378,1.825944444,0.407682551,12:45:40
56004,56004,56001,67.77777778,5.126953125,3,3,1.786473677,1.779380952,0.392076324,12:45:55
56007,56007,56007,65.125,14.16015625,0,0,1.656754702,2.020095238,0.380904012,12:46:10
56013,56013,56010,37.64705882,3.662109375,3,3,1.486695173,1.995333333,0.422952206,12:46:25
56019,56019,56019,64.16666667,8.056640625,0,0,1.584206386,1.946904762,0.380489926,12:46:40
56025,56025,56022,76.53846154,1.220703125,3,3,1.591738641,1.588333333,0.422188343,12:46:55
56028,56028,56028,52.74193548,12.93945313,0,0,1.7116439,1.709055556,0.351823619,12:47:10
56037,56037,56037,67.75510204,0.244140625,0,0,1.808867368,1.806761905,0.386662002,12:47:25
56043,56043,56040,53.71428571,0.244140625,3,3,1.737914281,1.735388889,0.411090303,12:47:40
56049,56049,56049,63.23529412,23.68164063,0,0,1.906926136,2.278619048,0.379342112,12:47:55
56055,56055,56053,78.87755102,0.9765625,2,2,1.846392404,2.198772727,0.39231071,12:48:10
56058,56058,56058,64,28.3203125,0,0,1.949046411,2.4815,0.340460302,12:48:25
56067,56067,56067,73.63636364,21.484375,0,0,1.960766927,2.042285714,0.392772977,12:48:40
56073,56073,56070,58.90625,29.05273438,3,3,1.971068687,2.075882353,0.407821102,12:48:55
56079,56079,56079,67.94117647,12.20703125,0,0,1.729100098,1.727095238,0.392222783,12:49:10
56085,56085,56085,71.30434783,40.0390625,0,0,1.586222961,1.583708333,0.380986938,12:49:25
56088,56088,56088,61.25,2.685546875,0,0,1.489631438,1.486722222,0.352443609,12:49:40
56097,56097,56097,65,7.8125,0,0,1.670300005,2.031285714,0.381076814,12:49:55
56101,56101,56100,49.45945946,0.244140625,1,1,1.674354674,2.181333333,0.376054716,12:50:10
56106,56106,56106,75.10204082,22.21679688,0,0,1.646062258,2.067,0.413698,12:50:25
56115,56115,56115,64.55555556,22.4609375,0,0,1.568209528,1.883666667,0.388069631,12:50:40
56118,56118,56118,37.8,35.15625,0,0,1.432301561,1.426944444,0.399652068,12:50:55
56127,56127,56127,60.92105263,2.9296875,0,0,1.432918873,1.429238095,0.387818796,12:51:10
56131,56131,56130,60.60606061,33.69140625,1,1,1.390498975,1.386714286,0.410570319,12:51:25
56136,56136,56136,79.23913043,2.44140625,0,0,1.608650371,1.925111111,0.398565165,12:51:40
56145,56145,56145,74.90384615,3.90625,0,0,1.596420321,1.842565217,0.399338239,12:51:55
56148,56148,56148,55.78947368,25.87890625,0,0,1.597769274,1.913,0.38501608,12:52:10
56157,56157,56157,50.81081081,5.615234375,0,0,1.480456378,1.477047619,0.399421789,12:52:25
56161,56161,56160,47.83333333,52.734375,1,1,1.480704283,1.47547619,0.397722137,12:52:40
56166,56166,56166,75.52631579,3.41796875,0,0,1.492813036,1.488388889,0.421170855,12:52:55
56175,56175,56175,69.60784314,56.88476563,0,0,1.678180761,1.674095238,0.379980458,12:53:10
56178,56178,56178,61.38888889,5.615234375,0,0,1.800510981,1.795,0.354708002,12:53:25
56184,56184,56181,67.20588235,16.35742188,3,3,1.58109297,1.574266667,0.423250564,12:53:40
56191,56191,56190,59.48717949,27.83203125,1,1,1.673113279,2.04852381,0.398637385,12:53:55
56196,56196,56196,72.09677419,5.859375,0,0,1.792065576,2.234166667,0.421931038,12:54:10
56205,56205,56203,74.9122807,0.9765625,2,2,1.956649759,2.316954545,0.380193718,12:54:25
56208,56208,56208,68.88888889,17.578125,0,0,2.004968041,2.001857143,0.399421789,12:54:40
56214,56214,56211,68.47826087,4.150390625,3,3,1.955505841,1.9506,0.398909647,12:54:55
56221,56221,56220,55.76923077,0.244140625,1,1,1.812873255,1.809047619,0.418680775,12:55:10
56226,56226,56226,71.3,2.44140625,0,0,1.619887198,1.933666667,0.398865449,12:55:25
56235,56235,56234,76.32075472,8.544921875,1,1,1.48567214,1.731304348,0.399383808,12:55:40
56238,56238,56238,65.27027027,21.72851563,0,0,1.47623955,1.793952381,0.380524399,12:55:55
56244,56244,56242,61.66666667,21.484375,2,2,1.437391934,1.49925,0.422475708,12:56:10
56247,56247,56247,69.23076923,13.42773438,0,0,1.690762542,1.745944444,0.372480989,12:56:25
56256,56256,56256,68.45238095,32.2265625,0,0,1.45579318,1.452944444,0.371149134,12:56:40
56259,56259,56259,56.75675676,2.9296875,0,0,1.653177215,1.650529412,0.351757616,12:56:55
56268,56268,56268,56.35135135,32.71484375,0,0,1.704402175,1.701714286,0.379253052,12:57:10
56274,56274,56272,67.77777778,10.49804688,2,2,1.630144567,1.628181818,0.436192607,12:57:25
56277,56277,56277,59.45945946,12.93945313,0,0,1.670876093,1.768833333,0.398097976,12:57:40
56286,56286,56286,72.5,32.71484375,0,0,1.670685469,1.752428571,0.400099072,12:57:55
56289,56289,56289,41.60714286,3.662109375,0,0,1.514702223,1.615941176,0.332763937,12:58:10
56298,56298,56298,59.07894737,19.04296875,0,0,1.71821824,1.71347619,0.399307866,12:58:25
56304,56304,56301,63.64583333,15.86914063,3,3,1.68216432,1.677571429,0.41684035,12:58:40
56307,56307,56307,70.68181818,54.6875,0,0,1.90195955,1.898722222,0.422664193,12:58:55
56316,56316,56316,71.63043478,18.79882813,0,0,1.7375266,1.982391304,0.380786596,12:59:10
56319,56319,56319,59.48717949,13.18359375,0,0,1.734540607,2.048666667,0.352427048,12:59:25
56325,56325,56323,81.76470588,1.220703125,2,2,1.719513639,2.07225,0.377042315,12:59:40
56334,56334,56332,60.14705882,2.9296875,2,2,1.593842624,1.940363636,0.417036862,12:59:55
56337,56337,56337,75.3030303,12.6953125,0,0,1.614934847,1.722888889,0.422664193,12:00:10
56349,56349,56349,57.9,15.625,0,0,1.495530266,1.568153846,0.434782609,12:00:25
56355,56355,56355,81.15384615,0,0,0,1.492279147,1.487666667,0.513190907,12:00:40
56361,56361,56358,73.7755102,33.69140625,3,3,1.539787944,1.535190476,0.531420221,12:00:55
56373,56373,56372,78.7962963,17.33398438,1,1,1.730712847,1.72462069,0.570884872,12:01:10
56379,56379,56379,66.59574468,41.015625,0,0,1.683264595,1.716666667,0.532375058,12:01:25
56391,56391,56391,68.46938776,14.40429688,0,0,1.736697132,1.760363636,0.571080484,12:01:40
56397,56397,56395,76.94444444,12.93945313,2,2,1.682090574,1.7109,0.544484373,12:01:55
56403,56403,56401,63.67346939,1.220703125,2,2,1.618505609,1.616318182,0.563817041,12:02:10
56415,56415,56413,72.38636364,21.484375,2,2,1.476220439,1.474071429,0.543606284,12:02:25
56421,56421,56418,63.46153846,0.732421875,3,3,1.396547105,1.393173913,0.563115908,12:02:40
56427,56427,56425,74.65116279,2.197265625,2,2,1.426152354,1.422333333,0.563129121,12:02:55
56439,56439,56437,75.43103448,6.103515625,2,2,1.503195496,1.575607143,0.542573971,12:03:10
56445,56445,56445,78.96551724,2.9296875,0,0,1.75901936,1.834777778,0.562403337,12:03:25
56457,56457,56455,77.0754717,11.96289063,2,2,1.843147573,1.911666667,0.543330617,12:03:40
56463,56463,56463,76.42857143,8.056640625,0,0,1.920498403,1.917566667,0.570993529,12:03:55
56469,56469,56469,76.70454545,10.25390625,0,0,1.753827827,1.750958333,0.531714558,12:04:10
56481,56481,56479,78.24074074,22.4609375,2,2,1.827728611,1.825392857,0.570374736,12:04:25
56487,56487,56487,73.26530612,4.150390625,0,0,1.715707107,1.800125,0.530762086,12:04:40
56499,56499,56497,76.63793103,16.35742188,2,2,1.88278441,1.954607143,0.570114593,12:04:55
56505,56505,56505,71.41509434,3.90625,0,0,1.819009691,1.99728125,0.542672118,12:05:10
56511,56511,56508,80.37037037,12.6953125,3,3,1.917126569,2.091714286,0.562574717,12:05:25
56523,56523,56523,73.85964912,17.82226563,0,0,1.787917526,1.92928125,0.544148589,12:05:40
56529,56529,56529,71.97916667,4.39453125,0,0,1.678266905,1.71325,0.504586551,12:05:55
56535,56535,56534,68.03921569,26.85546875,1,1,1.580797333,1.610807692,0.565078169,12:06:10
56547,56547,56547,78.21428571,2.44140625,0,0,1.775074408,1.831903226,0.54493933,12:06:25
56553,56553,56551,69.51923077,1.220703125,2,2,1.759981959,1.801318182,0.563644904,12:06:40
56565,56565,56565,70.09615385,3.662109375,0,0,1.81908163,1.915516129,0.543468415,12:06:55
56571,56571,56569,72.4137931,1.708984375,2,2,1.80251207,1.866483871,0.570114593,12:07:10
56577,56577,56577,75.96491228,2.197265625,0,0,1.859355874,2.017,0.530234408,12:07:25
56589,56589,56587,78.90243902,4.150390625,2,2,1.732310754,1.802689655,0.569887162,12:07:40
56595,56595,56595,73.8372093,3.662109375,0,0,1.650537058,1.801423077,0.531396688,12:07:55
56607,56607,56607,72.15517241,55.90820313,0,0,1.67744214,1.7376,0.571178341,12:08:10
56613,56613,56613,59.11111111,5.37109375,0,0,1.526646,1.584419355,0.544267054,12:08:25
56619,56619,56618,75,2.685546875,1,1,1.655589293,1.653347826,0.563406733,12:08:40
56631,56631,56629,79.02173913,14.40429688,2,2,1.584827766,1.582366667,0.543350298,12:08:55
56637,56637,56637,67.78846154,11.23046875,0,0,1.599369406,1.597041667,0.498978059,12:09:10
56643,56643,56642,82.60416667,7.32421875,1,1,1.603583328,1.601416667,0.563181978,12:09:25
56655,56655,56653,72.24137931,0.9765625,2,2,1.723616372,1.760642857,0.542495479,12:09:40
56661,56661,56659,74.15254237,0.244140625,2,2,1.884900383,1.932636364,0.562258405,12:09:55
56667,56667,56667,77.27272727,6.34765625,0,0,1.896882095,2.01564,0.530550889,12:10:10
56679,56679,56679,76.78571429,2.44140625,0,0,1.9222093,1.9828,0.570884872,12:10:25
56685,56685,56685,66.42857143,6.103515625,0,0,1.75431113,1.824269231,0.531608559,12:10:40
56697,56697,56697,76.20689655,3.41796875,0,0,1.788028815,1.783933333,0.570385581,12:10:55
56703,56703,56701,70.78431373,1.220703125,2,2,1.734272804,1.7299,0.543340457,12:11:10
56709,56709,56707,74.47916667,0.9765625,2,2,1.748123423,1.745318182,0.563129121,12:11:25
56721,56721,56721,65.87719298,1.953125,0,0,1.724657813,1.721545455,0.543222395,12:11:40
56727,56727,56727,67.5,37.59765625,0,0,1.606469984,1.603461538,0.563287723,12:11:55
56733,56733,56732,78.77358491,2.685546875,1,1,1.662184228,1.6592,0.499119842,12:12:10
56745,56745,56743,75.51724138,7.32421875,2,2,1.746099522,1.778285714,0.543744223,12:12:25
56751,56751,56749,72.25806452,5.37109375,2,2,1.975122728,2.018181818,0.563817041,12:12:40
56763,56763,56763,64.72222222,0.9765625,0,0,1.833371282,1.929032258,0.543616135,12:12:55
56769,56769,56769,80.10204082,20.26367188,0,0,1.786907492,1.8491875,0.570147098,12:13:10
56775,56775,56773,63.40425532,14.6484375,2,2,1.538793106,1.622083333,0.530398462,12:13:25
56787,56787,56787,67.25,12.93945313,0,0,1.54419427,1.539375,0.570017101,12:13:40
56793,56793,56793,68.85416667,3.41796875,0,0,1.416668734,1.410125,0.529930005,12:13:55
56805,56805,56803,76.42857143,0.9765625,2,2,1.445215826,1.4399,0.569703185,12:14:10
56811,56811,56809,78.90909091,0.9765625,2,2,1.431946152,1.495068966,0.542996253,12:14:25
56817,56817,56817,80.3,20.5078125,0,0,1.640676377,1.722208333,0.563512562,12:14:40
56829,56829,56826,78.69565217,32.2265625,3,3,1.723007506,1.787551724,0.54307489,12:14:55
56835,56835,56835,64.41860465,25.63476563,0,0,1.561052954,1.556653846,0.562719812,12:15:10
56841,56841,56841,76.13207547,32.47070313,0,0,1.540126525,1.535541667,0.562693426,12:15:25
56853,56853,56851,71.73076923,0.244140625,2,2,1.405339158,1.401571429,0.542456242,12:15:40
56859,56859,56856,65.51724138,1.220703125,3,3,1.499144972,1.496761905,0.562680234,12:15:55
56871,56871,56869,81.14583333,2.197265625,2,2,1.527381526,1.633071429,0.542917639,12:16:10
56877,56877,56877,60.6122449,12.93945313,0,0,1.580928931,1.670272727,0.570287995,12:16:25
56883,56883,56883,74.77272727,54.44335938,0,0,1.531816035,1.642333333,0.531102702,12:16:40
56895,56895,56895,63.05555556,20.5078125,0,0,1.457635784,1.455677419,0.570526596,12:16:55
56901,56901,56901,70.37037037,20.5078125,0,0,1.480972133,1.4765,0.530621269,12:17:10
56913,56913,56911,76.81818182,1.46484375,2,2,1.617865942,1.613642857,0.569833039,12:17:25
56919,56919,56917,81.69811321,5.37109375,2,2,1.719353019,1.788535714,0.542711386,12:17:40
56925,56925,56925,77.76785714,10.7421875,0,0,1.881999393,1.96475,0.562983814,12:17:55
56937,56937,56936,72.79661017,0.732421875,1,1,1.903241591,2.005862069,0.543114217,12:18:10
56943,56943,56943,69.23076923,29.05273438,0,0,1.782258053,1.818346154,0.563287723,12:18:25
56949,56949,56947,75.70175439,0.732421875,2,2,1.765189041,1.808818182,0.563287723,12:18:40
56961,56961,56961,60.95744681,8.30078125,0,0,1.637725733,1.731612903,0.543488107,12:18:55
56967,56967,56965,74.09090909,1.220703125,2,2,1.503035293,1.590136364,0.563486101,12:19:10
56979,56979,56979,69.70588235,8.544921875,0,0,1.439041136,1.56259375,0.543320777,12:19:25
56985,56985,56983,80.1,2.685546875,2,2,1.419393505,1.484933333,0.570071259,12:19:40
56991,56991,56991,69.29824561,47.36328125,0,0,1.623891252,1.780807692,0.530140708,12:19:55
57003,57003,57001,82.05882353,4.638671875,2,2,1.715673474,1.787785714,0.569833039,12:20:10
57009,57009,57009,73.9,23.68164063,0,0,1.76067624,1.9155,0.530234408,12:20:25
57021,57021,57019,76.53061224,0.48828125,2,2,1.741876725,1.810357143,0.57016877,12:20:40
57027,57027,57025,82.98076923,10.7421875,2,2,1.77708496,1.9185,0.543045399,12:20:55
57033,57033,57033,65.24390244,27.83203125,0,0,1.569946695,1.652291667,0.563010228,12:21:10
57039,57039,57036,70.78947368,1.220703125,3,3,1.520729716,1.615047619,0.494665478,12:21:25
57051,57051,57049,76.875,0.9765625,2,2,1.352476323,1.613541667,0.496484586,12:21:40
57057,57057,57057,66.47058824,14.40429688,0,0,1.334259336,1.595375,0.562653851,12:21:55
57069,57069,57068,82.94642857,30.51757813,1,1,1.52844769,1.72359375,0.542672118,12:22:10
57075,57075,57075,74.6875,17.33398438,0,0,1.619467286,1.6172,0.570049594,12:22:25
57081,57081,57081,71.33928571,22.94921875,0,0,1.82621012,1.823875,0.530468802,12:22:40
57093,57093,57093,69.67391304,3.662109375,0,0,1.610517365,1.608424242,0.57016877,12:22:55
57099,57099,57099,75.66666667,21.484375,0,0,1.458393407,1.457166667,0.530844264,12:23:10
57111,57111,57111,78.95833333,32.95898438,0,0,1.478047902,1.476333333,0.570385581,12:23:25
57117,57117,57115,72.66666667,0.9765625,2,2,1.61361823,1.612129032,0.54278012,12:23:40
57123,57123,57121,87.5,29.78515625,2,2,1.809102797,1.806545455,0.562390158,12:23:55
57135,57135,57133,82.75510204,0.9765625,2,2,1.822272493,1.819857143,0.542318956,12:24:10
57141,57141,57138,75.10638298,7.080078125,3,3,1.732930655,1.730304348,0.562812185,12:24:25
57147,57147,57145,80.26785714,1.220703125,2,2,1.730598268,1.728458333,0.502115186,12:24:40
57159,57159,57156,81.78571429,26.12304688,3,3,1.863963429,1.938259259,0.542672118,12:24:55
57165,57165,57162,76.14754098,1.708984375,3,3,2.01143866,2.09525,0.562864983,12:25:10
57177,57177,57175,87.22222222,10.00976563,2,2,1.981519465,2.165166667,0.541271989,12:25:25
57183,57183,57183,77.8,8.7890625,0,0,1.900604644,2.00715625,0.568332512,12:25:40
57189,57189,57186,65.52083333,1.953125,3,3,1.690125169,1.833375,0.528599432,12:25:55
57201,57201,57198,76.96428571,0.732421875,3,3,1.6319536,1.628933333,0.57016877,12:26:10
57207,57207,57204,81.45454545,13.18359375,3,3,1.717468128,1.94447619,0.529941706,12:26:25
57219,57219,57216,81.54761905,14.89257813,3,3,1.817720094,1.9729,0.569562576,12:26:40
57225,57225,57225,75.54545455,10.00976563,0,0,1.876312058,2.241866667,0.542397396,12:26:55
57231,57231,57229,78.58490566,15.38085938,2,2,1.797840246,2.04424,0.562864983,12:27:10
57243,57243,57243,71.27272727,21.97265625,0,0,1.755365473,2.0903,0.541946672,12:27:25
57249,57249,57249,77.68518519,5.126953125,0,0,1.842176794,1.9975,0.561824055,12:27:40
57255,57255,57252,77.84090909,0.244140625,3,3,1.734960438,1.897130435,0.561837208,12:27:55
57267,57267,57264,75.53571429,0.9765625,3,3,1.609755492,1.912413793,0.540871885,12:28:10
57273,57273,57273,79.18181818,16.6015625,0,0,1.626067166,1.833958333,0.561416641,12:28:25
57285,57285,57282,78.18181818,1.46484375,3,3,1.773452151,1.9397,0.538822135,12:28:40
57291,57291,57291,80.18181818,0.732421875,0,0,1.912725758,1.911166667,0.566818448,12:28:55
57297,57297,57297,80.81632653,1.708984375,0,0,1.870328901,1.868875,0.526408142,12:29:10
57309,57309,57306,74.59183673,18.79882813,3,3,1.724348269,1.722407407,0.569627464,12:29:25
57315,57315,57315,75.46296296,1.220703125,0,0,1.640745005,1.911166667,0.528890652,12:29:40
57321,57321,57320,79.41176471,24.65820313,1,1,1.660273107,1.942086957,0.561889823,12:29:55
57333,57333,57333,54.55882353,33.69140625,0,0,1.524194227,1.733032258,0.541457604,12:30:10
57339,57339,57339,71.25,23.92578125,0,0,1.508248975,1.506166667,0.562153046,12:30:25
57345,57345,57345,67.7173913,7.8125,0,0,1.401929081,1.39984,0.499882882,12:30:40
57357,57357,57354,71.42857143,1.220703125,3,3,1.309209568,1.306518519,0.541672685,12:30:55
57363,57363,57363,71.78571429,3.90625,0,0,1.539910743,1.537375,0.562179382,12:31:10
57375,57375,57375,54.125,28.80859375,0,0,1.351133013,1.348666667,0.541985836,12:31:25
57381,57381,57379,80.27777778,0.732421875,2,2,1.447823677,1.445464286,0.569703185,12:31:40
57387,57387,57385,67.85714286,0.732421875,2,2,1.330810281,1.423318182,0.52956752,12:31:55
57399,57399,57399,69.2,1.953125,0,0,1.472151115,1.537566667,0.569692366,12:32:10
57405,57405,57403,67.5,3.90625,2,2,1.459841398,1.542208333,0.528052805,12:32:25
57417,57417,57415,75,1.46484375,2,2,1.682476806,1.678366667,0.568278684,12:32:40
57423,57423,57423,75.3125,33.93554688,0,0,1.636063333,1.7192,0.53880278,12:32:55
57429,57429,57429,68.79310345,22.4609375,0,0,1.842577862,1.938807692,0.559584043,12:33:10
57441,57441,57441,68.95833333,14.6484375,0,0,1.730704853,1.805636364,0.540277703,12:33:25
57447,57447,57445,76.22222222,0.9765625,2,2,1.604583259,1.601454545,0.562864983,12:33:40
57453,57453,57453,76.66666667,1.953125,0,0,1.54968843,1.546041667,0.562878184,12:33:55
57465,57465,57465,65.66037736,6.34765625,0,0,1.523133775,1.51753125,0.540901141,12:34:10
57471,57471,57471,78.88888889,44.18945313,0,0,1.650383594,1.645038462,0.560433402,12:34:25
57483,57483,57483,62.61904762,21.24023438,0,0,1.460800199,1.455966667,0.539694533,12:34:40
57489,57489,57486,73.62068966,8.544921875,3,3,1.483385276,1.48137931,0.568591031,12:34:55
57495,57495,57493,75,0.9765625,2,2,1.547681332,1.695045455,0.527727693,12:35:10
57507,57507,57505,76.70454545,11.96289063,2,2,1.597342799,1.712714286,0.569087184,12:35:25
57513,57513,57513,72.12765957,24.90234375,0,0,1.631306421,1.844555556,0.526373506,12:35:40
57519,57519,57517,74.01960784,0.732421875,2,2,1.517199796,1.620375,0.559714546,12:35:55
57531,57531,57531,74.42307692,1.46484375,0,0,1.633939841,1.81959375,0.539122309,12:36:10
57537,57537,57537,50.11363636,23.92578125,0,0,1.534106809,1.677083333,0.561180349,12:36:25
57543,57543,57543,80.66037736,0.48828125,0,0,1.608415422,1.737846154,0.561180349,12:36:40
57555,57555,57552,67.17391304,35.15625,3,3,1.423847823,1.5356,0.541047468,12:36:55
57561,57561,57558,75.52631579,5.37109375,3,3,1.636294573,1.63,0.562324274,12:37:10
57573,57573,57571,75.70175439,58.10546875,2,2,1.671563791,1.905821429,0.541174348,12:37:25
57579,57579,57579,62.04081633,5.859375,0,0,1.625094883,1.843266667,0.568666477,12:37:40
57585,57585,57582,75.37037037,0.732421875,3,3,1.66918454,1.943625,0.528215512,12:37:55
57597,57597,57597,71.02040816,11.71875,0,0,1.601802279,1.5974,0.569454463,12:38:10
57603,57603,57603,75.65217391,0,0,0,1.647652563,1.643333333,0.52900723,12:38:25
57615,57615,57612,81.4893617,0.732421875,3,3,1.65449906,1.650333333,0.569400421,12:38:40
57621,57621,57618,73.5,12.93945313,3,3,1.635281868,1.813074074,0.541643346,12:38:55
57627,57627,57624,79.18181818,5.859375,3,3,1.788724998,2.018095238,0.56206089,12:39:10
57639,57639,57639,76.54545455,13.91601563,0,0,1.792572458,2.039212121,0.541184111,12:39:25
57645,57645,57643,73.52272727,0.244140625,2,2,1.685286623,1.8166,0.501191089,12:39:40
57651,57651,57651,72.61363636,22.4609375,0,0,1.566076188,1.686592593,0.561626846,12:39:55
57663,57663,57661,82.40740741,25.390625,2,2,1.705151857,1.809709677,0.541379435,12:40:10
57669,57669,57667,77.54716981,0.732421875,2,2,1.799498496,1.796041667,0.562337449,12:40:25
57681,57681,57681,65.91836735,0.732421875,0,0,1.68000822,1.7132,0.541829215,12:40:40
57687,57687,57684,78.75,14.40429688,3,3,1.628772817,1.663103448,0.569400421,12:40:55
57693,57693,57693,63.1,27.09960938,0,0,1.425077955,1.606307692,0.528844035,12:41:10
57705,57705,57703,72.24489796,0.9765625,2,2,1.520229128,1.650464286,0.56934639,12:41:25
57711,57711,57711,78.11111111,0.244140625,0,0,1.559681227,1.772074074,0.529065538,12:41:40
57717,57717,57717,74.55357143,5.37109375,0,0,1.673309743,1.758875,0.562482422,12:41:55
57729,57729,57726,76.14583333,0.48828125,3,3,1.473075407,1.542965517,0.541721591,12:42:10
57735,57735,57733,81.16071429,0.9765625,2,2,1.597899898,1.593318182,0.561929291,12:42:25
57741,57741,57741,72.69230769,8.056640625,0,0,1.57759603,1.572541667,0.499260161,12:42:40
57753,57753,57753,60.65217391,16.35742188,0,0,1.591769397,1.587033333,0.541633567,12:42:55
57759,57759,57756,79.71153846,0.732421875,3,3,1.538288677,1.534869565,0.562337449,12:43:10
57771,57771,57769,80.18867925,30.76171875,2,2,1.598757648,1.708107143,0.54200542,12:43:25
57777,57777,57775,76.85185185,0.9765625,2,2,1.690573247,1.796655172,0.569551763,12:43:40
57783,57783,57780,74.375,1.953125,3,3,1.822871092,1.952125,0.531785247,12:43:55
57795,57795,57793,71,6.34765625,2,2,1.707114973,1.705321429,0.571875179,12:44:10
57801,57801,57799,69.6,0.244140625,2,2,1.547543477,1.632625,0.531785247,12:44:25
57813,57813,57810,81.66666667,0.244140625,3,3,1.556276885,1.621966667,0.56957339,12:44:40
57819,57819,57819,52.125,10.7421875,0,0,1.448247044,1.68296875,0.541047468,12:44:55
57825,57825,57823,64.79591837,0.9765625,2,2,1.368423427,1.594791667,0.561062278,12:45:10
57837,57837,57837,72.25490196,0.48828125,0,0,1.332702005,1.587833333,0.54037502,12:45:25
57843,57843,57840,77.11538462,11.23046875,3,3,1.451294438,1.554666667,0.561521724,12:45:40
57849,57849,57849,73.54545455,38.0859375,0,0,1.644087538,1.726307692,0.561521724,12:45:55
57861,57861,57860,69.71698113,11.23046875,1,1,1.631429106,1.699935484,0.540637953,12:46:10
57867,57867,57865,72.84482759,19.04296875,2,2,1.673029838,1.67,0.561416641,12:46:25
57879,57879,57879,73.67924528,21.72851563,0,0,1.58476523,1.6457,0.542211137,12:46:40
57885,57885,57885,68.64583333,7.32421875,0,0,1.62880675,1.689966667,0.570559148,12:46:55
57891,57891,57891,69.4,32.2265625,0,0,1.545570851,1.615846154,0.530914722,12:47:10
57903,57903,57903,73.63636364,5.859375,0,0,1.679768944,1.676766667,0.570060426,12:47:25
57909,57909,57909,70.26315789,25.87890625,0,0,1.730299609,1.727291667,0.530000221,12:47:40
57921,57921,57920,75.70175439,18.5546875,1,1,1.866163712,1.863793103,0.569714004,12:47:55
57927,57927,57927,72.62711864,10.00976563,0,0,1.873180536,1.9023125,0.542407203,12:48:10
57933,57933,57933,72.7,50.78125,0,0,1.901084836,1.941291667,0.562693426,12:48:25
57945,57945,57942,71.63636364,0.48828125,3,3,1.863280461,1.973827586,0.541418517,12:48:40
57951,57951,57951,71.25,1.46484375,0,0,1.727167375,1.819333333,0.496848617,12:48:55
57957,57957,57954,69.75609756,0.9765625,3,3,1.609741984,1.715571429,0.56129847,12:49:10
57969,57969,57969,76.92307692,15.38085938,0,0,1.597576115,1.7568125,0.541985836,12:49:25
57975,57975,57973,77.45283019,0.244140625,2,2,1.60203261,1.731727273,0.563459642,12:49:40
57981,57981,57979,76.75925926,39.0625,2,2,1.767137719,1.96348,0.530421906,12:49:55
57993,57993,57990,81.13207547,45.8984375,3,3,1.679436501,1.753962963,0.569778926,12:50:10
57999,57999,57997,75.58333333,27.83203125,2,2,1.701623025,1.9155,0.529649328,12:50:25
58011,58011,58008,74.3,5.126953125,3,3,1.615909042,1.720758621,0.569703185,12:50:40
58017,58017,58014,77.66666667,0.48828125,3,3,1.881957468,2.102962963,0.542858694,12:50:55
58023,58023,58020,79.72222222,16.11328125,3,3,1.820176333,1.944652174,0.563367057,12:51:10
58035,58035,58035,50.83333333,12.6953125,0,0,1.661984096,1.757433333,0.543084721,12:51:25
58041,58041,58041,71.25,5.37109375,0,0,1.522083382,1.52,0.562891385,12:51:40
58047,58047,58045,76.57407407,38.81835938,2,2,1.496330932,1.49404,0.501597167,12:51:55
58059,58059,58056,76.92982456,10.25390625,3,3,1.441212008,1.630392857,0.542367979,12:52:10
58065,58065,58063,79.89361702,21.484375,2,2,1.754189976,1.994454545,0.56237698,12:52:25
58077,58077,58075,67.87037037,0.732421875,2,2,1.7010801,1.9134,0.541516245,12:52:40
58083,58083,58083,75.625,16.35742188,0,0,1.746357169,1.776515152,0.568990043,12:52:55
58089,58089,58087,73.05555556,0.9765625,2,2,1.70348101,1.746708333,0.529509101,12:53:10
58101,58101,58098,77.32142857,8.544921875,3,3,1.694465203,1.691862069,0.570331363,12:53:25
58107,58107,58107,69.91525424,19.28710938,0,0,1.816076942,2.1455,0.530339859,12:53:40
58119,58119,58119,75.67307692,20.5078125,0,0,1.735614471,1.9823125,0.569778926,12:53:55
58125,58125,58123,74.8245614,0.48828125,2,2,1.785948267,2.068321429,0.542162143,12:54:10
58131,58131,58131,55,0.48828125,0,0,1.479167988,1.477375,0.562324274,12:54:25
58143,58143,58141,72.2826087,0.48828125,2,2,1.542199702,1.617392857,0.541604232,12:54:40
58149,58149,58149,79.28571429,1.708984375,0,0,1.548110802,1.628384615,0.561929291,12:54:55
58155,58155,58152,77.64150943,10.98632813,3,3,1.801613692,1.901952381,0.561916134,12:55:10
58167,58167,58167,73.42592593,7.32421875,0,0,1.755490762,2.01225,0.54247586,12:55:25
58173,58173,58170,75.53191489,0.48828125,3,3,1.745895869,2.036238095,0.563499331,12:55:40
58185,58185,58185,59.46808511,11.47460938,0,0,1.633542008,1.846060606,0.543025739,12:55:55
58191,58191,58189,75.63636364,0.9765625,2,2,1.631583434,1.663464286,0.569746463,12:56:10
58197,58197,58197,75.72727273,34.1796875,0,0,1.691676736,1.800851852,0.52963764,12:56:25
58209,58209,58206,74.01785714,0.244140625,3,3,1.689725641,1.755833333,0.569703185,12:56:40
58215,58215,58212,81.16071429,50.78125,3,3,1.905364771,2.129521739,0.529182193,12:56:55
58227,58227,58227,79.61538462,40.52734375,0,0,1.809125496,1.9119,0.569313977,12:57:10
58233,58233,58231,76.75925926,0.48828125,2,2,1.820427023,1.92737931,0.542593597,12:57:25
58239,58239,58237,77.54716981,28.07617188,2,2,1.757310865,1.7554,0.563446414,12:57:40
58245,58245,58245,66.02040816,27.83203125,0,0,1.763727127,1.760846154,0.494917124,12:57:55
58257,58257,58254,71.33333333,27.83203125,3,3,1.762485471,1.759913043,0.496661039,12:58:10
58263,58263,58263,76.47058824,2.197265625,0,0,1.72474216,1.722,0.562746201,12:58:25
58275,58275,58275,69.03508772,4.150390625,0,0,1.78554341,1.7815,0.542220937,12:58:40
58281,58281,58279,68.96226415,0.48828125,2,2,1.757728233,1.753466667,0.569476082,12:58:55
58287,58287,58285,68.69565217,0.9765625,2,2,1.601866879,1.697045455,0.528413219,12:59:10
58299,58299,58299,65.45454545,13.42773438,0,0,1.562406377,1.625333333,0.568839,12:59:25
58305,58305,58305,78.46153846,6.591796875,0,0,1.574919767,1.658230769,0.529263882,12:59:40
58317,58317,58317,74.42307692,2.9296875,0,0,1.567294335,1.5655625,0.570255474,12:59:55
58323,58323,58321,71.33333333,0.244140625,2,2,1.49642336,1.493857143,0.542318956,12:00:10
58329,58329,58326,83.7037037,0.732421875,3,3,1.533976373,1.531095238,0.561902978,12:00:25
58341,58341,58341,76.66666667,4.150390625,0,0,1.663264373,1.724727273,0.541486923,12:00:40
58347,58347,58344,71.96078431,0.48828125,3,3,1.741449567,1.831434783,0.562179382,12:00:55
58353,58353,58353,64.02173913,20.75195313,0,0,1.540861322,1.615888889,0.562179382,12:01:10
58365,58365,58365,75.7,10.00976563,0,0,1.511846855,1.572625,0.541731373,12:01:25
58371,58371,58368,76.41509434,20.99609375,3,3,1.587749215,1.581875,0.562245233,12:01:40
58383,58383,58381,63.36734694,1.46484375,2,2,1.542196906,1.645392857,0.542269942,12:01:55
58389,58389,58387,76,0.732421875,2,2,1.559561476,1.664285714,0.569941296,12:02:10
58395,58395,58393,71.58536585,1.220703125,2,2,1.437039614,1.64116,0.529193861,12:02:25
58407,58407,58406,78.96226415,14.89257813,1,1,1.566253053,1.638413793,0.56909798,12:02:40
58413,58413,58413,67.0754717,4.8828125,0,0,1.55284184,1.632961538,0.528436489,12:02:55
58425,58425,58425,65.625,7.32421875,0,0,1.56161479,1.559,0.569238359,12:03:10
58431,58431,58431,65.65217391,12.6953125,0,0,1.493034331,1.490366667,0.541232929,12:03:25
58437,58437,58434,75.18867925,18.06640625,3,3,1.43671356,1.434333333,0.561692567,12:03:40
58449,58449,58447,78.54545455,0.48828125,2,2,1.669710866,1.739892857,0.541799859,12:03:55
58455,58455,58452,80.08928571,0.48828125,3,3,1.92626545,2.021333333,0.500980208,12:04:10
58461,58461,58458,81.07142857,0.732421875,3,3,1.972934238,2.055708333,0.562812185,12:04:25
58473,58473,58471,76.73076923,0.9765625,2,2,1.866381515,2.033709677,0.541887938,12:04:40
58479,58479,58478,80.64814815,23.68164063,1,1,1.859244802,1.981423077,0.561824055,12:04:55
58485,58485,58485,73.65384615,19.28710938,0,0,1.761536103,1.87937037,0.528169014,12:05:10
58497,58497,58497,65.76923077,4.39453125,0,0,1.634888029,1.6319,0.569033213,12:05:25
58503,58503,58501,83.57142857,25.63476563,2,2,1.555492772,1.551434783,0.528145768,12:05:40
58515,58515,58512,74.91525424,0.732421875,3,3,1.690127821,1.686592593,0.569044006,12:05:55
58521,58521,58519,80.64814815,49.8046875,2,2,1.719231419,1.827571429,0.541623788,12:06:10
58527,58527,58524,67.72727273,14.89257813,3,3,1.870659505,2.003521739,0.562456058,12:06:25
58539,58539,58536,72.76595745,11.47460938,3,3,1.755127836,1.9799,0.541917303,12:06:40
58545,58545,58543,76.5625,0.9765625,2,2,1.585958929,1.737125,0.562192551,12:06:55
58551,58551,58551,71.93877551,4.150390625,0,0,1.560049157,1.693888889,0.50055048,12:07:10
58563,58563,58561,69.91803279,9.033203125,2,2,1.640034135,1.756483871,0.540979172,12:07:25
58569,58569,58566,75.60344828,15.625,3,3,1.80312363,1.800826087,0.561206594,12:07:40
58581,58581,58581,46.06060606,20.75195313,0,0,1.647145355,1.859966667,0.540910894,12:07:55
58587,58587,58584,73.83928571,13.18359375,3,3,1.655839388,1.869066667,0.56929237,12:08:10
58593,58593,58593,78.6,16.6015625,0,0,1.55345926,1.988185185,0.528937277,12:08:25
58605,58605,58605,66.42857143,3.173828125,0,0,1.450139214,1.626333333,0.569508514,12:08:40
58611,58611,58609,79.24528302,1.220703125,2,2,1.705413639,1.9172,0.528529587,12:08:55
58623,58623,58621,75.44642857,11.96289063,2,2,1.644875518,1.641214286,0.5689253,12:09:10
58629,58629,58626,74.57446809,6.34765625,3,3,1.578827891,1.613766667,0.54018042,12:09:25
58635,58635,58634,69.05660377,22.70507813,1,1,1.573507271,1.61576,0.560669065,12:09:40
58647,58647,58645,79.48275862,0.732421875,2,2,1.772748937,1.914266667,0.540423692,12:09:55
58653,58653,58653,62.2826087,0.9765625,0,0,1.662284981,1.777296296,0.5018241,12:10:10
58659,58659,58659,71.8,6.591796875,0,0,1.628297298,1.75284,0.561981923,12:10:25
58671,58671,58668,75.35714286,0.48828125,3,3,1.685366077,1.788633333,0.54208377,12:10:40
58677,58677,58677,69.90196078,8.30078125,0,0,1.686224929,1.683666667,0.562891385,12:10:55
58689,58689,58687,64.7,0.244140625,2,2,1.619432215,1.616964286,0.541976045,12:11:10
58695,58695,58692,82.64705882,19.28710938,3,3,1.631027839,1.628862069,0.569076389,12:11:25
58701,58701,58698,80.54545455,0.732421875,3,3,1.689146547,2.095333333,0.526662278,12:11:40
58713,58713,58713,67.89473684,14.6484375,0,0,1.688456393,1.971666667,0.567601317,12:11:55
58719,58719,58716,71.46551724,31.73828125,3,3,1.759139557,2.113833333,0.526408142,12:12:10
58725,58725,58725,78.21428571,41.015625,0,0,1.718340899,1.716037037,0.56157428,12:12:25
58737,58737,58737,76.58536585,23.19335938,0,0,1.618500653,1.6159375,0.541486923,12:12:40
58743,58743,58740,77.0754717,12.6953125,3,3,1.609949894,1.6075,0.562508789,12:12:55
58749,58749,58749,70,13.671875,0,0,1.554302931,1.551208333,0.500727729,12:13:10
58761,58761,58759,78.84615385,38.33007813,2,2,1.648086377,1.645107143,0.541379435,12:13:25
58767,58767,58767,73.82978723,27.83203125,0,0,1.666351842,1.663444444,0.561429774,12:13:40
58779,58779,58778,72.87234043,16.11328125,1,1,1.489749593,1.48762069,0.539713952,12:13:55
58785,58785,58785,68.77358491,40.0390625,0,0,1.508030923,1.50615625,0.567783939,12:14:10
58791,58791,58791,80.8,35.64453125,0,0,1.462019517,1.460583333,0.527032369,12:14:25
58803,58803,58801,68.4375,1.708984375,2,2,1.552918488,1.550966667,0.56924916,12:14:40
58809,58809,58809,75.94339623,5.37109375,0,0,1.647407092,1.688625,0.528576148,12:14:55
58821,58821,58819,80.79545455,15.13671875,2,2,1.583494559,1.616821429,0.569227558,12:15:10
58827,58827,58827,53.85714286,13.18359375,0,0,1.44118852,1.5045625,0.541096261,12:15:25
58833,58833,58833,66.11111111,3.662109375,0,0,1.357407104,1.399208333,0.561534862,12:15:40
58845,58845,58842,68.86792453,8.7890625,3,3,1.439575062,1.671793103,0.539316147,12:15:55
58851,58851,58849,76.76470588,3.41796875,2,2,1.659783641,1.918409091,0.499499825,12:16:10
58857,58857,58854,74.03508772,12.20703125,3,3,1.769667333,2.041238095,0.559623187,12:16:25
58869,58869,58867,69.89361702,7.8125,2,2,1.717224107,2.066129032,0.538677009,12:16:40
58875,58875,58872,77.41071429,1.953125,3,3,1.81407941,2.035521739,0.560669065,12:16:55
58881,58881,58881,74.9,24.16992188,0,0,1.716792862,2.103518519,0.525267558,12:17:10
58893,58893,58890,79.6,28.3203125,3,3,1.705608165,1.902,0.567279328,12:17:25
58899,58899,58899,72.83333333,51.02539063,0,0,1.763900777,2.166148148,0.525083685,12:17:40
58911,58911,58908,78.46153846,27.83203125,3,3,1.699732733,1.903444444,0.567945174,12:17:55
58917,58917,58916,71.77083333,18.79882813,1,1,1.601137663,1.905103448,0.53982078,12:18:10
58923,58923,58921,72.58928571,23.92578125,2,2,1.526048349,1.674590909,0.561377246,12:18:25
58935,58935,58933,78.91304348,72.75390625,2,2,1.699877594,1.902535714,0.539548937,12:18:40
58941,58941,58939,68.01724138,10.7421875,2,2,1.770818731,1.874391304,0.560093349,12:18:55
58947,58947,58944,76.66666667,13.671875,3,3,1.779910484,1.883521739,0.560080278,12:19:10
58959,58959,58959,67.12765957,8.30078125,0,0,1.683475422,1.831454545,0.538058684,12:19:25
58965,58965,58965,67.45098039,19.77539063,0,0,1.653669481,1.748076923,0.55934929,12:19:40
58977,58977,58975,69.3877551,23.4375,2,2,1.615885593,1.693967742,0.538570634,12:19:55
58983,58983,58981,74.55357143,16.11328125,2,2,1.592262148,1.58916129,0.568203341,12:20:10
58989,58989,58987,79.41176471,4.39453125,2,2,1.753100254,1.849,0.527043942,12:20:25
59001,59001,58999,71.03448276,14.6484375,2,2,1.663386315,1.731066667,0.568828214,12:20:40
59007,59007,59004,72.78846154,12.93945313,3,3,1.655314352,1.912652174,0.527576883,12:20:55
59013,59013,59013,64.63636364,7.32421875,0,0,1.603832613,1.748076923,0.561390377,12:21:10
59025,59025,59023,71.27906977,8.7890625,2,2,1.626536527,1.998214286,0.54048211,12:21:25
59031,59031,59030,75.53571429,2.685546875,1,1,1.627861928,1.880730769,0.561350985,12:21:40
59037,59037,59034,75.11111111,12.20703125,3,3,1.610179524,1.922380952,0.496807316,12:21:55
59049,59049,59049,64.25925926,22.4609375,0,0,1.603289337,1.955727273,0.540054005,12:22:10
59055,59055,59052,73.13953488,11.47460938,3,3,1.509473564,1.738272727,0.560786971,12:22:25
59067,59067,59065,67.55102041,43.45703125,2,2,1.570801994,1.922225806,0.538193822,12:22:40
59073,59073,59070,75.28301887,4.8828125,3,3,1.562598201,1.777925926,0.566615042,12:22:55
59079,59079,59079,63.20754717,31.49414063,0,0,1.615726607,2.086222222,0.523891642,12:23:10
59091,59091,59091,67,68.60351563,0,0,1.543100487,1.7550625,0.567472478,12:23:25
59097,59097,59095,62.43902439,37.59765625,2,2,1.385235433,1.65836,0.524532838,12:23:40
59109,59109,59106,77.78846154,20.26367188,3,3,1.410665136,1.406185185,0.567214974,12:23:55
59115,59115,59113,72.36842105,19.77539063,2,2,1.524955206,1.645633333,0.537615139,12:24:10
59121,59121,59121,59.35483871,5.615234375,0,0,1.624356812,1.7645,0.559271083,12:24:25
59133,59133,59133,68.125,23.4375,0,0,1.566596694,1.687766667,0.539287063,12:24:40
59139,59139,59136,72.40740741,16.84570313,3,3,1.478382711,1.475782609,0.497896622,12:24:55
59145,59145,59142,75.08474576,0.48828125,3,3,1.59390195,1.590809524,0.561837208,12:25:10
59157,59157,59157,73.89830508,6.34765625,0,0,1.777977244,2.0007,0.540365287,12:25:25
59163,59163,59160,67.20930233,56.15234375,3,3,1.723566054,2.002375,0.560747664,12:25:40
59169,59169,59166,71.90909091,0.732421875,3,3,1.666285566,2.16275,0.525693258,12:25:55
59181,59181,59181,60.31914894,5.126953125,0,0,1.486822974,1.643,0.567590578,12:26:10
59187,59187,59185,80.9,4.8828125,2,2,1.542788915,1.74968,0.526177322,12:26:25
59199,59199,59197,79.59183673,36.62109375,2,2,1.515559909,1.512451613,0.568644919,12:26:40
59205,59205,59203,74.53703704,19.04296875,2,2,1.590582352,1.6652,0.539733372,12:26:55
59211,59211,59208,75.98214286,15.38085938,3,3,1.687999858,1.784826087,0.560433402,12:27:10
59223,59223,59221,73.72881356,0.9765625,2,2,1.84964066,2.047928571,0.539665407,12:27:25
59229,59229,59226,69.64912281,0.244140625,3,3,1.884844967,2.025652174,0.561219718,12:27:40
59235,59235,59233,73.26086957,3.90625,2,2,1.782540629,1.91204,0.561206594,12:27:55
59247,59247,59245,72.31481481,18.06640625,2,2,1.736964328,1.969806452,0.539723661,12:28:10
59253,59253,59253,67.25490196,21.484375,0,0,1.585504549,1.730740741,0.560485754,12:28:25
59265,59265,59262,75,10.98632813,3,3,1.601344207,1.737241379,0.539180446,12:28:40
59271,59271,59271,55.46511628,27.58789063,0,0,1.436982017,1.4353125,0.567955927,12:28:55
59277,59277,59274,62.875,15.38085938,3,3,1.220255818,1.21752381,0.525946704,12:29:10
59289,59289,59289,67.05357143,22.70507813,0,0,1.369375188,1.3659,0.568041959,12:29:25
59295,59295,59295,74.42307692,9.521484375,0,0,1.48174957,1.478333333,0.526685393,12:29:40
59301,59301,59301,66.2244898,12.6953125,0,0,1.588209891,1.585296296,0.561311598,12:29:55
59313,59313,59310,83.29787234,27.09960938,3,3,1.621443273,1.619740741,0.540287433,12:30:10
59319,59319,59319,67.18181818,41.015625,0,0,1.590929732,1.589625,0.561140987,12:30:25
59325,59325,59323,78.67346939,2.44140625,2,2,1.675532831,1.674227273,0.497650222,12:30:40
59337,59337,59334,74.23076923,17.578125,3,3,1.519928681,1.601555556,0.540024841,12:30:55
59343,59343,59341,73.48214286,0,2,2,1.523031481,1.622227273,0.560970479,12:31:10
59355,59355,59353,77.36363636,24.16992188,2,2,1.593862984,1.8517,0.539937367,12:31:25
59361,59361,59358,75,0.732421875,3,3,1.803763727,2.007444444,0.56840789,12:31:40
59367,59367,59365,79.81818182,22.21679688,2,2,1.866460861,2.231208333,0.527229191,12:31:55
59379,59379,59377,65.66666667,0.48828125,2,2,1.617410567,1.718451613,0.568817429,12:32:10
59385,59385,59383,67.55555556,1.220703125,2,2,1.400298258,1.6156,0.527148129,12:32:25
59397,59397,59395,74.375,0.244140625,2,2,1.331337403,1.401966667,0.568321746,12:32:40
59403,59403,59400,58.55555556,1.46484375,3,3,1.298720619,1.448535714,0.540667183,12:32:55
59409,59409,59409,69.13461538,1.46484375,0,0,1.423196757,1.499653846,0.562074053,12:33:10
59421,59421,59419,74.44444444,33.93554688,2,2,1.43404487,1.497612903,0.540803634,12:33:25
59427,59427,59427,65,7.32421875,0,0,1.427580079,1.425423077,0.56110163,12:33:40
59433,59433,59430,75.12195122,3.90625,3,3,1.335083173,1.332857143,0.561088512,12:33:55
59445,59445,59443,66.2962963,0.9765625,2,2,1.55943061,1.5955,0.540229057,12:34:10
59451,59451,59449,75.75471698,54.6875,2,2,1.610884317,1.657636364,0.561285343,12:34:25
59463,59463,59460,70.37735849,12.93945313,3,3,1.638491821,1.7468,0.540199874,12:34:40
59469,59469,59466,77.54545455,8.7890625,3,3,1.646105561,1.720655172,0.5684402,12:34:55
59475,59475,59473,66.02272727,10.49804688,2,2,1.527768684,1.716958333,0.526015868,12:35:10
59487,59487,59484,77.44186047,12.6953125,3,3,1.549804742,1.633111111,0.567644276,12:35:25
59493,59493,59491,73.52941176,0.732421875,2,2,1.469753548,1.79336,0.524441142,12:35:40
59499,59499,59496,57.11111111,32.95898438,3,3,1.417332439,1.666391304,0.559258051,12:35:55
59511,59511,59510,82.25490196,22.70507813,1,1,1.592984942,1.892483871,0.540170694,12:36:10
59517,59517,59515,75.49019608,1.46484375,2,2,1.664720102,1.811875,0.563036644,12:36:25
59523,59523,59521,68.61702128,0.48828125,2,2,1.724946633,1.86644,0.563063063,12:36:40
59535,59535,59535,72.9,9.27734375,0,0,1.633584231,1.77765625,0.541809644,12:36:55
59541,59541,59538,83.33333333,55.17578125,3,3,1.569143521,1.614173913,0.561482313,12:37:10
59553,59553,59550,73.24074074,0.48828125,3,3,1.74572968,2.007413793,0.54062821,12:37:25
59559,59559,59559,70.0877193,1.46484375,0,0,1.713228904,1.91690625,0.568763508,12:37:40
59565,59565,59563,67.04545455,0.244140625,2,2,1.6496113,1.91072,0.526500527,12:37:55
59577,59577,59574,64.13043478,0.48828125,3,3,1.449372526,1.447448276,0.567783939,12:38:10
59583,59583,59583,70.20833333,23.92578125,0,0,1.297248027,1.381875,0.52658139,12:38:25
59595,59595,59593,73.20754717,1.708984375,2,2,1.382251637,1.4497,0.568849786,12:38:40
59601,59601,59601,71.75925926,4.150390625,0,0,1.429784612,1.496733333,0.540901141,12:38:55
59607,59607,59605,67.82608696,0.9765625,2,2,1.461791484,1.458772727,0.561732007,12:39:10
59619,59619,59619,60.33333333,59.32617188,0,0,1.522147544,1.6305,0.540511324,12:39:25
59625,59625,59622,68.14814815,6.591796875,3,3,1.448345304,1.604428571,0.497482351,12:39:40
59631,59631,59631,66.4893617,16.6015625,0,0,1.489791749,1.615307692,0.561036047,12:39:55
59643,59643,59641,76.63461538,22.21679688,2,2,1.404975526,1.510064516,0.5396557,12:40:10
59649,59649,59646,66.69354839,0.48828125,3,3,1.514808475,1.512791667,0.560564301,12:40:25
59655,59655,59655,70.26315789,37.59765625,0,0,1.622948959,1.707375,0.527206028,12:40:40
59667,59667,59665,75.81818182,1.46484375,2,2,1.785259842,1.8522,0.569162762,12:40:55
59673,59673,59673,63.23529412,21.72851563,0,0,1.538940158,1.693962963,0.527878588,12:41:10
59685,59685,59684,80.74074074,22.21679688,1,1,1.612415531,1.685551724,0.568666477,12:41:25
59691,59691,59691,67.55319149,31.98242188,0,0,1.544871925,1.6455625,0.540258243,12:41:40
59697,59697,59695,71.51785714,4.638671875,2,2,1.716312216,1.765,0.56110163,12:41:55
59709,59709,59706,78.52941176,0.48828125,3,3,1.607596453,1.643275862,0.539743082,12:42:10
59715,59715,59715,64.3,12.6953125,0,0,1.518335128,1.515583333,0.560616678,12:42:25
59721,59721,59718,81.63265306,33.44726563,3,3,1.497124277,1.494304348,0.560616678,12:42:40
59733,59733,59730,78.70689655,56.640625,3,3,1.811088952,2.006925926,0.540569761,12:42:55
59739,59739,59737,72.45098039,16.35742188,2,2,1.859174369,2.099636364,0.562232061,12:43:10
59751,59751,59751,66.72413793,0.732421875,0,0,1.787223864,2.012484848,0.541115781,12:43:25
59757,59757,59754,81.875,9.27734375,3,3,1.688378995,1.758,0.568688037,12:43:40
59763,59763,59763,76.81818182,8.30078125,0,0,1.680632946,1.889346154,0.527067091,12:43:55
59775,59775,59772,73.96551724,6.591796875,3,3,1.743966479,1.856517241,0.568375583,12:44:10
59781,59781,59779,78.42105263,0.48828125,2,2,1.870469752,2.33248,0.526986079,12:44:25
59793,59793,59793,64.88888889,20.75195313,0,0,1.630747749,1.904233333,0.568612585,12:44:40
59799,59799,59796,81.14583333,4.8828125,3,3,1.634896158,1.908466667,0.538377331,12:44:55
59805,59805,59805,63.96226415,22.4609375,0,0,1.426004568,1.423153846,0.558620208,12:45:10
59811,59811,59811,69.31818182,8.544921875,0,0,1.427789636,1.425038462,0.494373065,12:45:25
59823,59823,59821,78.54545455,24.65820313,2,2,1.584495038,1.58152,0.494203256,12:45:40
59829,59829,59829,59.76190476,22.4609375,0,0,1.483680284,1.48125,0.563817041,12:45:55
59841,59841,59838,65.20408163,0.244140625,3,3,1.524219507,1.520814815,0.542113157,12:46:10
59847,59847,59844,80.5,3.90625,3,3,1.540340846,1.537344828,0.568483287,12:46:25
59853,59853,59853,76.2037037,30.2734375,0,0,1.646035387,1.918333333,0.52699765,12:46:40
59865,59865,59865,61.74418605,10.7421875,0,0,1.518390496,1.715909091,0.56852638,12:46:55
59871,59871,59868,83.08510638,0.48828125,3,3,1.557389689,1.831,0.526396596,12:47:10
59883,59883,59880,74.28571429,33.69140625,3,3,1.366576555,1.364259259,0.567923671,12:47:25
59889,59889,59889,68.85416667,12.20703125,0,0,1.308155592,1.3726875,0.53979164,12:47:40
59895,59895,59895,66.8,26.61132813,0,0,1.331870094,1.409037037,0.561390377,12:47:55
59907,59907,59905,87.1,15.38085938,2,2,1.497732875,1.649642857,0.540404222,12:48:10
59913,59913,59910,71.75,4.39453125,3,3,1.705731754,1.804619048,0.561259091,12:48:25
59919,59919,59919,67.31707317,5.859375,0,0,1.592791182,1.677166667,0.561245966,12:48:40
59931,59931,59928,70.8490566,17.08984375,3,3,1.550995168,1.618,0.539607166,12:48:55
59937,59937,59934,74.89130435,31.25,3,3,1.339225035,1.334916667,0.560315644,12:49:10
59949,59949,59947,75.37037037,23.68164063,2,2,1.574289443,1.706178571,0.539976241,12:49:25
59955,59955,59953,72.28070175,33.69140625,2,2,1.716289102,1.84825,0.568990043,12:49:40
59961,59961,59959,78.08510638,0.244140625,2,2,1.745468512,1.97992,0.527716089,12:49:55
59973,59973,59971,71.53846154,28.3203125,2,2,1.741977035,1.810666667,0.568677257,12:50:10
59979,59979,59976,79.3877551,16.84570313,3,3,1.702377472,1.792869565,0.526847258,12:50:25
59985,59985,59985,57.40384615,27.09960938,0,0,1.619316796,1.615884615,0.560760765,12:50:40
59997,59997,59995,67.7173913,22.21679688,2,2,1.527572863,1.597967742,0.539384023,12:50:55
60003,60003,60001,73.11320755,18.79882813,2,2,1.503661413,1.59228,0.560498844,12:51:10
60009,60009,60009,68.23529412,1.953125,0,0,1.548524754,1.641708333,0.499369454,12:51:25
60021,60021,60019,75.19230769,26.12304688,2,2,1.589580042,1.663966667,0.540725654,12:51:40
60027,60027,60024,82.14285714,61.76757813,3,3,1.6724332,1.670913043,0.562574717,12:51:55
60039,60039,60039,57.6,0.48828125,0,0,1.603758969,1.672566667,0.541359896,12:52:10
60045,60045,60042,75.1,1.953125,3,3,1.599530507,1.673464286,0.568666477,12:52:25
60051,60051,60049,84.11764706,21.72851563,2,2,1.618471158,1.96528,0.527124973,12:52:40
60063,60063,60063,72.2,17.82226563,0,0,1.493903592,1.69746875,0.568461743,12:52:55
60069,60069,60066,79.5,18.79882813,3,3,1.635458485,1.907708333,0.526488977,12:53:10
60081,60081,60079,74.76190476,1.220703125,2,2,1.392266464,1.388966667,0.568074228,12:53:25
60087,60087,60087,68.06122449,10.25390625,0,0,1.406656833,1.40215625,0.539849922,12:53:40
60093,60093,60090,68.69047619,0.48828125,3,3,1.237045779,1.2325,0.561259091,12:53:55
60105,60105,60102,71.79245283,0.732421875,3,3,1.343724753,1.420666667,0.540248514,12:54:10
60111,60111,60111,74.16666667,4.638671875,0,0,1.474060598,1.562458333,0.500167177,12:54:25
60117,60117,60114,77.24489796,19.77539063,3,3,1.593247788,1.681166667,0.561154107,12:54:40
60129,60129,60127,80,0.244140625,2,2,1.708076565,1.966290323,0.538300048,12:54:55
60135,60135,60135,68.52272727,50.78125,0,0,1.57099392,1.814583333,0.558633211,12:55:10
60141,60141,60141,65.11904762,9.27734375,0,0,1.421659446,1.637185185,0.522739153,12:55:25
60153,60153,60151,75.90909091,15.86914063,2,2,1.401453585,1.398678571,0.566572238,12:55:40
60159,60159,60157,69.7,0.732421875,2,2,1.409769032,1.656681818,0.525129641,12:55:55
60171,60171,60168,78.72340426,0.48828125,3,3,1.587258634,1.78962963,0.568698817,12:56:10
60177,60177,60174,67.25490196,0.48828125,3,3,1.599383154,2.005333333,0.54001512,12:56:25
60183,60183,60181,77.54716981,16.6015625,2,2,1.613791352,1.891833333,0.560708362,12:56:40
60195,60195,60195,65.09803922,0.732421875,0,0,1.406911374,1.627466667,0.53880278,12:56:55
60201,60201,60201,76.63265306,16.84570313,0,0,1.429601465,1.426148148,0.559727599,12:57:10
60207,60207,60205,75.23809524,15.13671875,2,2,1.283355364,1.28,0.559753708,12:57:25
60219,60219,60216,71.75438596,0.732421875,3,3,1.607348984,1.695185185,0.537701862,12:57:40
60225,60225,60225,64.55555556,6.591796875,0,0,1.522765649,1.623416667,0.559245019,12:57:55
60237,60237,60235,74.91071429,5.126953125,2,2,1.676746792,1.756766667,0.538203477,12:58:10
60243,60243,60240,77.73584906,0.48828125,3,3,1.661506701,1.657896552,0.567923671,12:58:25
60249,60249,60246,83.67346939,27.83203125,3,3,1.85275189,2.04152381,0.525244567,12:58:40
60261,60261,60258,80.27272727,26.12304688,3,3,1.906464543,2.042172414,0.567440277,12:58:55
60267,60267,60265,80.28301887,8.544921875,2,2,1.914850011,2.23528,0.524750743,12:59:10
60273,60273,60273,76.42857143,2.685546875,0,0,1.853321869,1.999851852,0.55987123,12:59:25
60285,60285,60285,68.67924528,25.63476563,0,0,1.768100777,2.083424242,0.539636285,12:59:40
60291,60291,60289,76.47058824,22.21679688,2,2,1.673895514,1.941291667,0.561705713,12:59:55
60297,60297,60297,62.3,13.18359375,0,0,1.569715797,1.834,0.501077773,12:00:10
60309,60309,60307,74.59183673,29.296875,2,2,1.572364564,1.775967742,0.540083173,12:00:25
60315,60315,60312,80,3.41796875,3,3,1.571995817,1.565956522,0.560459577,12:00:40
60327,60327,60324,72.54716981,0.732421875,3,3,1.674712491,1.878444444,0.539277368,12:00:55
60333,60333,60333,66.73469388,17.82226563,0,0,1.611971085,1.795233333,0.568084986,12:01:10
60339,60339,60337,76.44230769,0,2,2,1.600146136,1.82124,0.523948828,12:01:25
60351,60351,60349,69.375,15.38085938,2,2,1.49981019,1.4975,0.566069778,12:01:40
60357,60357,60357,68.36538462,3.41796875,0,0,1.464010393,1.556166667,0.523685876,12:01:55
60369,60369,60369,76.70454545,22.4609375,0,0,1.39151878,1.46021875,0.567837674,12:02:10
60375,60375,60373,77.77777778,7.8125,2,2,1.369905864,1.448857143,0.53940342,12:02:25
60381,60381,60381,63.57142857,57.12890625,0,0,1.456313942,1.454166667,0.560957367,12:02:40
60387,60387,60387,81.08695652,18.5546875,0,0,1.510266893,1.508333333,0.4934181,12:02:55
60399,60399,60396,71.27272727,0.48828125,3,3,1.567862009,1.565608696,0.494733213,12:03:10
60405,60405,60403,78.92857143,31.49414063,2,2,1.699956998,1.697954545,0.560904927,12:03:25
60417,60417,60415,65.54347826,22.21679688,2,2,1.677112269,1.758571429,0.539102933,12:03:40
60423,60423,60423,65,50.04882813,0,0,1.647970109,1.724266667,0.567515418,12:03:55
60429,60429,60429,70.54347826,37.109375,0,0,1.469702208,1.558038462,0.52541705,12:04:10
60441,60441,60441,59.375,10.49804688,0,0,1.251143591,1.2493125,0.568009694,12:04:25
60447,60447,60444,75.9,20.5078125,3,3,1.259334241,1.258,0.525969757,12:04:40
60459,60459,60458,77.91666667,8.056640625,1,1,1.359166411,1.357241379,0.568031204,12:04:55
60465,60465,60463,81.6,36.62109375,2,2,1.450263849,1.448357143,0.5387544,12:05:10
60471,60471,60469,70.72727273,1.220703125,2,2,1.608229874,1.60368,0.559858169,12:05:25
60483,60483,60481,69.375,0.244140625,2,2,1.537383487,1.532655172,0.538068335,12:05:40
60489,60489,60489,68.13953488,20.75195313,0,0,1.378437733,1.373153846,0.559623187,12:05:55
60495,60495,60495,61.54761905,9.27734375,0,0,1.237187907,1.234230769,0.559610138,12:06:10
60507,60507,60505,76.07142857,16.84570313,2,2,1.482578758,1.479892857,0.538706028,12:06:25
60513,60513,60510,76.27272727,22.21679688,3,3,1.603785617,1.602095238,0.560721462,12:06:40
60519,60519,60519,64.42307692,0.732421875,0,0,1.664648784,1.826916667,0.526108115,12:06:55
60531,60531,60528,81.84782609,17.82226563,3,3,1.502883559,1.631833333,0.568009694,12:07:10
60537,60537,60535,74.29824561,0.9765625,2,2,1.42023873,1.85132,0.525371043,12:07:25
60549,60549,60546,73.26923077,11.71875,3,3,1.531967496,1.780555556,0.567472478,12:07:40
60555,60555,60555,59.54545455,34.1796875,0,0,1.557913959,1.859866667,0.538319367,12:07:55
60561,60561,60558,70.10638298,4.150390625,3,3,1.4103239,1.505043478,0.559923477,12:08:10
60573,60573,60573,71.86046512,10.25390625,0,0,1.434359319,1.508566667,0.539064185,12:08:25
60579,60579,60579,63.04347826,11.71875,0,0,1.429216353,1.426958333,0.56087871,12:08:40
60585,60585,60583,73.55769231,21.484375,2,2,1.496250033,1.49404,0.560891818,12:08:55
60597,60597,60595,70.53571429,42.96875,2,2,1.302457885,1.338655172,0.539772216,12:09:10
60603,60603,60600,73.55555556,17.578125,3,3,1.387662072,1.438142857,0.56087871,12:09:25
60615,60615,60613,59.16666667,0.48828125,2,2,1.214349925,1.3835,0.538812457,12:09:40
60621,60621,60618,83.36734694,12.6953125,3,3,1.393525863,1.540518519,0.567236424,12:09:55
60627,60627,60627,66.49122807,24.65820313,0,0,1.403632285,1.768185185,0.523834468,12:10:10
60639,60639,60639,67.44444444,1.708984375,0,0,1.45824732,1.649866667,0.566807739,12:10:25
60645,60645,60643,76.3,0.244140625,2,2,1.515926654,1.74744,0.522944176,12:10:40
60651,60651,60649,78.41463415,1.220703125,2,2,1.422260802,1.418545455,0.558581204,12:10:55
60663,60663,60661,73.92857143,15.13671875,2,2,1.329333888,1.400433333,0.537904325,12:11:10
60669,60669,60667,73.54545455,0.244140625,2,2,1.414488957,1.504916667,0.560669065,12:11:25
60675,60675,60673,79.60784314,0.9765625,2,2,1.507374346,1.598083333,0.498321458,12:11:40
60687,60687,60687,70.21276596,33.69140625,0,0,1.533600263,1.63734375,0.539015757,12:11:55
60693,60693,60693,71.4893617,18.31054688,0,0,1.513264141,1.555692308,0.560080278,12:12:10
60705,60705,60703,75.625,1.46484375,2,2,1.591062518,1.627833333,0.538541629,12:12:25
60711,60711,60709,77.61904762,25.390625,2,2,1.548533716,1.54675,0.567590578,12:12:40
60717,60717,60714,76.25,0.244140625,3,3,1.73337576,1.84952381,0.524131907,12:12:55
60729,60729,60727,77.94117647,0.48828125,2,2,1.744042112,1.821548387,0.566722079,12:13:10
60735,60735,60732,69.28571429,0.48828125,3,3,1.733168372,1.929434783,0.525302049,12:13:25
60747,60747,60744,80.20408163,31.73828125,3,3,1.756700824,1.823333333,0.568677257,12:13:40
60753,60753,60753,60.53191489,3.41796875,0,0,1.599186619,1.8726875,0.53992765,12:13:55
60759,60759,60757,69.90740741,33.203125,2,2,1.629930508,1.8962,0.560603583,12:14:10
60765,60765,60765,76.07843137,7.568359375,0,0,1.526292671,1.782576923,0.490830628,12:14:25
60777,60777,60775,72,17.82226563,2,2,1.434587446,1.430363636,0.496187222,12:14:40
60783,60783,60781,75.36363636,0.9765625,2,2,1.486425389,1.482,0.55984511,12:14:55
60795,60795,60793,72.55102041,15.86914063,2,2,1.529631641,1.525214286,0.536615032,12:15:10
60801,60801,60799,70.64814815,12.45117188,2,2,1.625388252,1.622733333,0.565632188,12:15:25
60807,60807,60805,68.75,32.47070313,2,2,1.577677906,1.658291667,0.524750743,12:15:40
60819,60819,60819,76.7,1.708984375,0,0,1.488719781,1.547272727,0.569270764,12:15:55
60825,60825,60825,71.70454545,7.8125,0,0,1.38837669,1.463038462,0.527298693,12:16:10
60837,60837,60834,66.55555556,0.48828125,3,3,1.316976472,1.314862069,0.56799894,12:16:25
60843,60843,60843,59.375,0.9765625,0,0,1.362231268,1.53925,0.538744725,12:16:40
60849,60849,60846,55.86956522,7.080078125,3,3,1.195476717,1.466142857,0.55983205,12:16:55
60861,60861,60861,67.2,28.3203125,0,0,1.343214726,1.601064516,0.53791397,12:17:10
60867,60867,60865,75.09803922,4.8828125,2,2,1.454317174,1.557636364,0.55941448,12:17:25
60873,60873,60870,74.82142857,9.765625,3,3,1.641093181,1.735375,0.559427519,12:17:40
60885,60885,60884,77.45098039,10.00976563,1,1,1.69620458,1.987387097,0.538319367,12:17:55
60891,60891,60888,75.09803922,41.50390625,3,3,1.782878993,2.07226087,0.560407229,12:18:10
60897,60897,60896,76.875,4.8828125,1,1,1.738017101,2.21,0.525981284,12:18:25
60909,60909,60907,59.7826087,2.685546875,2,2,1.554042099,1.736533333,0.568149537,12:18:40
60915,60915,60912,68.16326531,0.244140625,3,3,1.419437612,1.761333333,0.523663023,12:18:55
60927,60927,60927,67.68518519,18.79882813,0,0,1.467243543,1.550290323,0.565728186,12:19:10
60933,60933,60933,58.92857143,31.73828125,0,0,1.379290763,1.4595625,0.535188654,12:19:25
60939,60939,60937,73.43137255,22.4609375,2,2,1.505249844,1.50288,0.557789295,12:19:40
60951,60951,60950,71.63636364,0.48828125,1,1,1.510479071,1.50816129,0.536317643,12:19:55
60957,60957,60955,71.83673469,32.47070313,2,2,1.665773211,1.664181818,0.559310184,12:20:10
60963,60963,60960,73.90909091,25.87890625,3,3,1.682880129,1.679434783,0.559310184,12:20:25
60975,60975,60973,70.3125,12.6953125,2,2,1.693377685,1.896172414,0.540745147,12:20:40
60981,60981,60979,77.61904762,27.58789063,2,2,1.639821567,1.88475,0.563803796,12:20:55
60993,60993,60991,66.39344262,23.4375,2,2,1.668580749,1.89283871,0.542299349,12:21:10
60999,60999,60999,66.05263158,6.8359375,0,0,1.46175198,1.49196875,0.568698817,12:21:25
61005,61005,61005,72.39583333,10.25390625,0,0,1.460036012,1.498307692,0.527658078,12:21:40
61017,61017,61015,73.84615385,11.23046875,2,2,1.464420024,1.462096774,0.568914511,12:21:55
61023,61023,61021,76.875,0.244140625,2,2,1.638639309,1.731090909,0.527611678,12:22:10
61035,61035,61032,73.2,39.55078125,3,3,1.624778012,1.69937037,0.568644919,12:22:25
61041,61041,61039,75.70175439,35.88867188,2,2,1.68526437,1.951285714,0.540784137,12:22:40
61047,61047,61045,71.94915254,14.6484375,2,2,1.660555328,1.884208333,0.561810904,12:22:55
61053,61053,61051,74.55357143,24.16992188,2,2,1.765428761,1.98975,0.494730559,12:23:10
61065,61065,61062,74.01960784,42.72460938,3,3,1.544488602,1.585652174,0.494845023,12:23:25
61071,61071,61069,59.27083333,0.48828125,2,2,1.383263858,1.422708333,0.561850361,12:23:40
61083,61083,61080,78.86792453,0.48828125,3,3,1.46262841,1.565517241,0.541047468,12:23:55
61089,61089,61087,77.87037037,0.244140625,2,2,1.672820411,1.743607143,0.568914511,12:24:10
61095,61095,61095,64.13461538,18.5546875,0,0,1.672058532,1.8285,0.527727693,12:24:25
61107,61107,61107,65.24390244,10.98632813,0,0,1.533625991,1.594424242,0.568763508,12:24:40
61113,61113,61111,78.46938776,0.48828125,2,2,1.404328445,1.488583333,0.528099283,12:24:55
61125,61125,61123,75.72916667,6.34765625,2,2,1.537163963,1.532071429,0.569259962,12:25:10
61131,61131,61129,73.39622642,16.11328125,2,2,1.544248112,1.605266667,0.54152602,12:25:25
61137,61137,61137,65,22.70507813,0,0,1.612466723,1.682730769,0.562074053,12:25:40
61149,61149,61146,73.77358491,16.35742188,3,3,1.55293902,1.617,0.541350127,12:25:55
61155,61155,61153,67.8125,8.544921875,2,2,1.459727013,1.456,0.561837208,12:26:10
61161,61161,61159,75.28846154,29.296875,2,2,1.529909784,1.526772727,0.561824055,12:26:25
61173,61173,61170,62.24489796,65.67382813,3,3,1.560990754,1.635074074,0.540959662,12:26:40
61179,61179,61179,64.62962963,12.45117188,0,0,1.534926419,1.612807692,0.561534862,12:26:55
61191,61191,61189,76.01851852,1.708984375,2,2,1.569903678,1.635,0.541115781,12:27:10
61197,61197,61194,79.89583333,7.568359375,3,3,1.582009337,1.578321429,0.569227558,12:27:25
61203,61203,61200,83.16326531,17.08984375,3,3,1.788036031,1.959095238,0.528541226,12:27:40
61215,61215,61214,74.47916667,0.732421875,1,1,1.726279079,1.841580645,0.569205958,12:27:55
61221,61221,61221,57.56756757,49.31640625,0,0,1.485592931,1.61962963,0.52845976,12:28:10
61233,61233,61230,75.33333333,17.08984375,3,3,1.44191064,1.439266667,0.569151964,12:28:25
61239,61239,61237,73.94736842,0.244140625,2,2,1.45377951,1.627566667,0.541907514,12:28:40
61245,61245,61243,70.78431373,1.220703125,2,2,1.630371088,1.869227273,0.562733007,12:28:55
61251,61251,61249,78.7254902,15.13671875,2,2,1.610344242,1.828833333,0.493733733,12:29:10
61263,61263,61260,75.09433962,26.61132813,3,3,1.680786613,1.723913043,0.495963575,12:29:25
61269,61269,61268,73.33333333,22.94921875,1,1,1.742235342,1.78144,0.56110163,12:29:40
61281,61281,61281,73.36734694,22.21679688,0,0,1.582812186,1.61034375,0.539539233,12:29:55
61287,61287,61285,74.89130435,16.11328125,2,2,1.527617251,1.522666667,0.567848422,12:30:10
61293,61293,61290,77.88888889,24.4140625,3,3,1.40512143,1.396227273,0.52580843,12:30:25
61305,61305,61305,62.22222222,10.49804688,0,0,1.451939336,1.4445,0.568031204,12:30:40
61311,61311,61311,69.0625,5.126953125,0,0,1.439260095,1.434038462,0.526777875,12:30:55
61323,61323,61321,80.66666667,14.40429688,2,2,1.409695198,1.406516129,0.568763508,12:31:10
61329,61329,61327,78.46938776,8.056640625,2,2,1.377108716,1.446903226,0.539704242,12:31:25
61335,61335,61335,66.08333333,26.85546875,0,0,1.571092955,1.662791667,0.56022409,12:31:40
61347,61347,61347,63.48837209,13.671875,0,0,1.527504715,1.6002,0.539859636,12:31:55
61353,61353,61350,71.13207547,0.732421875,3,3,1.500137313,1.497086957,0.561666277,12:32:10
61359,61359,61358,81.17647059,24.90234375,1,1,1.53565893,1.533,0.561666277,12:32:25
61371,61371,61371,68.26086957,30.51757813,0,0,1.460328056,1.458935484,0.541340359,12:32:40
61377,61377,61377,53.5,13.18359375,0,0,1.397080222,1.395703704,0.562232061,12:32:55
61389,61389,61387,78.67924528,2.685546875,2,2,1.435180538,1.433241379,0.540891389,12:33:10
61395,61395,61393,81.19565217,0,2,2,1.427474876,1.424785714,0.568429429,12:33:25
61401,61401,61399,76.34146341,13.42773438,2,2,1.583346515,1.686045455,0.525704773,12:33:40
61413,61413,61413,66.13207547,45.41015625,0,0,1.545138357,1.612818182,0.567354426,12:33:55
61419,61419,61419,62.55102041,10.98632813,0,0,1.381060897,1.468615385,0.526038927,12:34:10
61425,61425,61423,72.85714286,17.82226563,2,2,1.463446343,1.459833333,0.561416641,12:34:25
61437,61437,61435,72.5,15.625,2,2,1.462143616,1.492533333,0.540745147,12:34:40
61443,61443,61441,72.90909091,13.91601563,2,2,1.637284379,1.679636364,0.561653132,12:34:55
61449,61449,61447,76.4893617,19.28710938,2,2,1.597506355,1.637708333,0.498061036,12:35:10
61461,61461,61458,72.36842105,31.49414063,3,3,1.546850179,1.654724138,0.540219329,12:35:25
61467,61467,61467,78.7,11.96289063,0,0,1.542885409,1.622,0.560708362,12:35:40
61479,61479,61476,71.4,0.48828125,3,3,1.561554262,1.632827586,0.538677009,12:35:55
61485,61485,61483,81.93877551,27.09960938,2,2,1.677592646,1.6738,0.567236424,12:36:10
61491,61491,61491,72.73809524,14.6484375,0,0,1.493107988,1.578166667,0.525693258,12:36:25
61503,61503,61501,75.41666667,3.662109375,2,2,1.469031617,1.54125,0.568569479,12:36:40
61509,61509,61506,73.09090909,0.244140625,3,3,1.437015527,1.617913043,0.526974508,12:36:55
61521,61521,61519,67.73584906,50.29296875,2,2,1.535343526,1.608357143,0.568429429,12:37:10
61527,61527,61525,79.24528302,0.48828125,2,2,1.628013847,1.901857143,0.539704242,12:37:25
61533,61533,61531,79,31.25,2,2,1.616321769,1.83828,0.56064287,12:37:40
61545,61545,61543,75.37735849,17.578125,2,2,1.671066327,1.936366667,0.538300048,12:37:55
61551,61551,61549,69.45454545,12.20703125,2,2,1.679742465,1.777708333,0.498188617,12:38:10
61557,61557,61555,72.69230769,20.99609375,2,2,1.625819249,1.724125,0.559140787,12:38:25
61569,61569,61569,67.5,46.63085938,0,0,1.4089664,1.54475,0.539122309,12:38:40
61575,61575,61575,62.68292683,3.41796875,0,0,1.176095167,1.251615385,0.561732007,12:38:55
61581,61581,61579,79.02173913,16.11328125,2,2,1.167082461,1.248541667,0.527495714,12:39:10
61593,61593,61591,68.15789474,36.86523438,2,2,1.227115552,1.224571429,0.568450971,12:39:25
61599,61599,61599,69.4,34.42382813,0,0,1.359943626,1.592583333,0.526177322,12:39:40
61611,61611,61610,74.21568627,0.244140625,1,1,1.361429834,1.541741935,0.567773194,12:39:55
61617,61617,61615,69.30232558,18.31054688,2,2,1.292817496,1.492535714,0.537644044,12:40:10
61623,61623,61621,66.14583333,0.732421875,2,2,1.363754162,1.361954545,0.558672222,12:40:25
61635,61635,61633,69.36170213,40.28320313,2,2,1.422016191,1.487333333,0.538657665,12:40:40
61641,61641,61639,70.1,19.77539063,2,2,1.447961447,1.53025,0.561626846,12:40:55
61647,61647,61645,73.45454545,0.244140625,2,2,1.52689031,1.609375,0.561600562,12:41:10
61659,61659,61658,76.56862745,15.38085938,1,1,1.559879755,1.68753125,0.540326357,12:41:25
61665,61665,61663,80.95238095,44.43359375,2,2,1.630400117,1.7175,0.560891818,12:41:40
61677,61677,61675,74.11764706,16.35742188,2,2,1.549492143,1.618433333,0.539083558,12:41:55
61683,61683,61683,68.22222222,8.7890625,0,0,1.457626636,1.455242424,0.567515418,12:42:10
61689,61689,61689,69.80769231,7.080078125,0,0,1.402075399,1.399846154,0.524750743,12:42:25
61701,61701,61698,77.26415094,0.244140625,3,3,1.519019427,1.517222222,0.567386617,12:42:40
61707,61707,61705,69.58333333,1.220703125,2,2,1.541703507,1.717772727,0.525302049,12:42:55
61713,61713,61710,66.19565217,9.765625,3,3,1.469250394,1.653714286,0.560564301,12:43:10
61725,61725,61723,75.29411765,6.103515625,2,2,1.549686872,1.750766667,0.539277368,12:43:25
61731,61731,61731,63.22916667,21.24023438,0,0,1.457070966,1.538846154,0.560551209,12:43:40
61737,61737,61736,81.62790698,12.93945313,1,1,1.533924341,1.615692308,0.49856242,12:43:55
61749,61749,61747,73.7755102,0.48828125,2,2,1.433379007,1.5037,0.538947974,12:44:10
61755,61755,61753,74.89795918,12.6953125,2,2,1.476894592,1.474954545,0.56010642,12:44:25
61767,61767,61765,69.58333333,27.83203125,2,2,1.477241197,1.672448276,0.538444971,12:44:40
61773,61773,61771,72.22222222,36.37695313,2,2,1.585973589,1.788357143,0.567461744,12:44:55
61779,61779,61779,74.90740741,6.34765625,0,0,1.608905488,1.913653846,0.52496883,12:45:10
61791,61791,61788,75.38461538,0.244140625,3,3,1.660379937,1.741,0.567633536,12:45:25
61797,61797,61795,76.94444444,9.521484375,2,2,1.730332775,1.985,0.525497581,12:45:40
61809,61809,61806,79.27272727,14.16015625,3,3,1.792325164,1.935481481,0.567966679,12:45:55
61815,61815,61815,59.08163265,8.056640625,0,0,1.647347532,1.84046875,0.538522295,12:46:10
61821,61821,61818,69.7,20.99609375,3,3,1.57394877,1.673217391,0.559610138,12:46:25
61827,61827,61827,64.7,5.37109375,0,0,1.463179834,1.550884615,0.49102875,12:46:40
61839,61839,61837,69.69387755,1.708984375,2,2,1.395412547,1.393590909,0.494886827,12:46:55
61845,61845,61842,73.26530612,9.765625,3,3,1.380768329,1.378625,0.5594536,12:47:10
61857,61857,61857,78.0952381,3.662109375,0,0,1.458335159,1.532133333,0.537942906,12:47:25
61863,61863,61863,65.72916667,1.708984375,0,0,1.453766053,1.527866667,0.567461744,12:47:40
61869,61869,61867,75.31914894,50.53710938,2,2,1.468880481,1.55872,0.525083685,12:47:55
61881,61881,61879,75.58139535,10.00976563,2,2,1.441051118,1.439066667,0.567751703,12:48:10
61887,61887,61884,82.0212766,7.080078125,3,3,1.583097084,1.69352381,0.524555767,12:48:25
61899,61899,61899,72.7173913,29.78515625,0,0,1.472856869,1.54246875,0.56696842,12:48:40
61905,61905,61902,72.94117647,5.859375,3,3,1.452526192,1.529448276,0.537730776,12:48:55
61911,61911,61909,77.31481481,1.46484375,2,2,1.498363245,1.4938,0.559727599,12:49:10
61923,61923,61921,72.95454545,6.591796875,2,2,1.487090642,1.5599,0.538010437,12:49:25
61929,61929,61929,70.55555556,21.484375,0,0,1.44289716,1.526518519,0.559662337,12:49:40
61935,61935,61935,62.55555556,42.48046875,0,0,1.280440607,1.366846154,0.559662337,12:49:55
61947,61947,61945,79.56521739,0,2,2,1.335953405,1.410866667,0.538222788,12:50:10
61953,61953,61950,70.71428571,32.71484375,3,3,1.346370554,1.344190476,0.560001867,12:50:25
61959,61959,61957,67.60416667,3.41796875,2,2,1.445869953,1.710409091,0.524189145,12:50:40
61971,61971,61969,72.64150943,0.48828125,2,2,1.510056554,1.703533333,0.566807739,12:50:55
61977,61977,61977,70.48076923,41.015625,0,0,1.539786885,1.84137037,0.523754446,12:51:10
61989,61989,61989,63.54545455,10.25390625,0,0,1.490396926,1.56065625,0.56717208,12:51:25
61995,61995,61993,68.7254902,0.244140625,2,2,1.464778146,1.539733333,0.537750054,12:51:40
62001,62001,61999,74.3,20.26367188,2,2,1.447490426,1.4445,0.559531858,12:51:55
62013,62013,62011,73.25581395,4.8828125,2,2,1.507025452,1.689612903,0.537971846,12:52:10
62019,62019,62017,78.26923077,26.3671875,2,2,1.596512551,1.8335,0.559805934,12:52:25
62025,62025,62025,70.1,8.7890625,0,0,1.519844412,1.738423077,0.559805934,12:52:40
62037,62037,62035,73.75,0.244140625,2,2,1.528963288,1.711935484,0.537518813,12:52:55
62043,62043,62043,66.92307692,53.95507813,0,0,1.522126816,1.517269231,0.558906406,12:53:10
62055,62055,62053,73.375,16.6015625,2,2,1.448418672,1.443714286,0.537056928,12:53:25
62061,62061,62059,82.5,5.37109375,2,2,1.499627112,1.494266667,0.566904137,12:53:40
62067,62067,62065,73.7962963,10.00976563,2,2,1.483052889,1.587454545,0.523605899,12:53:55
62079,62079,62077,78.61702128,31.00585938,2,2,1.560743009,1.64075,0.566936276,12:54:10
62085,62085,62085,67.16981132,3.662109375,0,0,1.517050887,1.692615385,0.524086125,12:54:25
62091,62091,62089,69.48979592,45.41015625,2,2,1.479355636,1.571083333,0.559740653,12:54:40
62103,62103,62101,73.5,0.48828125,2,2,1.545321824,1.619766667,0.537326265,12:54:55
62109,62109,62108,67.87037037,1.46484375,1,1,1.585357547,1.583304348,0.558737254,12:55:10
62115,62115,62113,66.01851852,40.52734375,2,2,1.602867636,1.600583333,0.558724246,12:55:25
62127,62127,62125,80.10416667,7.32421875,2,2,1.463168797,1.540333333,0.536999248,12:55:40
62133,62133,62131,64.18604651,33.44726563,2,2,1.32991322,1.431086957,0.559271083,12:55:55
62145,62145,62143,80.51020408,40.77148438,2,2,1.332711185,1.4474,0.537056928,12:56:10
62151,62151,62149,73.1372549,14.89257813,2,2,1.456148748,1.492033333,0.566572238,12:56:25
62157,62157,62155,59.14893617,19.28710938,2,2,1.405976196,1.545416667,0.523777307,12:56:40
62169,62169,62167,74.80392157,0,2,2,1.473958793,1.546066667,0.567386617,12:56:55
62175,62175,62173,73.7254902,22.21679688,2,2,1.415306366,1.608708333,0.523708731,12:57:10
62181,62181,62180,78.7254902,19.77539063,1,1,1.56800285,1.66324,0.558724246,12:57:25
62193,62193,62191,70.74074074,3.41796875,2,2,1.576105561,1.654866667,0.536653429,12:57:40
62199,62199,62199,77.87037037,20.26367188,0,0,1.575183126,1.573384615,0.558828323,12:57:55
62205,62205,62203,75.19607843,16.84570313,2,2,1.567491041,1.565347826,0.558828323,12:58:10
62217,62217,62215,70.67307692,15.38085938,2,2,1.678967822,1.756966667,0.536845496,12:58:25
62223,62223,62221,72.15686275,16.35742188,2,2,1.635276958,1.741909091,0.558971492,12:58:40
62235,62235,62235,58.82978723,7.568359375,0,0,1.405826286,1.477375,0.537451405,12:58:55
62241,62241,62238,58.93617021,0.48828125,3,3,1.266512484,1.262517241,0.567290055,12:59:10
62247,62247,62247,62.85714286,27.58789063,0,0,1.148475674,1.239384615,0.523400358,12:59:25
62259,62259,62259,57.8125,56.88476563,0,0,1.172487089,1.24578125,0.566347624,12:59:40
62265,62265,62265,63.4375,25.87890625,0,0,1.225629332,1.314666667,0.522704998,12:59:55
62277,62277,62277,72.80701754,25.14648438,0,0,1.323253851,1.3212,0.566636446,12:00:10
62286,62286,62283,72.26415094,0.48828125,3,3,1.310982134,1.308433333,0.590434954,12:00:25
62292,62292,62292,76.01694915,38.0859375,0,0,1.414719654,1.411555556,0.628681864,12:00:40
62301,62301,62298,66.328125,12.20703125,3,3,1.477044593,1.473666667,0.620607856,12:00:55
62316,62316,62313,58.15789474,4.39453125,3,3,1.325660474,1.611933333,0.611058174,12:01:10
62322,62322,62322,77.82608696,9.521484375,0,0,1.434909995,1.7217,0.699333302,12:01:25
62337,62337,62337,77.70491803,42.23632813,0,0,1.41287564,1.632512821,0.644583706,12:01:40
62346,62346,62343,70.76923077,36.1328125,3,3,1.320206395,1.316472222,0.73651609,12:01:55
62352,62352,62352,71.57407407,6.591796875,0,0,1.286156722,1.480133333,0.653423941,12:02:10
62367,62367,62367,76.18644068,36.37695313,0,0,1.368579875,1.521,0.679758308,12:02:25
62376,62376,62373,71.08333333,0.244140625,3,3,1.402264342,1.5962,0.653523581,12:02:40
62391,62391,62388,67.22222222,47.8515625,3,3,1.455607339,1.451805556,0.736613467,12:02:55
62397,62397,62397,71.39534884,21.24023438,0,0,1.292863368,1.514179487,0.644318365,12:03:10
62406,62406,62403,65.31914894,10.49804688,3,3,1.147597364,1.437133333,0.698860857,12:03:25
62412,62412,62412,72.11864407,5.615234375,0,0,1.108050114,1.397966667,0.617137999,12:03:40
62427,62427,62427,74.765625,4.39453125,0,0,1.371070183,1.3683,0.613417421,12:03:55
62436,62436,62436,65.71428571,0.244140625,0,0,1.279880659,1.276484848,0.69764197,12:04:10
62451,62451,62448,70.11904762,17.33398438,3,3,1.260557527,1.256833333,0.697125697,12:04:25
62457,62457,62457,78.36363636,10.7421875,0,0,1.23451921,1.230487179,0.679989422,12:04:40
62466,62466,62463,77.75862069,37.35351563,3,3,1.382719399,1.379,0.65368022,12:04:55
62481,62481,62479,69.0625,20.5078125,2,2,1.400250682,1.397,0.73651609,12:05:10
62487,62487,62487,65.24390244,8.544921875,0,0,1.359557702,1.4936,0.653893938,12:05:25
62502,62502,62502,82,1.953125,0,0,1.413479793,1.516564103,0.680169287,12:05:40
62511,62511,62508,66.72413793,24.16992188,3,3,1.35548557,1.467444444,0.697325132,12:05:55
62517,62517,62517,72.29508197,0.244140625,0,0,1.458794676,1.456333333,0.697658194,12:06:10
62526,62526,62523,80.60344828,11.96288876,3,3,1.513814193,1.5107,0.614149962,12:06:25
62541,62541,62538,79.90196078,4.39453125,3,3,1.45783484,1.7485,0.616119241,12:06:40
62547,62547,62547,75.15873016,34.66796875,0,0,1.515759037,1.806666667,0.698454088,12:06:55
62562,62562,62562,69.64912281,12.6953125,0,0,1.357272972,1.580846154,0.643880453,12:07:10
62571,62571,62568,74.9137931,9.27734375,3,3,1.382349979,1.3795,0.736404834,12:07:25
62577,62577,62577,82.37704918,27.09960938,0,0,1.398624368,1.703,0.651763019,12:07:40
62592,62592,62592,71.11111111,10.98632813,0,0,1.388332301,1.621923077,0.678362132,12:07:55
62601,62601,62600,72.54545455,49.31640625,1,1,1.359099083,1.6445625,0.651154714,12:08:10
62616,62616,62613,69.21052632,19.28710938,3,3,1.307191459,1.304972222,0.73582129,12:08:25
62622,62622,62622,81.29032258,28.3203125,0,0,1.342766846,1.573631579,0.643282169,12:08:40
62631,62631,62628,68.46153846,26.61132813,3,3,1.398192699,1.711857143,0.698324022,12:08:55
62637,62637,62637,82.17741935,0.48828125,0,0,1.464661489,1.756333333,0.614013035,12:09:10
62652,62652,62652,69.27083333,21.484375,0,0,1.29821986,1.294466667,0.616564747,12:09:25
62661,62661,62658,72.63157895,9.521484375,3,3,1.344159699,1.339633333,0.698194005,12:09:40
62676,62676,62673,75.88235294,5.37109375,3,3,1.366093173,1.615861111,0.696279369,12:09:55
62682,62682,62682,68.1,8.30078125,0,0,1.317095364,1.545820513,0.678694644,12:10:10
62691,62691,62688,79.54545455,28.07617188,3,3,1.398915043,1.698266667,0.651197117,12:10:25
62706,62706,62703,79.39655172,12.93945313,3,3,1.362423222,1.357333333,0.735488251,12:10:40
62712,62712,62712,73.33333333,9.765625,0,0,1.486136779,1.779033333,0.652301537,12:10:55
62727,62727,62727,66.55737705,7.8125,0,0,1.424477737,1.649564103,0.679694138,12:11:10
62736,62736,62733,74.09090909,21.97265625,3,3,1.365140107,1.610138889,0.697188008,12:11:25
62742,62742,62742,71.27118644,9.27734375,0,0,1.24602264,1.244633333,0.698080279,12:11:40
62751,62751,62748,79.90384615,14.40429688,3,3,1.261360306,1.259,0.613552938,12:11:55
62766,62766,62763,68.125,0.244140625,3,3,1.361342596,1.6598,0.616096746,12:12:10
62772,62772,62772,74,14.6484375,0,0,1.363107986,1.661866667,0.69726903,12:12:25
62787,62787,62787,76.08333333,38.33007813,0,0,1.38313733,1.612410256,0.642192015,12:12:40
62796,62796,62793,73.7037037,12.45117188,3,3,1.347393009,1.344555556,0.735377305,12:12:55
62802,62802,62802,75.41666667,16.35742188,0,0,1.433648784,1.729633333,0.651847989,12:13:10
62817,62817,62817,76.69811321,12.93945313,0,0,1.305700067,1.532384615,0.679386288,12:13:25
62826,62826,62823,75.51724138,0.244140625,3,3,1.306754465,1.602533333,0.65257113,12:13:40
62841,62841,62838,78.27272727,9.765625,3,3,1.366954056,1.363666667,0.736085159,12:13:55
62847,62847,62847,81.36363636,23.68164063,0,0,1.504741135,1.735538462,0.642478539,12:14:10
62856,62856,62853,70.63636364,38.0859375,3,3,1.53911283,1.840666667,0.696880299,12:14:25
62862,62862,62862,75.78125,7.32421875,0,0,1.538642023,1.840433333,0.613534867,12:14:40
62877,62877,62877,73.72881356,10.25390625,0,0,1.313225103,1.3105,0.615089993,12:14:55
62886,62886,62883,73.6,6.103515625,3,3,1.269279619,1.266666667,0.697171806,12:15:10
62898,62898,62896,66.62790698,11.47460938,2,2,1.189678088,1.448823529,0.642845663,12:15:25
62904,62904,62901,62.92682927,43.21289063,3,3,1.206318536,1.473151515,0.622994148,12:15:40
62910,62910,62907,78.93617021,31.49414063,3,3,1.272859041,2.013458333,0.522318222,12:15:55
62922,62922,62919,73.4,5.859375,3,3,1.285240052,1.590206897,0.566262104,12:16:10
62928,62928,62925,76.9047619,43.9453125,3,3,1.391652237,2.1395,0.521625734,12:16:25
62940,62940,62937,73.55555556,11.47460938,3,3,1.32932183,1.6287,0.565706851,12:16:40
62946,62946,62943,73.33333333,2.685546875,3,3,1.347251443,1.950766667,0.535035937,12:16:55
62952,62952,62950,68.9,9.27734375,2,2,1.305386538,1.66716,0.557620818,12:17:10
62958,62958,62956,68.58974359,37.109375,2,2,1.201677953,1.564,0.491404308,12:17:25
62970,62970,62967,61.55555556,2.9296875,3,3,1.14131461,1.39075,0.491710832,12:17:40
62976,62976,62973,68.40425532,9.27734375,3,3,1.126864327,1.38726087,0.557880056,12:17:55
62988,62988,62986,60.9,0.244140625,2,2,1.218414771,1.712566667,0.535924828,12:18:10
62994,62994,62991,61.79487179,4.39453125,3,3,1.169770386,1.472965517,0.566497347,12:18:25
63000,63000,62997,74.90384615,50.78125,3,3,1.255286051,2.002041667,0.521773159,12:18:40
63012,63012,63009,80.11627907,21.97265625,3,3,1.159337156,1.460033333,0.565621524,12:18:55
63018,63018,63015,73.88888889,35.40039063,3,3,1.31663123,2.073291667,0.520822031,12:19:10
63030,63030,63027,70.67307692,17.578125,3,3,1.344296874,1.644966667,0.56561086,12:19:25
63036,63036,63033,72.84090909,1.220703125,3,3,1.422071213,2.024166667,0.535150466,12:19:40
63042,63042,63039,74.23076923,29.05273438,3,3,1.463792172,1.837125,0.557905993,12:19:55
63048,63048,63045,66.77777778,47.8515625,3,3,1.360735077,1.733083333,0.492326468,12:20:10
63060,63060,63057,63.66071429,0.48828125,3,3,1.313055168,1.677875,0.491609832,12:20:25
63066,63066,63063,79.09090909,19.04296875,3,3,1.276868892,1.642666667,0.558646214,12:20:40
63078,63078,63076,73.84615385,18.5546875,2,2,1.304273035,1.881870968,0.535695154,12:20:55
63084,63084,63082,62.02380952,28.56445313,2,2,1.255222787,1.545677419,0.56561086,12:21:10
63090,63090,63087,68.52272727,14.16015625,3,3,1.183331487,1.813666667,0.520844636,12:21:25
63102,63102,63099,68.69565217,12.20703125,3,3,1.106936539,1.303466667,0.565621524,12:21:40
63108,63108,63105,75.30612245,0.48828125,3,3,1.308486862,1.960304348,0.521025552,12:21:55
63120,63120,63117,73.5,34.1796875,3,3,1.349856131,1.645933333,0.565770863,12:22:10
63126,63126,63124,65.20833333,12.45117188,2,2,1.378420547,1.970133333,0.535934402,12:22:25
63132,63132,63129,71.02564103,21.72851563,3,3,1.307431168,1.672,0.558763271,12:22:40
63138,63138,63135,71.59574468,27.34375,3,3,1.340390852,1.705333333,0.493164463,12:22:55
63150,63150,63147,65.20833333,6.8359375,3,3,1.234011586,1.492782609,0.49067198,12:23:10
63156,63156,63154,68.33333333,8.056640625,2,2,1.197237645,1.43688,0.557659688,12:23:25
63168,63168,63165,68.91304348,32.95898438,3,3,1.161581803,1.505166667,0.534959611,12:23:40
63174,63174,63171,73.5,10.7421875,3,3,1.267372201,1.408833333,0.56557887,12:23:55
63180,63180,63177,66.77777778,41.015625,3,3,1.290431252,1.871478261,0.520935078,12:24:10
63192,63192,63189,67,0.244140625,3,3,1.312506661,1.621689655,0.565728186,12:24:25
63198,63198,63195,71.83673469,35.15625,3,3,1.276796887,2.019541667,0.521977424,12:24:40
63210,63210,63207,76.63043478,12.6953125,3,3,1.369681589,1.659133333,0.566572238,12:24:55
63216,63216,63213,75.86956522,10.49804688,3,3,1.428958198,2.021566667,0.535819536,12:25:10
63222,63222,63219,68.8372093,19.28710938,3,3,1.38573524,1.758125,0.557620818,12:25:25
63228,63228,63226,74.14893617,21.24023438,2,2,1.320078185,1.6776,0.493169145,12:25:40
63240,63240,63237,67.44444444,11.71875,3,3,1.272710436,1.520375,0.489749994,12:25:55
63246,63246,63243,73.04347826,17.08984375,3,3,1.331510662,1.581791667,0.557633774,12:26:10
63258,63258,63255,73.43137255,29.54101563,3,3,1.418783988,1.937,0.53516956,12:26:25
63264,63264,63261,59.7,51.26953125,3,3,1.346989405,1.644433333,0.565834889,12:26:40
63270,63270,63268,68.63636364,9.521484375,2,2,1.29909749,1.94096,0.522034193,12:26:55
63282,63282,63280,58.47826087,0.244140625,2,2,1.196353145,1.42216129,0.566508044,12:27:10
63288,63288,63285,58.70967742,6.34765625,3,3,1.003226349,1.475625,0.521920668,12:27:25
63300,63300,63297,76.04166667,4.150390625,3,3,1.161751293,1.306689655,0.565738855,12:27:40
63306,63306,63303,72.26190476,0.48828125,3,3,1.139442332,1.598931034,0.53497869,12:27:55
63312,63312,63309,65.79545455,26.3671875,3,3,1.296832205,1.673541667,0.55751719,12:28:10
63318,63318,63315,63.33333333,18.31054688,3,3,1.200861396,1.577458333,0.493925103,12:28:25
63330,63330,63327,72.78846154,40.28320313,3,3,1.242305067,1.617166667,0.489086979,12:28:40
63336,63336,63333,65,52.49023438,3,3,1.191483504,1.565708333,0.557854121,12:28:55
63348,63348,63346,72.5,5.615234375,2,2,1.273696686,1.791387097,0.536011006,12:29:10
63354,63354,63352,73.5,42.23632813,2,2,1.265570807,1.490483871,0.566636446,12:29:25
63360,63360,63358,71.66666667,11.96289063,2,2,1.230158662,1.7532,0.522011484,12:29:40
63372,63372,63369,73.7804878,4.150390625,3,3,1.200128381,1.400033333,0.565706851,12:29:55
63378,63378,63375,79.58333333,22.21679688,3,3,1.282343676,1.941521739,0.520867244,12:30:10
63390,63390,63387,67.55319149,0.48828125,3,3,1.291324374,1.602965517,0.565546884,12:30:25
63396,63396,63393,76.6,6.103515625,3,3,1.383529483,1.986566667,0.535074108,12:30:40
63402,63402,63399,72.78846154,24.65820313,3,3,1.410532295,1.783583333,0.557867088,12:30:55
63408,63408,63405,67.90909091,0.48828125,3,3,1.523918771,1.91526087,0.494806025,12:31:10
63420,63420,63417,71.25,33.44726563,3,3,1.520526394,1.884083333,0.48929952,12:31:25
63426,63426,63424,61.2745098,1.46484375,2,2,1.367141577,1.7162,0.558893391,12:31:40
63438,63438,63435,75.20408163,20.26367188,3,3,1.372456272,1.865133333,0.535972701,12:31:55
63444,63444,63441,70.3,29.54101563,3,3,1.371762769,1.5719,0.565696183,12:32:10
63450,63450,63447,66.66666667,42.96875,3,3,1.426829831,2.084782609,0.520935078,12:32:25
63462,63462,63459,61.52173913,8.30078125,3,3,1.377773923,1.6796,0.565621524,12:32:40
63468,63468,63465,67.17391304,35.15625,3,3,1.285319296,2.039666667,0.521138688,12:32:55
63480,63480,63477,65.375,21.72851563,3,3,1.200632166,1.5002,0.565888256,12:33:10
63486,63486,63483,74.27083333,37.109375,3,3,1.218294163,1.812166667,0.536097212,12:33:25
63492,63492,63489,66.11111111,41.015625,3,3,1.240369847,1.606916667,0.558841336,12:33:40
63498,63498,63495,69.05660377,26.12304688,3,3,1.356173403,1.73773913,0.495322032,12:33:55
63510,63510,63507,73.4,26.85546875,3,3,1.369051634,1.7425,0.488754068,12:34:10
63516,63516,63513,64.79591837,18.5546875,3,3,1.367840549,1.741666667,0.557867088,12:34:25
63528,63528,63525,70.94827586,4.39453125,3,3,1.454526841,2.057166667,0.535179107,12:34:40
63534,63534,63532,70.7,25.63476563,2,2,1.465778223,1.757193548,0.565653518,12:34:55
63540,63540,63538,67.06521739,33.69140625,2,2,1.438999492,2.0458,0.520573498,12:35:10
63552,63552,63549,64.23076923,0.244140625,3,3,1.282141055,1.483066667,0.565312429,12:35:25
63558,63558,63555,76.28205128,40.0390625,3,3,1.093611899,1.737608696,0.521807192,12:35:40
63570,63570,63567,72.2972973,41.9921875,3,3,1.07891566,1.378172414,0.566829158,12:35:55
63576,63576,63573,68.96226415,0.244140625,3,3,1.157329531,1.771034483,0.536087632,12:36:10
63582,63582,63579,69.32692308,22.70507813,3,3,1.270599625,1.648,0.557685605,12:36:25
63588,63588,63585,70.22222222,37.59765625,3,3,1.287575283,1.665375,0.495190073,12:36:40
63600,63600,63597,65.09259259,60.79101563,3,3,1.345238346,1.65025,0.487587384,12:36:55
63606,63606,63603,70.2173913,7.568359375,3,3,1.323947995,1.628375,0.557400655,12:37:10
63618,63618,63615,61.88679245,38.33007813,3,3,1.302723809,1.7334,0.534644996,12:37:25
63624,63624,63621,73.5,44.921875,3,3,1.352897724,1.537633333,0.56544029,12:37:40
63630,63630,63627,74.58333333,22.21679688,3,3,1.339175958,1.938875,0.521750473,12:37:55
63642,63642,63639,60.55555556,40.28320313,3,3,1.293470653,1.582233333,0.566647149,12:38:10
63648,63648,63645,69.51219512,11.47460938,3,3,1.195442139,1.938416667,0.521863924,12:38:25
63660,63660,63657,62.39130435,29.54101563,3,3,1.192796368,1.492566667,0.565546884,12:38:40
63666,63666,63663,78.47826087,34.42382813,3,3,1.24018968,1.844433333,0.53496915,12:38:55
63672,63672,63669,68.75,0.244140625,3,3,1.34945081,1.725333333,0.557724484,12:39:10
63678,63678,63675,68.11320755,30.2734375,3,3,1.386023674,1.777826087,0.49647812,12:39:25
63690,63690,63687,67.44897959,9.27734375,3,3,1.410155565,1.790625,0.486241206,12:39:40
63696,63696,63693,62.17391304,7.32421875,3,3,1.36303152,1.743916667,0.557271229,12:39:55
63708,63708,63705,64.06976744,3.173828125,3,3,1.317029434,1.9181,0.535398783,12:40:10
63714,63714,63711,76,27.09960938,3,3,1.319222307,1.613333333,0.566411781,12:40:25
63720,63720,63717,69.53488372,54.6875,3,3,1.33997588,2.088916667,0.521557719,12:40:40
63732,63732,63729,64.18604651,18.5546875,3,3,1.173690349,1.485724138,0.565504241,12:40:55
63738,63738,63735,70.625,40.28320313,3,3,1.154324379,1.913625,0.520618669,12:41:10
63744,63744,63742,76.2244898,12.20703125,2,2,1.184235261,1.54748,0.55751719,12:41:25
63756,63756,63753,78.61702128,33.44726563,3,3,1.268812944,1.877666667,0.534664053,12:41:40
63762,63762,63759,61.41304348,38.33007813,3,3,1.210069785,1.5905,0.557348877,12:41:55
63768,63768,63765,69.80769231,16.35742188,3,3,1.250075643,1.647086957,0.557335934,12:42:10
63780,63780,63777,60.35714286,0.244140625,3,3,1.263843048,1.863033333,0.535532587,12:42:25
63786,63786,63783,76.32653061,31.98242188,3,3,1.305791236,1.672583333,0.558685227,12:42:40
63798,63798,63795,72.26190476,0.9765625,3,3,1.3030415,1.899466667,0.53561864,12:42:55
63804,63804,63802,63.33333333,18.31054688,2,2,1.220808442,1.512258065,0.565493582,12:43:10
63810,63810,63807,64.875,1.708984375,3,3,1.165847042,1.799416667,0.52037033,12:43:25
63822,63822,63819,66.25,45.41015625,3,3,1.191598132,1.393566667,0.565291125,12:43:40
63828,63828,63825,75.54347826,46.38671875,3,3,1.322541308,1.986652174,0.520156047,12:43:55
63834,63834,63831,73.125,29.78515625,3,3,1.420464975,1.800291667,0.557232412,12:44:10
63846,63846,63844,78.0952381,2.9296875,2,2,1.251160777,1.736451613,0.535322353,12:44:25
63852,63852,63849,74.34210526,11.23046875,3,3,1.162836157,1.406625,0.558516209,12:44:40
63858,63858,63855,77.95918367,31.25,3,3,1.208922414,1.452958333,0.558516209,12:44:55
63870,63870,63868,70.37735849,0.244140625,2,2,1.34221641,1.841566667,0.535513468,12:45:10
63876,63876,63873,70.55555556,9.033203125,3,3,1.41010991,1.787791667,0.557504239,12:45:25
63888,63888,63885,68.75,32.71484375,3,3,1.33808722,1.944033333,0.534644996,12:45:40
63894,63894,63891,78.4,30.76171875,3,3,1.431747358,1.7327,0.565376352,12:45:55
63900,63900,63897,69.1,21.484375,3,3,1.442689924,2.204291667,0.520189869,12:46:10
63912,63912,63909,74.14634146,22.4609375,3,3,1.370475564,1.6734,0.565237871,12:46:25
63918,63918,63915,70.125,34.66796875,3,3,1.207020522,1.9615,0.521116057,12:46:40
63924,63924,63921,76.2745098,30.02929688,3,3,1.253974544,1.624375,0.558399255,12:46:55
63936,63936,63933,62.76315789,7.080078125,3,3,1.271695869,1.7696,0.535456119,12:47:10
63942,63942,63939,77.40384615,7.568359375,3,3,1.462821171,1.713625,0.557530141,12:47:25
63948,63948,63945,76.4893617,28.56445313,3,3,1.411701042,1.662583333,0.55751719,12:47:40
63960,63960,63957,67.91666667,33.44726563,3,3,1.327204822,1.835666667,0.534521158,12:47:55
63966,63966,63963,65.44444444,4.638671875,3,3,1.330766084,1.713166667,0.557128929,12:48:10
63978,63978,63975,71.03773585,21.24023438,3,3,1.392248954,2.0015,0.534597359,12:48:25
63984,63984,63981,72.12765957,14.40429688,3,3,1.332041817,1.633266667,0.565621524,12:48:40
63990,63990,63987,67.97619048,34.1796875,3,3,1.398267702,2.025333333,0.521365108,12:48:55
64002,64002,64000,71.375,20.26367188,2,2,1.276919394,1.467870968,0.566112505,12:49:10
64008,64008,64005,64.31372549,0.48828125,3,3,1.179348144,1.681583333,0.521240553,12:49:25
64014,64014,64011,74.36170213,31.49414063,3,3,1.248146437,1.500541667,0.55747834,12:49:40
64026,64026,64023,71.66666667,11.71875,3,3,1.319992041,1.8296,0.5344545,12:49:55
64032,64032,64029,66.89655172,28.07617188,3,3,1.462602774,1.845666667,0.557090133,12:50:10
64038,64038,64036,71.83673469,8.7890625,2,2,1.418742402,1.78672,0.557077202,12:50:25
64050,64050,64047,79.4047619,45.8984375,3,3,1.37385688,1.882766667,0.534502111,12:50:40
64056,64056,64053,73.02325581,27.09960938,3,3,1.288047703,1.538708333,0.557556046,12:50:55
64068,64068,64065,67.56097561,50.04882813,3,3,1.244837511,1.761137931,0.535351012,12:51:10
64074,64074,64072,78.06122449,22.70507813,2,2,1.279369827,1.565967742,0.566101823,12:51:25
64080,64080,64077,78.80952381,36.37695313,3,3,1.288661901,1.914083333,0.521274516,12:51:40
64092,64092,64089,72.8125,32.71484375,3,3,1.309636907,1.5098,0.565546884,12:51:55
64098,64098,64095,70.45454545,5.859375,3,3,1.347288203,2.01073913,0.520336484,12:52:10
64104,64104,64102,78.36538462,18.79882813,2,2,1.398137831,1.76312,0.557154796,12:52:25
64116,64116,64113,55.6097561,18.06640625,3,3,1.291295456,1.838033333,0.53462594,12:52:40
64122,64122,64119,70.22727273,6.8359375,3,3,1.226796502,1.526208333,0.557659688,12:52:55
64128,64128,64125,72.54716981,31.98242188,3,3,1.226291764,1.540608696,0.557672646,12:53:10
64140,64140,64137,75.5,15.13671875,3,3,1.273365787,1.8158,0.535179107,12:53:25
64146,64146,64143,62.55555556,30.02929688,3,3,1.306421491,1.681458333,0.557905993,12:53:40
64152,64152,64149,73.5,0.244140625,3,3,1.29047619,2.046708333,0.520980311,12:53:55
64164,64164,64161,76.95652174,43.21289063,3,3,1.345700017,1.648133333,0.565525562,12:54:10
64170,64170,64168,66.92307692,25.63476563,2,2,1.221014469,1.95448,0.52024625,12:54:25
64182,64182,64179,77.4,31.00585938,3,3,1.182332043,1.487566667,0.565142039,12:54:40
64188,64188,64185,78.22916667,19.53125,3,3,1.275931071,1.884233333,0.534568781,12:54:55
64194,64194,64192,78.97959184,4.39453125,2,2,1.398993234,1.773958333,0.557672646,12:55:10
64206,64206,64203,72.15909091,20.26367188,3,3,1.463210451,2.063333333,0.535245946,12:55:25
64212,64212,64209,68,0.48828125,3,3,1.354398498,1.727166667,0.557983818,12:55:40
64218,64218,64216,80.33333333,12.45117188,2,2,1.331451239,1.704375,0.557970846,12:55:55
64230,64230,64227,65.6122449,35.40039063,3,3,1.258452426,1.599433333,0.535093195,12:56:10
64236,64236,64233,77.60869565,22.4609375,3,3,1.250250912,1.30025,0.557465391,12:56:25
64242,64242,64239,69.90196078,32.2265625,3,3,1.280996615,1.602086957,0.520257527,12:56:40
64254,64254,64251,63.97435897,32.95898438,3,3,1.353492321,1.5569,0.565216572,12:56:55
64260,64260,64258,66,15.625,2,2,1.221086197,1.831,0.520392897,12:57:10
64272,64272,64269,58.68421053,0.244140625,3,3,1.121126504,1.422733333,0.56561086,12:57:25
64278,64278,64276,77.20930233,12.6953125,2,2,1.080976595,1.684066667,0.53514092,12:57:40
64284,64284,64282,73.95348837,52.00195313,2,2,1.131842848,1.505541667,0.557880056,12:57:55
64296,64296,64293,76.8,5.37109375,3,3,1.234993359,1.8388,0.535055021,12:58:10
64302,64302,64299,68.88888889,29.05273438,3,3,1.453458659,1.848,0.557491289,12:58:25
64308,64308,64305,71.69811321,2.44140625,3,3,1.555876149,1.95026087,0.557491289,12:58:40
64320,64320,64318,85.90909091,15.86914063,2,2,1.568425415,2.157322581,0.534540206,12:58:55
64326,64326,64323,57.20930233,24.90234375,3,3,1.43211244,1.813041667,0.557206538,12:59:10
64332,64332,64329,73.19444444,5.126953125,3,3,1.290933369,1.926,0.520460608,12:59:25
64344,64344,64341,76.91489362,25.390625,3,3,1.228498853,1.428766667,0.56561086,12:59:40
64350,64350,64347,71.02040816,26.3671875,3,3,1.290403136,1.935708333,0.519559241,12:59:55
64362,64362,64359,76.53061224,44.921875,3,3,1.346983797,1.659333333,0.564419025,12:00:10
64368,64368,64365,74.11764706,32.71484375,3,3,1.434616307,2.0516,0.533874326,12:00:25
64374,64374,64371,75.83333333,33.44726563,3,3,1.399752794,1.776833333,0.557594907,12:00:40
64386,64386,64383,71.02564103,18.5546875,3,3,1.319922329,1.926933333,0.534740294,12:00:55
64392,64392,64389,80.85106383,18.79882813,3,3,1.30542262,1.684,0.557361821,12:01:10
64398,64398,64395,77.94117647,15.86914063,3,3,1.359245563,1.738125,0.557361821,12:01:25
64410,64410,64407,70.83333333,25.390625,3,3,1.40796479,2.0127,0.534683111,12:01:40
64416,64416,64413,56.30952381,3.173828125,3,3,1.31860375,1.692541667,0.557530141,12:01:55
64422,64422,64419,67.05882353,7.080078125,3,3,1.262866894,2.024125,0.519874364,12:02:10
64434,64434,64431,66.66666667,19.28710938,3,3,1.252125452,1.559233333,0.564769668,12:02:25
64440,64440,64437,69.3,10.00976563,3,3,1.341842809,2.1095,0.519649237,12:02:40
64452,64452,64449,71.66666667,27.09960938,3,3,1.3780308,1.6817,0.565323082,12:02:55
64458,64458,64455,60.54347826,11.23046875,3,3,1.384798121,1.893133333,0.534368821,12:03:10
64464,64464,64461,69.52380952,14.89257813,3,3,1.322829331,1.576458333,0.557167731,12:03:25
64470,64470,64467,66.6,29.05273438,3,3,1.281761453,1.535916667,0.487506674,12:03:40
64482,64482,64479,67.23404255,20.5078125,3,3,1.272827531,1.525166667,0.494891418,12:03:55
64488,64488,64486,75,32.71484375,2,2,1.333648437,1.57568,0.557426547,12:04:10
64500,64500,64497,77.8125,30.51757813,3,3,1.377583345,1.786233333,0.534026381,12:04:25
64506,64506,64503,66.35416667,20.99609375,3,3,1.396347546,1.601233333,0.564737773,12:04:40
64512,64512,64509,73.33333333,0.244140625,3,3,1.340622785,2.008043478,0.519649237,12:04:55
64524,64524,64521,70.77777778,2.9296875,3,3,1.351054258,1.6544,0.565365697,12:05:10
64530,64530,64527,75.63829787,29.78515625,3,3,1.347972839,2.1145,0.520043337,12:05:25
64542,64542,64539,65.85106383,21.24023438,3,3,1.370111117,1.6762,0.565110102,12:05:40
64548,64548,64545,60.21276596,21.484375,3,3,1.316999197,1.927466667,0.534368821,12:05:55
64554,64554,64551,70.22222222,8.30078125,3,3,1.282201416,1.66,0.557439495,12:06:10
64560,64560,64557,69.64912281,20.01953125,3,3,1.378875745,1.773304348,0.491250523,12:06:25
64572,64572,64569,72.65957447,42.96875,3,3,1.359335868,1.746,0.490717119,12:06:40
64578,64578,64575,70.88235294,26.61132813,3,3,1.420559066,1.807125,0.556624997,12:06:55
64590,64590,64587,76.25,24.65820313,3,3,1.439596822,2.055,0.533959846,12:07:10
64596,64596,64593,63.36956522,17.82226563,3,3,1.439988777,1.743566667,0.565312429,12:07:25
64602,64602,64599,69.07407407,38.0859375,3,3,1.444331134,2.208625,0.520178595,12:07:40
64614,64614,64611,56.71052632,21.97265625,3,3,1.190554009,1.4944,0.565269822,12:07:55
64620,64620,64617,68.04347826,8.7890625,3,3,1.185664802,1.947916667,0.520336484,12:08:10
64632,64632,64629,71.4,19.77539063,3,3,1.243595084,1.5459,0.565472264,12:08:25
64638,64638,64635,70.47619048,0.48828125,3,3,1.287555535,1.921482759,0.534216571,12:08:40
64644,64644,64641,62.82051282,21.24023438,3,3,1.305154931,1.69025,0.556779956,12:08:55
64650,64650,64648,69.6,12.93945313,2,2,1.222477972,1.59176,0.494571269,12:09:10
64662,64662,64659,56.41304348,21.24023438,3,3,0.979511776,1.030625,0.487331971,12:09:25
64668,64668,64665,62.07317073,37.59765625,3,3,0.986101287,1.036916667,0.557180666,12:09:40
64680,64680,64677,65.9375,6.103515625,3,3,1.07527313,1.439034483,0.533959846,12:09:55
64686,64686,64683,59.56521739,9.033203125,3,3,1.149841345,1.457966667,0.56487601,12:10:10
64692,64692,64689,76.93877551,21.484375,3,3,1.32285192,2.087625,0.520110957,12:10:25
64704,64704,64701,73.4375,10.98632813,3,3,1.340124748,1.651103448,0.56567485,12:10:40
64710,64710,64707,79.78723404,8.544921875,3,3,1.471095875,2.235916667,0.520189869,12:10:55
64716,64716,64713,70.8,5.37109375,3,3,1.45795741,1.842083333,0.556805791,12:11:10
64728,64728,64725,65.5952381,19.77539063,3,3,1.434277969,1.9461,0.534016875,12:11:25
64734,64734,64733,68.5,13.18359375,1,1,1.203353707,1.435692308,0.557141862,12:11:40
64740,64740,64737,40.32258065,35.15625,3,3,1.011162166,1.264666667,0.557154796,12:11:55
64752,64752,64749,68.3,29.54101563,3,3,1.120794329,1.651034483,0.534016875,12:12:10
64758,64758,64755,68.42592593,28.56445313,3,3,1.297066802,1.716636364,0.556818709,12:12:25
64770,64770,64767,53.60465116,3.90625,3,3,1.345164634,1.955866667,0.534435458,12:12:40
64776,64776,64773,76.05769231,4.39453125,3,3,1.372739603,1.6734,0.565696183,12:12:55
64782,64782,64779,70.49019608,24.16992188,3,3,1.351665386,2.116708333,0.520257527,12:13:10
64794,64794,64791,73.27272727,12.45117188,3,3,1.487830532,1.796366667,0.564993032,12:13:25
64800,64800,64797,74.16666667,18.31054688,3,3,1.588382282,2.358916667,0.51978429,12:13:40
64806,64806,64803,69.18367347,8.30078125,3,3,1.580672467,1.964041667,0.557154796,12:13:55
64818,64818,64816,66.42857143,48.33984375,2,2,1.33359961,1.83,0.534026381,12:14:10
64824,64824,64821,61.4893617,22.70507813,3,3,1.19529931,1.450666667,0.556805791,12:14:25
64830,64830,64827,65.34883721,20.01953125,3,3,1.098071843,1.352708333,0.556818709,12:14:40
64842,64842,64839,75,22.70507813,3,3,1.23284038,1.755551724,0.534511635,12:14:55
64848,64848,64845,68.14814815,30.51757813,3,3,1.334237401,1.708916667,0.557815224,12:15:10
64860,64860,64857,61.70454545,39.79492188,3,3,1.388826447,1.998266667,0.534540206,12:15:25
64866,64866,64864,70.92105263,5.37109375,2,2,1.343410756,1.64083871,0.564982391,12:15:40
64872,64872,64870,56.55555556,24.4140625,2,2,1.154188794,1.57444,0.519840582,12:15:55
64884,64884,64881,54.76190476,6.34765625,3,3,1.058097667,1.099586207,0.565291125,12:16:10
64890,64890,64887,69.36363636,3.41796875,3,3,1.159281307,1.617391304,0.519773032,12:16:25
64896,64896,64893,60.52083333,30.76171875,3,3,1.234469797,1.636695652,0.556792873,12:16:40
64908,64908,64905,70.55555556,8.7890625,3,3,1.22303473,1.773066667,0.534483066,12:16:55
64914,64914,64911,56.93181818,24.65820313,3,3,1.151416896,1.451333333,0.557802259,12:17:10
64920,64920,64917,55.22222222,55.17578125,3,3,1.073904374,1.3745,0.557815224,12:17:25
64932,64932,64929,68.45238095,13.18359375,3,3,1.124584898,1.672233333,0.534644996,12:17:40
64938,64938,64937,72.2826087,0.244140625,1,1,1.108822634,1.462269231,0.557012556,12:17:55
64944,64944,64941,63.58974359,0.244140625,3,3,1.191636735,1.573875,0.519863103,12:18:10
64956,64956,64953,69.13461538,25.14648438,3,3,1.292508776,1.2895,0.565216572,12:18:25
64962,64962,64959,73.85416667,9.27734375,3,3,1.469621114,1.888454545,0.519761776,12:18:40
64974,64974,64971,66.4,36.62109375,3,3,1.383856254,1.6907,0.564993032,12:18:55
64980,64980,64977,71.34615385,19.53125,3,3,1.375455827,1.984266667,0.534654524,12:19:10
64986,64986,64983,69.04761905,20.75195313,3,3,1.276589447,1.650791667,0.557957874,12:19:25
64998,64998,64996,63.63636364,7.080078125,2,2,1.312524871,1.74283871,0.534683111,12:19:40
65004,65004,65001,55.52631579,0.244140625,3,3,1.111336058,1.29,0.556909154,12:19:55
65010,65010,65007,58.80952381,12.45117188,3,3,1.080806653,1.259333333,0.556922077,12:20:10
65022,65022,65020,77,10.00976563,2,2,1.169089329,1.604451613,0.534169011,12:20:25
65028,65028,65025,58.91891892,8.7890625,3,3,1.223136857,1.604166667,0.557271229,12:20:40
65034,65034,65032,65.41666667,0.244140625,2,2,1.243209745,1.98052,0.519863103,12:20:55
65046,65046,65043,56.81818182,26.61132813,3,3,1.122273675,1.4297,0.564993032,12:21:10
65052,65052,65049,74.3,22.70507813,3,3,1.197631549,1.960166667,0.520449321,12:21:25
65064,65064,65061,63.63636364,5.126953125,3,3,1.232164534,1.54062069,0.565866908,12:21:40
65070,65070,65067,63.125,19.04296875,3,3,1.17914777,1.637551724,0.534749826,12:21:55
65076,65076,65073,76.73469388,23.68164063,3,3,1.214070184,1.391,0.557051342,12:22:10
65088,65088,65085,71.44230769,18.31054688,3,3,1.262820345,1.711066667,0.534235598,12:22:25
65094,65094,65091,72.11111111,29.296875,3,3,1.436424198,1.815333333,0.55724535,12:22:40
65100,65100,65097,66.66666667,19.77539063,3,3,1.395017214,1.773541667,0.557232412,12:22:55
65112,65112,65109,46.94444444,0.48828125,3,3,1.274552318,1.886866667,0.534130969,12:23:10
65118,65118,65116,70.20833333,29.05273438,2,2,1.203707078,1.57312,0.556870388,12:23:25
65124,65124,65121,70.875,27.83203125,3,3,1.181419211,1.817416667,0.520562207,12:23:40
65136,65136,65133,67.875,18.79882813,3,3,1.127815756,1.326266667,0.565962986,12:23:55
65142,65142,65139,67.60416667,12.93945313,3,3,1.259401381,1.785913043,0.520776825,12:24:10
65154,65154,65151,66.15384615,9.765625,3,3,1.297745732,1.4996,0.565195275,12:24:25
65160,65160,65158,72.17391304,36.86523438,2,2,1.259901584,1.771433333,0.533978854,12:24:40
65166,65166,65163,67.87234043,21.24023438,3,3,1.299880404,1.683875,0.556805791,12:24:55
65172,65172,65169,65.55555556,19.53125,3,3,1.347646681,1.731875,0.486442939,12:25:10
65184,65184,65181,70.49019608,23.68164063,3,3,1.439718624,1.84,0.495404954,12:25:25
65190,65190,65187,68.94230769,30.2734375,3,3,1.453286466,1.836416667,0.557115996,12:25:40
65202,65202,65199,68.46153846,56.640625,3,3,1.37802835,1.985133333,0.534730763,12:25:55
65208,65208,65206,61.97916667,0.244140625,2,2,1.306986982,1.596,0.565802874,12:26:10
65214,65214,65211,70.34883721,20.99609375,3,3,1.254609394,1.885958333,0.520483182,12:26:25
65226,65226,65223,60.83333333,18.79882813,3,3,1.224575749,1.426966667,0.565110102,12:26:40
65232,65232,65230,68.39622642,21.97265625,2,2,1.336955622,1.979666667,0.519458032,12:26:55
65244,65244,65241,69.60784314,6.34765625,3,3,1.354602956,1.6621,0.564822834,12:27:10
65250,65250,65247,64.64285714,12.20703125,3,3,1.282028963,1.812482759,0.533912332,12:27:25
65256,65256,65253,78.92857143,5.37109375,3,3,1.279781426,1.543913043,0.557167731,12:27:40
65262,65262,65259,71.83673469,21.24023438,3,3,1.315295277,1.56775,0.490245148,12:27:55
65274,65274,65271,73.72093023,22.94921875,3,3,1.362871241,1.739208333,0.492357206,12:28:10
65280,65280,65277,68.96226415,51.02539063,3,3,1.418821289,1.79525,0.557685605,12:28:25
65292,65292,65289,65.6097561,40.77148438,3,3,1.308552998,1.9197,0.534444979,12:28:40
65298,65298,65295,67.31481481,0.48828125,3,3,1.322261876,1.629566667,0.564971751,12:28:55
65304,65304,65302,72.91666667,27.83203125,2,2,1.265858597,2.00836,0.519379342,12:29:10
65316,65316,65313,69.6875,10.49804688,3,3,1.256816959,1.564333333,0.564854738,12:29:25
65322,65322,65319,67.39130435,22.94921875,3,3,1.265254952,2.036041667,0.5195255,12:29:40
65334,65334,65331,67.5,20.75195313,3,3,1.181431312,1.496896552,0.565131393,12:29:55
65340,65340,65337,64.0625,37.35351563,3,3,1.200597529,1.809633333,0.534511635,12:30:10
65346,65346,65343,65.55555556,20.5078125,3,3,1.116570447,1.493916667,0.557620818,12:30:25
65352,65352,65349,75,17.08984375,3,3,1.231702912,1.609458333,0.494043774,12:30:40
65364,65364,65361,76.76470588,41.50390625,3,3,1.183050249,1.493,0.488306957,12:30:55
65370,65370,65368,68.65384615,21.24023438,2,2,1.209641348,1.50624,0.556922077,12:31:10
65382,65382,65379,69.44444444,0.244140625,3,3,1.098097487,1.490733333,0.533788833,12:31:25
65388,65388,65385,65.47619048,14.6484375,3,3,1.046635091,1.1901,0.56490792,12:31:40
65394,65394,65392,68.64583333,7.8125,2,2,1.070895993,1.636333333,0.519637986,12:31:55
65406,65406,65404,52.69230769,23.68164063,2,2,1.002377852,1.298483871,0.565195275,12:32:10
65412,65412,65409,75.625,20.99609375,3,3,1.024170746,1.661458333,0.52037033,12:32:25
65418,65418,65415,74.53488372,23.4375,3,3,1.025750419,1.288391304,0.557620818,12:32:40
65430,65430,65427,61.48648649,14.16015625,3,3,1.084864173,1.285133333,0.534578307,12:32:55
65436,65436,65433,68.29545455,15.38085938,3,3,1.181104372,1.178041667,0.557128929,12:33:10
65442,65442,65440,72.04081633,20.26367188,2,2,1.177802195,1.17496,0.557103064,12:33:25
65454,65454,65451,58.16326531,21.72851563,3,3,1.158366211,1.378714286,0.533836326,12:33:40
65460,65460,65457,63.47826087,20.5078125,3,3,1.151704079,1.409083333,0.556624997,12:33:55
65472,65472,65469,57.07317073,0.48828125,3,3,1.146553999,1.680241379,0.53348508,12:34:10
65478,65478,65475,45.14285714,20.75195313,3,3,1.027815806,1.3358,0.5647803,12:34:25
65484,65484,65481,67.625,5.126953125,3,3,0.993913744,1.759041667,0.519953204,12:34:40
65496,65496,65493,71.59574468,10.7421875,3,3,1.075727084,1.387137931,0.56561086,12:34:55
65502,65502,65499,68.04878049,18.5546875,3,3,1.190767758,1.954166667,0.520347766,12:35:10
65508,65508,65505,75.3,13.91601563,3,3,1.316344123,1.699708333,0.557064271,12:35:25
65520,65520,65517,66.42857143,25.87890625,3,3,1.213450773,1.831,0.533798331,12:35:40
65526,65526,65523,69.42307692,22.70507813,3,3,1.295451174,1.683083333,0.556599179,12:35:55
65532,65532,65529,72,19.77539063,3,3,1.334038024,1.721708333,0.556612088,12:36:10
65544,65544,65541,76.62790698,3.90625,3,3,1.342118704,1.963666667,0.533428165,12:36:25
65550,65550,65547,63,29.78515625,3,3,1.384659177,1.772125,0.556586271,12:36:40
65562,65562,65559,72.43902439,28.80859375,3,3,1.302557233,1.916233333,0.534197546,12:36:55
65568,65568,65565,63.97959184,18.31054688,3,3,1.269967204,1.571866667,0.565632188,12:37:10
65574,65574,65571,65.73170732,14.16015625,3,3,1.261021714,2.023708333,0.520460608,12:37:25
65586,65586,65583,68.07692308,18.79882813,3,3,1.257468673,1.562966667,0.565216572,12:37:40
65592,65592,65589,77.5,17.33398438,3,3,1.324175201,2.094833333,0.519637986,12:37:55
65598,65598,65595,69.69387755,22.94921875,3,3,1.381954912,1.767583333,0.556702466,12:38:10
65610,65610,65607,70.10638298,19.04296875,3,3,1.332799847,1.954066667,0.533409196,12:38:25
65616,65616,65613,65.58139535,23.19335938,3,3,1.21917786,1.607708333,0.556444321,12:38:40
65622,65622,65619,63.93617021,20.26367188,3,3,1.177196743,1.566041667,0.556444321,12:38:55
65634,65634,65631,75.2173913,14.16015625,3,3,1.309829874,1.924766667,0.534073916,12:39:10
65640,65640,65637,68.84615385,53.46679688,3,3,1.387397722,1.76525,0.557620818,12:39:25
65646,65646,65643,71.12244898,18.5546875,3,3,1.437320109,2.200375,0.520404181,12:39:40
65658,65658,65655,68.92156863,24.65820313,3,3,1.40069725,1.706066667,0.565205923,12:39:55
65664,65664,65661,68.26923077,16.11328125,3,3,1.368648089,2.139375,0.519604235,12:40:10
65676,65676,65673,73.64583333,19.53125,3,3,1.274796717,1.583133333,0.564854738,12:40:25
65682,65682,65679,68.33333333,11.96289063,3,3,1.254166937,1.8743,0.533513542,12:40:40
65688,65688,65685,61.05769231,8.30078125,3,3,1.134004888,1.522,0.556573363,12:40:55
65700,65700,65697,69.89583333,15.13671875,3,3,1.289509302,1.9037,0.534140479,12:41:10
65706,65706,65703,73.82978723,34.1796875,3,3,1.338523643,1.716416667,0.557581953,12:41:25
65712,65712,65709,73.85416667,10.49804688,3,3,1.426860147,1.80475,0.557581953,12:41:40
65724,65724,65721,72.25490196,12.45117188,3,3,1.378683382,1.8857,0.534492588,12:41:55
65730,65730,65727,58.54166667,7.32421875,3,3,1.299811432,1.552333333,0.557051342,12:42:10
65736,65736,65733,78.33333333,9.27734375,3,3,1.302374143,1.944708333,0.519480519,12:42:25
65748,65748,65745,68.48837209,18.06640625,3,3,1.294438653,1.602233333,0.564790933,12:42:40
65754,65754,65751,74.89583333,20.99609375,3,3,1.344973859,2.121125,0.519132184,12:42:55
65766,65766,65763,70.9,9.521484375,3,3,1.210437798,1.5189,0.5648122,12:43:10
65772,65772,65769,79.31818182,22.21679688,3,3,1.255763428,1.8683,0.534188034,12:43:25
65778,65778,65775,68.80952381,0.244140625,3,3,1.199826687,1.577458333,0.557543093,12:43:40
65790,65790,65787,70,6.591796875,3,3,1.259834991,1.867833333,0.534616413,12:43:55
65796,65796,65793,64.13461538,35.88867188,3,3,1.164698499,1.544375,0.496883997,12:44:10
65802,65802,65799,73.26086957,10.49804688,3,3,1.229603593,1.609041667,0.557258289,12:44:25
65814,65814,65811,68.13953488,36.62109375,3,3,1.265024064,1.877933333,0.533988359,12:44:40
65820,65820,65818,67.25,11.47460938,2,2,1.188958146,1.55772,0.55667664,12:44:55
65826,65826,65824,62.10526316,17.33398438,2,2,1.029621032,1.64876,0.519053592,12:45:10
65838,65838,65835,68.57142857,19.04296875,3,3,1.039987337,1.243266667,0.564716512,12:45:25
65844,65844,65841,69.02173913,20.75195313,3,3,1.119410608,1.787,0.519649237,12:45:40
65856,65856,65853,57.82608696,14.40429688,3,3,1.1971154,1.510448276,0.565397663,12:45:55
65862,65862,65859,72.75,15.86914063,3,3,1.173267507,1.784166667,0.534416417,12:46:10
65868,65868,65865,75.74468085,17.82226563,3,3,1.182085787,1.56375,0.557167731,12:46:25
65874,65874,65872,62.80487805,13.671875,2,2,1.082890303,1.449,0.489466048,12:46:40
65886,65886,65884,63.45238095,11.47460938,2,2,0.975744367,1.02368,0.492243918,12:46:55
65892,65892,65889,58.85416667,0.48828125,3,3,0.920629564,0.971375,0.556573363,12:47:10
65904,65904,65901,72.60416667,29.54101563,3,3,1.055377382,1.417862069,0.533504055,12:47:25
65910,65910,65907,67.22222222,44.67773438,3,3,1.12913339,1.436133333,0.564865374,12:47:40
65916,65916,65914,64.43181818,0.244140625,2,2,1.13924156,1.80348,0.519739264,12:47:55
65928,65928,65925,61.46341463,20.5078125,3,3,1.063884491,1.306333333,0.565323082,12:48:10
65934,65934,65931,70.42553191,10.49804688,3,3,1.029807505,1.717208333,0.520110957,12:48:25
65946,65946,65943,72.34693878,11.47460938,3,3,1.165672788,1.479965517,0.565205923,12:48:40
65952,65952,65949,68.95833333,20.75195313,3,3,1.265380304,1.881966667,0.533788833,12:48:55
65958,65958,65955,72.44680851,18.79882813,3,3,1.344848275,1.732875,0.556521739,12:49:10
65964,65964,65961,64.28571429,20.75195313,3,3,1.268725289,1.656458333,0.493594203,12:49:25
65976,65976,65973,62.625,10.98632813,3,3,1.142767911,1.52675,0.48776824,12:49:40
65982,65982,65979,70.32608696,67.62695313,3,3,1.11616595,1.499875,0.556779956,12:49:55
65994,65994,65991,63.26086957,12.6953125,3,3,1.159983699,1.726433333,0.532746129,12:50:10
66000,66000,65997,67.1875,52.49023438,3,3,1.174786568,1.4307,0.563846183,12:50:25
66006,66006,66003,63.60465116,67.3828125,3,3,1.161276404,1.869791667,0.518414516,12:50:40
66018,66018,66015,66.42857143,8.7890625,3,3,1.198152317,1.5039,0.565110102,12:50:55
66024,66024,66021,72.20930233,15.38085938,3,3,1.18226172,1.958375,0.519109727,12:51:10
66030,66030,66027,69.7,39.30664063,3,3,1.284564249,1.67475,0.556276655,12:51:25
66042,66042,66039,69.70588235,0.244140625,3,3,1.311551937,1.931433333,0.533589456,12:51:40
66048,66048,66046,53.91891892,17.33398438,2,2,1.163539861,1.53092,0.557115996,12:51:55
66054,66054,66051,69.58333333,14.16015625,3,3,1.149231243,1.531791667,0.557115996,12:52:10
66066,66066,66063,71.8627451,6.103515625,3,3,1.148868031,1.768966667,0.53361793,12:52:25
66072,66072,66070,57.12765957,14.16015625,2,2,1.148165589,1.539208333,0.556289549,12:52:40
66084,66084,66082,63.80434783,21.97265625,2,2,1.040833034,1.381741935,0.533276451,12:52:55
66090,66090,66088,59.28571429,46.14257813,2,2,1.067218474,1.104032258,0.564822834,12:53:10
66096,66096,66093,71.30952381,0.244140625,3,3,1.040191755,1.360434783,0.519311912,12:53:25
66108,66108,66105,70.66666667,27.83203125,3,3,1.134928273,1.338066667,0.564950473,12:53:40
66114,66114,66111,69.09090909,16.11328125,3,3,1.241239638,1.912217391,0.519435547,12:53:55
66120,66120,66117,63.46153846,0.48828125,3,3,1.151378646,1.535708333,0.556818709,12:54:10
66132,66132,66129,68.8,20.26367188,3,3,1.12435347,1.746466667,0.533323852,12:54:25
66138,66138,66135,66.2244898,30.51757813,3,3,1.072155867,1.462833333,0.556225086,12:54:40
66144,66144,66142,74.59183673,15.13671875,2,2,1.192352827,1.5672,0.556212195,12:54:55
66156,66156,66153,66.70731707,16.84570313,3,3,1.155842366,1.6753,0.533333333,12:55:10
66162,66162,66159,51.63043478,8.7890625,3,3,0.991487639,1.248583333,0.556818709,12:55:25
66168,66168,66165,79.55555556,14.40429688,3,3,1.023989587,1.701086957,0.519109727,12:55:40
66180,66180,66177,72.79069767,17.08984375,3,3,1.13707408,1.457551724,0.564631484,12:55:55
66186,66186,66183,69.69387755,6.8359375,3,3,1.265948029,2.041083333,0.519109727,12:56:10
66198,66198,66195,72.2826087,28.3203125,3,3,1.281196587,1.587266667,0.564961112,12:56:25
66204,66204,66201,71.02040816,38.0859375,3,3,1.347062359,1.968133333,0.53329541,12:56:40
66210,66210,66207,69.4,0.244140625,3,3,1.380414436,1.771458333,0.556173526,12:56:55
66222,66222,66219,70.12820513,6.591796875,3,3,1.181108124,1.6394,0.533333333,12:57:10
66228,66228,66225,68.55769231,14.16015625,3,3,1.158470443,1.338041667,0.55688331,12:57:25
66234,66234,66231,73.61702128,6.34765625,3,3,1.168190204,1.347291667,0.556870388,12:57:40
66246,66246,66244,76.14583333,3.41796875,2,2,1.327626012,1.7814,0.533665392,12:57:55
66252,66252,66250,60.24390244,6.34765625,2,2,1.245950447,1.61628,0.556637907,12:58:10
66258,66258,66255,67.68292683,20.99609375,3,3,1.195640618,1.839708333,0.519311912,12:58:25
66270,66270,66267,65.10869565,55.41992188,3,3,1.184452517,1.3869,0.564982391,12:58:40
66276,66276,66273,60.83333333,12.6953125,3,3,1.206742249,1.883,0.518918919,12:58:55
66288,66288,66285,67.69230769,8.056640625,3,3,1.226658199,1.538433333,0.564419025,12:59:10
66294,66294,66291,67.36111111,13.42773438,3,3,1.145158043,1.7683,0.533276451,12:59:25
66300,66300,66297,70.12195122,4.150390625,3,3,1.101948636,1.487125,0.556779956,12:59:40
66306,66306,66303,68.52941176,14.6484375,3,3,1.181848476,1.565416667,0.487182759,12:59:55
66315,66315,66315,56.09756098,24.4140625,0,0,1.097404441,1.483083333,0.432308016,12:00:10
66318,66318,66318,54.11764706,15.38085938,0,0,1.180704384,1.622190476,0.417275193,12:00:25
66327,66327,66327,55.41666667,8.7890625,0,0,1.154169296,1.541833333,0.372981901,12:00:40
66330,66330,66330,53.52941176,5.126953125,0,0,1.201943606,1.197380952,0.338549503,12:00:55
66333,66333,66333,39,5.126953125,0,0,1.166613027,1.165266667,0.324142104,12:01:10
66342,66342,66342,62.02702703,10.7421875,0,0,1.301822402,1.300210526,0.338925606,12:01:25
66345,66345,66345,52.5,5.615234375,0,0,1.303053578,1.300933333,0.32449271,12:01:40
66354,66354,66353,70.68181818,24.16992188,1,1,1.401154885,1.3985,0.395353653,12:01:55
66357,66357,66357,55.14705882,58.10546875,0,0,1.394031472,1.3917,0.320045518,12:02:10
66360,66360,66360,58.70967742,4.150390625,0,0,1.371529023,1.368866667,0.347818022,12:02:25
66363,66363,66363,41.37931034,26.85546875,0,0,1.249460169,1.246533333,0.308165942,12:02:40
66372,66372,66372,32.34375,0.732421875,0,0,1.046481933,1.0436,0.305249304,12:02:55
66375,66375,66375,48.75,13.42773438,0,0,1.008172105,1.0058,0.348068221,12:03:10
66384,66384,66384,54.55555556,21.72851563,0,0,1.058869353,1.056809524,0.373386437,12:03:25
66387,66387,66387,52.96875,10.49804688,0,0,1.054328981,1.05255,0.338683275,12:03:40
66390,66390,66390,39.83870968,2.685546875,0,0,1.067253496,1.064866667,0.324247206,12:03:55
66399,66399,66397,58.29268293,21.72851563,2,2,1.003793413,1.001105263,0.395383428,12:04:10
66402,66402,66402,48.03030303,16.84570313,0,0,1.046926175,1.043533333,0.324394464,12:04:25
66405,66405,66405,52.34375,6.8359375,0,0,1.139104537,1.135666667,0.347826087,12:04:40
66414,66414,66412,64.56521739,9.765625,2,2,1.155529093,1.152578947,0.373505976,12:04:55
66417,66417,66417,50,22.21679688,0,0,1.288604806,1.286466667,0.348035917,12:05:10
66420,66420,66420,36.5,17.33398438,0,0,1.154769974,1.1532,0.348035917,12:05:25
66429,66429,66427,68.25581395,10.98632813,2,2,1.134178226,1.132473684,0.373353246,12:05:40
66432,66432,66432,53.71428571,54.6875,0,0,1.103128474,1.101666667,0.347640679,12:05:55
66438,66438,66438,55.90909091,13.42773438,0,0,1.189015888,1.186777778,0.319943121,12:06:10
66444,66444,66442,64.09090909,0,2,2,1.195478123,1.192578947,0.395405762,12:06:25
66447,66447,66447,56.89655172,5.859375,0,0,1.16044793,1.328733333,0.324394464,12:06:40
66453,66453,66453,45.12820513,10.49804688,0,0,1.237932125,1.378055556,0.33879802,12:06:55
66459,66459,66459,64.18604651,12.45117188,0,0,1.161880002,1.311058824,0.324464633,12:07:10
66462,66462,66462,53.4375,5.859375,0,0,1.207452388,1.205066667,0.348019768,12:07:25
66468,66468,66468,46.6,40.0390625,0,0,1.169583151,1.167722222,0.320039827,12:07:40
66474,66474,66474,65.33333333,3.173828125,0,0,1.160928662,1.159266667,0.347680968,12:07:55
66477,66477,66477,52.16666667,38.57421875,0,0,1.134193345,1.132466667,0.347689027,12:08:10
66483,66483,66483,49.14285714,7.080078125,0,0,1.16031956,1.157611111,0.319977246,12:08:25
66489,66489,66487,67.04545455,25.63476563,2,2,1.260427168,1.258,0.347939041,12:08:40
66492,66492,66492,61.75675676,0.244140625,0,0,1.325253589,1.494333333,0.324401479,12:08:55
66498,66498,66498,38.22580645,39.79492188,0,0,1.221759318,1.362111111,0.338810774,12:09:10
66504,66504,66504,59.375,41.9921875,0,0,1.117497495,1.264352941,0.324555899,12:09:25
66510,66510,66510,38,6.103515625,0,0,0.989027303,0.984888889,0.339053288,12:09:40
66513,66513,66513,42.14285714,6.8359375,0,0,0.896535539,0.892388889,0.320142285,12:09:55
66519,66519,66517,56.625,14.6484375,2,2,0.84240079,0.840692308,0.347737389,12:10:10
66525,66525,66525,54.28571429,38.81835938,0,0,0.968718644,0.966611111,0.320022757,12:10:25
66528,66528,66528,49.84848485,29.05273438,0,0,1.106179929,1.103333333,0.347939041,12:10:40
66534,66534,66532,58.08510638,0.244140625,2,2,1.230255355,1.227533333,0.347939041,12:10:55
66540,66540,66540,51.06060606,38.57421875,0,0,1.277789458,1.418055556,0.32006259,12:11:10
66543,66543,66543,45.68965517,2.44140625,0,0,1.199847158,1.369133333,0.347818022,12:11:25
66549,66549,66549,50.76923077,6.103515625,0,0,1.031946938,1.180764706,0.324555899,12:11:40
66555,66555,66555,46.66666667,0.48828125,0,0,0.992186109,0.990611111,0.339046901,12:11:55
66558,66558,66558,44.31034483,1.220703125,0,0,0.912664959,0.910933333,0.32448569,12:12:10
66567,66567,66567,48.06451613,12.93945313,0,0,0.982474675,0.981111111,0.338759763,12:12:25
66570,66570,66570,55.15151515,0.244140625,0,0,1.009210699,1.007833333,0.320056899,12:12:40
66573,66573,66573,57.40740741,2.9296875,0,0,1.062073746,1.060066667,0.347995546,12:12:55
66579,66579,66579,56.875,31.73828125,0,0,1.017528511,1.014882353,0.30391611,12:13:10
66585,66585,66585,51.32352941,4.150390625,0,0,1.00426074,1.001466667,0.309402605,12:13:25
66588,66588,66588,44.79166667,12.45117188,0,0,0.928918674,0.926133333,0.3477777,12:13:40
66597,66597,66597,52.17948718,11.23046875,0,0,1.105829909,1.104111111,0.320210627,12:13:55
66600,66600,66600,45.25,0.732421875,0,0,1.169541236,1.167666667,0.339104388,12:14:10
66603,66603,66603,54.39393939,13.18359375,0,0,1.260924914,1.258733333,0.324541855,12:14:25
66612,66612,66612,30.37037037,26.85546875,0,0,1.187053965,1.18165,0.338747012,12:14:40
66615,66615,66615,49,0.48828125,0,0,1.110617307,1.103866667,0.324436562,12:14:55
66624,66624,66624,51.97674419,0.244140625,0,0,1.017181826,1.011714286,0.395502571,12:15:10
66627,66627,66627,31.78571429,49.31640625,0,0,0.889177178,0.886526316,0.320136592,12:15:25
66630,66630,66630,64.42307692,3.41796875,0,0,0.952495915,0.949333333,0.347793828,12:15:40
66633,66633,66633,39.46428571,61.27929688,0,0,0.847179882,0.844666667,0.307103274,12:15:55
66642,66642,66642,58.42857143,19.77539063,0,0,1.193530782,1.191133333,0.306389276,12:16:10
66645,66645,66645,36.53846154,4.39453125,0,0,1.135379132,1.133733333,0.348189415,12:16:25
66654,66654,66652,64.33333333,14.40429688,2,2,1.080774945,1.079,0.373638887,12:16:40
66657,66657,66657,49.44444444,48.58398438,0,0,1.135246952,1.13385,0.338829907,12:16:55
66660,66660,66660,53.5483871,42.23632813,0,0,1.129561985,1.128066667,0.324191143,12:17:10
66669,66669,66667,63.82978723,36.62109375,2,2,1.152914869,1.151157895,0.395160228,12:17:25
66672,66672,66672,48.90625,13.671875,0,0,1.111884068,1.110066667,0.324303288,12:17:40
66675,66675,66675,50.13888889,16.11328125,0,0,1.126843936,1.124533333,0.347963255,12:17:55
66684,66684,66683,65.51282051,0.244140625,1,1,1.032026586,1.02995,0.373652183,12:18:10
66687,66687,66687,45.42857143,22.21679688,0,0,0.992337157,0.9902,0.348076298,12:18:25
66690,66690,66690,48.28571429,9.033203125,0,0,0.975157451,0.973466667,0.310517415,12:18:40
66699,66699,66697,67.84090909,25.14648438,2,2,1.137133638,1.134842105,0.373479405,12:18:55
66702,66702,66702,42,4.638671875,0,0,1.177136279,1.173933333,0.34774545,12:19:10
66708,66708,66708,46.38888889,16.6015625,0,0,1.188378761,1.184888889,0.319852157,12:19:25
66714,66714,66714,56.81818182,19.28710938,0,0,1.112842705,1.109761905,0.395160228,12:19:40
66717,66717,66717,57.03125,4.8828125,0,0,1.198496229,1.196,0.324289266,12:19:55
66723,66723,66723,42.03703704,48.58398438,0,0,1.035131303,1.031444444,0.338900081,12:20:10
66729,66729,66727,62.55319149,5.859375,2,2,1.054842982,1.050846154,0.324548877,12:20:25
66732,66732,66732,49.48275862,7.568359375,0,0,0.934186698,0.931066667,0.347987472,12:20:40
66738,66738,66738,49.58333333,14.6484375,0,0,1.144219699,1.141944444,0.320022757,12:20:55
66744,66744,66744,62.61363636,19.53125,0,0,1.129744603,1.127117647,0.347705146,12:21:10
66747,66747,66747,36.78571429,16.6015625,0,0,1.122309906,1.118266667,0.347697086,12:21:25
66753,66753,66753,37.16666667,28.3203125,0,0,1.045621286,1.040777778,0.319806695,12:21:40
66759,66759,66759,64.68085106,8.056640625,0,0,1.032521518,1.0278,0.347672909,12:21:55
66762,66762,66762,66.66666667,6.103515625,0,0,1.142810623,1.139533333,0.324317312,12:22:10
66768,66768,66768,48.57142857,13.18359375,0,0,1.102840927,1.100555556,0.338919224,12:22:25
66774,66774,66772,70.36585366,25.87890625,2,2,1.190813388,1.189615385,0.324443579,12:22:40
66780,66780,66780,39.6,8.30078125,0,0,1.129236505,1.1275,0.338823529,12:22:55
66783,66783,66783,37.69230769,2.44140625,0,0,1.114826753,1.112277778,0.319943121,12:23:10
66789,66789,66787,64.625,5.615234375,2,2,0.966941813,0.964333333,0.347753512,12:23:25
66795,66795,66795,46.71428571,28.56445313,0,0,0.974129363,0.969333333,0.319812377,12:23:40
66798,66798,66798,31.72413793,35.15625,0,0,1.020476795,1.016533333,0.347640679,12:23:55
66804,66804,66804,64.52380952,3.662109375,0,0,1.051230487,1.047117647,0.347632622,12:24:10
66810,66810,66810,46.66666667,10.49804688,0,0,1.08462553,1.080944444,0.319994311,12:24:25
66813,66813,66813,45,17.33398438,0,0,1.018009753,1.0142,0.348011693,12:24:40
66819,66819,66817,64.60526316,37.109375,2,2,0.955618649,0.951615385,0.32435939,12:24:55
66825,66825,66825,42.2,26.61132813,0,0,0.943744002,0.9425,0.338715141,12:25:10
66828,66828,66828,52.64705882,18.79882813,0,0,1.053320093,1.051866667,0.324205157,12:25:25
66837,66837,66837,45.81081081,8.544921875,0,0,1.107640714,1.10615,0.338829907,12:25:40
66840,66840,66840,60.32258065,20.99609375,0,0,1.138868258,1.137222222,0.319926062,12:25:55
66843,66843,66843,53.22580645,15.625,0,0,1.205820846,1.2036,0.347721267,12:26:10
66849,66849,66849,57.04545455,4.150390625,0,0,1.119833725,1.118352941,0.303289733,12:26:25
66855,66855,66855,53.125,21.97265625,0,0,1.135673112,1.1332,0.309653429,12:26:40
66858,66858,66858,45,8.7890625,0,0,1.080201086,1.0778,0.347584289,12:26:55
66867,66867,66867,55.28571429,11.47460938,0,0,1.224146148,1.221777778,0.319823742,12:27:10
66870,66870,66870,53.75,5.37109375,0,0,1.226170338,1.223333333,0.338817152,12:27:25
66873,66873,66873,39.41176471,26.12304688,0,0,1.226576904,1.224266667,0.32422618,12:27:40
66882,66882,66882,50.14705882,0.9765625,0,0,1.100695906,1.09865,0.338747012,12:27:55
66885,66885,66885,40.46875,9.27734375,0,0,0.935801217,0.933733333,0.324191143,12:28:10
66894,66894,66892,66.59090909,24.90234375,2,2,1.048191868,1.044894737,0.395249478,12:28:25
66897,66897,66897,61.75675676,10.7421875,0,0,1.212478135,1.3385,0.319778287,12:28:40
66900,66900,66900,40.37037037,5.126953125,0,0,1.273941907,1.4428,0.347560128,12:28:55
66903,66903,66903,43.07692308,22.4609375,0,0,1.176865938,1.347466667,0.307264876,12:29:10
66912,66912,66912,63.64864865,3.173828125,0,0,1.107022593,1.104933333,0.30567219,12:29:25
66915,66915,66915,51.77419355,6.34765625,0,0,1.190912091,1.1868,0.347737389,12:29:40
66924,66924,66922,69.88095238,1.953125,2,2,1.26834349,1.263947368,0.373326696,12:29:55
66927,66927,66927,49.05405405,8.7890625,0,0,1.305319616,1.30105,0.33888732,12:30:10
66930,66930,66930,44,21.484375,0,0,1.138446562,1.1358,0.324331337,12:30:25
66939,66939,66937,61.84782609,21.484375,2,2,1.125485235,1.123473684,0.395227162,12:30:40
66942,66942,66942,64.6969697,11.23046875,0,0,1.105813502,1.191,0.323960088,12:30:55
66945,66945,66945,56.29032258,0.732421875,0,0,1.228662102,1.314133333,0.347479615,12:31:10
66954,66954,66953,63.51351351,25.63476563,1,1,1.076911006,1.14075,0.373101181,12:31:25
66957,66957,66957,61.78571429,4.638671875,0,0,1.031640673,1.029133333,0.347898692,12:31:40
66960,66960,66960,48.18181818,11.23046875,0,0,1.003466286,1.000666667,0.347898692,12:31:55
66969,66969,66967,62.23404255,0.244140625,2,2,1.126444937,1.123894737,0.373379798,12:32:10
66972,66972,66972,58.20512821,4.150390625,0,0,1.242770409,1.241266667,0.347801892,12:32:25
66978,66978,66978,39.25925926,37.109375,0,0,1.187895946,1.186722222,0.319897633,12:32:40
66984,66984,66982,65.93023256,8.544921875,2,2,1.166208398,1.164631579,0.395182537,12:32:55
66987,66987,66987,59.28571429,20.5078125,0,0,1.175966238,1.348333333,0.323925109,12:33:10
66993,66993,66993,48.8,2.197265625,0,0,1.040520075,1.183222222,0.338549503,12:33:25
66999,66999,66997,60.43478261,17.08984375,2,2,1.075016528,1.2466,0.32404407,12:33:40
67002,67002,67002,65.29411765,18.79882813,0,0,1.065325162,1.062333333,0.347842219,12:33:55
67008,67008,67008,37.87878788,4.150390625,0,0,1.08277175,1.080611111,0.320153674,12:34:10
67014,67014,67014,52.77777778,17.82226563,0,0,0.957855483,0.955882353,0.348011693,12:34:25
67017,67017,67017,42.80487805,23.92578125,0,0,0.888010676,0.886333333,0.348019768,12:34:40
67023,67023,67023,56.20689655,22.94921875,0,0,0.918111272,0.916611111,0.32,12:34:55
67029,67029,67028,63.88888889,6.34765625,1,1,0.970885653,0.969214286,0.347648736,12:35:10
67032,67032,67032,35.51724138,16.11328125,0,0,0.870767986,0.868733333,0.323834197,12:35:25
67038,67038,67038,52.66666667,11.47460938,0,0,1.010573182,1.008333333,0.338517669,12:35:40
67044,67044,67042,66.9047619,9.033203125,2,2,1.036513662,1.0345,0.32387615,12:35:55
67050,67050,67050,53.23529412,1.953125,0,0,1.221102234,1.218166667,0.338721514,12:36:10
67053,67053,67053,47.32142857,2.685546875,0,0,1.156173593,1.153166667,0.319971558,12:36:25
67059,67059,67059,56.58536585,4.8828125,0,0,1.052649361,1.048705882,0.3479229,12:36:40
67065,67065,67065,56.09375,8.7890625,0,0,1.091452584,1.088166667,0.319931748,12:36:55
67068,67068,67068,48.78787879,11.47460938,0,0,1.10551452,1.101866667,0.347632622,12:37:10
67074,67074,67072,61.75675676,24.4140625,2,2,1.151009393,1.148076923,0.347632622,12:37:25
67080,67080,67080,24.33333333,25.87890625,0,0,1.070507107,1.213333333,0.319568228,12:37:40
67083,67083,67083,54.35483871,9.27734375,0,0,1.012175904,1.1848,0.347415231,12:37:55
67089,67089,67087,59.85714286,7.8125,2,2,0.982868185,1.155466667,0.323918114,12:38:10
67095,67095,67095,44.4,7.080078125,0,0,0.968593921,0.966333333,0.33877889,12:38:25
67098,67098,67098,56.66666667,10.00976563,0,0,1.101717649,1.099133333,0.324317312,12:38:40
67107,67107,67107,38,26.12304688,0,0,1.046787531,1.04355,0.338861801,12:38:55
67110,67110,67110,53.33333333,20.26367188,0,0,0.997780473,0.994722222,0.319891948,12:39:10
67113,67113,67113,56.71875,11.96289063,0,0,1.052044203,1.048733333,0.347608454,12:39:25
67119,67119,67119,61.14583333,7.32421875,0,0,1.104233049,1.100333333,0.305166016,12:39:40
67125,67125,67125,52.83333333,24.90234375,0,0,1.241843289,1.235666667,0.307541107,12:39:55
67128,67128,67128,54.375,15.38085938,0,0,1.207306587,1.2016,0.347399138,12:40:10
67137,67137,67137,54.5,10.25390625,0,0,1.276699498,1.270333333,0.319602273,12:40:25
67140,67140,67140,51.36363636,4.8828125,0,0,1.250188837,1.246888889,0.338727889,12:40:40
67143,67143,67143,52.5,20.01953125,0,0,1.211708319,1.2082,0.324275245,12:40:55
67152,67152,67152,57.12121212,5.126953125,0,0,1.179419933,1.17585,0.33888094,12:41:10
67155,67155,67155,52.34375,23.68164063,0,0,1.165010332,1.162533333,0.324233189,12:41:25
67164,67164,67164,57.26190476,17.33398438,0,0,1.053734725,1.047904762,0.395123053,12:41:40
67167,67167,67167,53.10344828,29.05273438,0,0,1.094182872,1.08805,0.319517174,12:41:55
67170,67170,67170,47.43589744,8.544921875,0,0,1.04470031,1.037066667,0.3473187,12:42:10
67173,67173,67173,52.12121212,12.6953125,0,0,1.11597845,1.107866667,0.309401484,12:42:25
67182,67182,67182,52.76315789,7.568359375,0,0,1.261611696,1.2592,0.302919946,12:42:40
67185,67185,67185,38.96551724,3.90625,0,0,1.160806169,1.159,0.347182039,12:42:55
67194,67194,67192,53.5,13.18359375,2,2,0.984753098,0.982631579,0.372631131,12:43:10
67197,67197,67197,51.38888889,37.109375,0,0,1.026454352,1.0237,0.338657786,12:43:25
67200,67200,67200,46.35135135,16.35742188,0,0,1.036956446,1.033,0.323701418,12:43:40
67209,67209,67207,68.48837209,12.20703125,2,2,1.084507313,1.081210526,0.394825901,12:43:55
67212,67212,67212,54.86111111,26.61132813,0,0,1.292268429,1.288933333,0.323757312,12:44:10
67215,67215,67215,36.48148148,49.31640625,0,0,1.165293527,1.162466667,0.347689027,12:44:25
67224,67224,67222,65.56818182,22.21679688,2,2,1.145055621,1.142157895,0.372717108,12:44:40
67227,67227,67227,47.5,5.37109375,0,0,0.98219444,0.979133333,0.347222222,12:44:55
67230,67230,67230,38.88888889,10.00976563,0,0,0.988380088,0.985266667,0.347214185,12:45:10
67239,67239,67237,58.51351351,6.103515625,2,2,0.858844435,0.853578947,0.372584852,12:45:25
67242,67242,67242,37.8125,3.41796875,0,0,0.774852092,0.7686,0.347519867,12:45:40
67245,67245,67245,49.28571429,16.35742188,0,0,0.79972874,0.793933333,0.323422239,12:45:55
67254,67254,67252,70.375,34.1796875,2,2,0.961616235,0.956736842,0.394625575,12:46:10
67257,67257,67257,49.24242424,20.01953125,0,0,1.080262728,1.243733333,0.323771288,12:46:25
67263,67263,67263,40.64516129,19.77539063,0,0,0.998645741,1.134722222,0.338900081,12:46:40
67269,67269,67267,65.40540541,35.15625,2,2,0.908404628,1.036842105,0.373054786,12:46:55
67272,67272,67272,52.05128205,25.63476563,0,0,0.929410019,0.927333333,0.347383048,12:47:10
67278,67278,67278,50.44117647,0.48828125,0,0,1.073329424,1.070666667,0.319551208,12:47:25
67284,67284,67282,61.66666667,6.103515625,2,2,1.105862928,1.103266667,0.347624565,12:47:40
67287,67287,67287,56.29032258,9.521484375,0,0,1.076212925,1.074133333,0.347632622,12:47:55
67293,67293,67293,33.21428571,10.7421875,0,0,1.013411174,1.008777778,0.319772606,12:48:10
67299,67299,67297,61.91176471,26.61132813,2,2,0.957555058,0.9532,0.347705146,12:48:25
67302,67302,67302,51.71428571,9.765625,0,0,0.950317265,0.946,0.324107085,12:48:40
67308,67308,67308,44.85714286,28.80859375,0,0,0.984081305,0.982333333,0.338721514,12:48:55
67314,67314,67312,64.60526316,0.244140625,2,2,1.104171999,1.1024,0.323827206,12:49:10
67320,67320,67320,47.12121212,11.71875,0,0,1.193720221,1.190444444,0.338466746,12:49:25
67323,67323,67323,57.33333333,0.732421875,0,0,1.190558852,1.187055556,0.319545535,12:49:40
67329,67329,67327,61.34146341,40.77148438,2,2,1.201982509,1.197533333,0.347608454,12:49:55
67332,67332,67332,26.5625,7.8125,0,0,0.942650009,0.939733333,0.305692668,12:50:10
67338,67338,67338,48.82352941,5.615234375,0,0,0.91425822,0.9116,0.307033403,12:50:25
67344,67344,67342,61.44444444,14.6484375,2,2,0.963899297,0.962133333,0.347415231,12:50:40
67350,67350,67350,46.16666667,1.708984375,0,0,1.10456849,1.102055556,0.319596598,12:50:55
67353,67353,67353,57.4137931,6.591796875,0,0,1.123132578,1.120611111,0.33869602,12:51:10
67359,67359,67357,53.51351351,9.521484375,2,2,0.975631501,0.972733333,0.3237643,12:51:25
67365,67365,67365,45.83333333,34.42382813,0,0,0.986194056,0.983222222,0.33844129,12:51:40
67368,67368,67368,53.33333333,5.126953125,0,0,1.013109668,1.0112,0.3237643,12:51:55
67374,67374,67372,67.20930233,11.71875,2,2,1.18480252,1.183266667,0.347672909,12:52:10
67380,67380,67380,34.8,16.84570313,0,0,1.046470942,1.044444444,0.319687417,12:52:25
67383,67383,67383,51.91176471,10.00976563,0,0,1.047553961,1.044,0.347544022,12:52:40
67389,67389,67387,57.29166667,0.732421875,2,2,1.021299025,1.016933333,0.34753597,12:52:55
67395,67395,67395,44.86111111,1.708984375,0,0,1.031097295,1.027888889,0.319477477,12:53:10
67398,67398,67398,51.57142857,22.21679688,0,0,1.138562896,1.1362,0.347375003,12:53:25
67407,67407,67407,36.11111111,27.34375,0,0,0.963986741,0.9626,0.319568228,12:53:40
67410,67410,67410,46.02564103,7.080078125,0,0,1.016689454,1.015222222,0.33869602,12:53:55
67413,67413,67413,30.16666667,2.9296875,0,0,0.819042852,0.817533333,0.324072074,12:54:10
67422,67422,67422,36.25,49.31640625,0,0,0.922006479,0.92075,0.338721514,12:54:25
67425,67425,67425,35.16129032,7.32421875,0,0,0.85402119,0.852733333,0.323953092,12:54:40
67428,67428,67428,39.79166667,15.86914063,0,0,0.857388804,0.8564,0.347527918,12:54:55
67437,67437,67437,49.21875,2.9296875,0,0,0.918320877,0.91655,0.319188552,12:55:10
67440,67440,67440,43.27586207,4.150390625,0,0,0.906066977,0.9036,0.346973237,12:55:25
67443,67443,67443,40.69444444,1.953125,0,0,1.00255889,0.9998,0.346973237,12:55:40
67452,67452,67452,58.15789474,5.37109375,0,0,1.092491463,1.08895,0.319182892,12:55:55
67455,67455,67455,35.5,23.68164063,0,0,1.096910527,1.093333333,0.347519867,12:56:10
67458,67458,67458,22.72727273,49.31640625,0,0,0.937537384,0.934333333,0.323834197,12:56:25
67467,67467,67467,47.63888889,8.056640625,0,0,1.001951786,1.0003,0.338606821,12:56:40
67470,67470,67470,29.80769231,49.8046875,0,0,0.831415283,0.8286,0.32403007,12:56:55
67479,67479,67479,44.7826087,49.31640625,0,0,0.865422645,0.862857143,0.395212285,12:57:10
67482,67482,67482,47.16216216,8.056640625,0,0,0.864365099,0.86185,0.319755565,12:57:25
67485,67485,67485,44.4,0.732421875,0,0,0.830509585,0.828933333,0.347560128,12:57:40
67494,67494,67492,64.31818182,1.46484375,2,2,0.860519632,0.858684211,0.372657581,12:57:55
67497,67497,67497,55.53571429,20.75195313,0,0,0.932724997,0.930733333,0.347262415,12:58:10
67500,67500,67500,32.30769231,15.625,0,0,0.89523868,0.890866667,0.347262415,12:58:25
67509,67509,67507,55.12195122,21.72851563,2,2,0.817091672,0.812631579,0.372703878,12:58:40
67512,67512,67512,61.08108108,12.93945313,0,0,0.882522513,0.877666667,0.347616509,12:58:55
67515,67515,67515,40.35714286,20.5078125,0,0,0.916514774,0.914066667,0.323974082,12:59:10
67524,67524,67522,55.81632653,1.220703125,2,2,1.021189281,1.018947368,0.395108184,12:59:25
67527,67527,67527,57.96296296,56.640625,0,0,1.021428111,1.018933333,0.32404407,12:59:40
67533,67533,67533,55,20.26367188,0,0,1.129459738,1.126833333,0.338721514,12:59:55
67539,67539,67539,66.625,15.38085938,0,0,1.069340602,1.065428571,0.37292229,12:00:10
67542,67542,67542,35.92592593,10.7421875,0,0,1.014480149,1.0108,0.347455468,12:00:25
67545,67545,67545,48.6,5.37109375,0,0,0.930607202,0.926733333,0.306098857,12:00:40
67554,67554,67552,58.7804878,0.244140625,2,2,0.844033219,0.841153846,0.306634651,12:00:55
67557,67557,67557,56.66666667,5.859375,0,0,1.018852179,1.014266667,0.347568181,12:01:10
67563,67563,67563,50.44117647,5.37109375,0,0,1.042432472,1.038666667,0.319681739,12:01:25
67569,67569,67567,60.375,0.732421875,2,2,0.978632338,0.973526316,0.395108184,12:01:40
67572,67572,67572,36.37931034,6.103515625,0,0,0.864476978,0.859733333,0.324016071,12:01:55
67578,67578,67578,52.85714286,3.41796875,0,0,1.06566163,1.061611111,0.338708767,12:02:10
67584,67584,67584,61.71052632,17.08984375,0,0,1.002651323,1,0.323911119,12:02:25
67587,67587,67587,54.6969697,1.953125,0,0,1.135058975,1.131933333,0.347503765,12:02:40
67593,67593,67593,48.52941176,3.90625,0,0,1.050785873,1.048,0.319624973,12:02:55
67599,67599,67597,58.5,1.220703125,2,2,0.910295865,0.906769231,0.347624565,12:03:10
67602,67602,67602,44.82758621,25.390625,0,0,0.852210027,0.850466667,0.347624565,12:03:25
67608,67608,67608,37.03703704,2.44140625,0,0,0.857017659,0.855277778,0.319778287,12:03:40
67614,67614,67612,61.19565217,37.35351563,2,2,0.936703121,0.934866667,0.347713206,12:03:55
67620,67620,67620,57.83333333,9.521484375,0,0,1.116189046,1.252333333,0.319886263,12:04:10
67623,67623,67623,33.63636364,10.49804688,0,0,1.065644185,1.201333333,0.33877889,12:04:25
67629,67629,67629,56.47727273,38.33007813,0,0,1.072378839,1.216,0.323953092,12:04:40
67635,67635,67635,37.40740741,23.92578125,0,0,0.909328368,0.906333333,0.338530402,12:04:55
67638,67638,67638,52.1875,5.37109375,0,0,0.967977824,0.965133333,0.323918114,12:05:10
67644,67644,67642,67.56097561,53.46679688,2,2,1.007882979,1.005615385,0.347729327,12:05:25
67650,67650,67650,49.84848485,49.56054688,0,0,0.990601764,0.988166667,0.319783968,12:05:40
67653,67653,67653,43.75,0.48828125,0,0,1.048652474,1.042933333,0.347616509,12:05:55
67659,67659,67657,70.875,18.79882813,2,2,1.083257946,1.077266667,0.347616509,12:06:10
67665,67665,67665,51.96969697,6.591796875,0,0,1.196729923,1.331833333,0.319687417,12:06:25
67668,67668,67668,32.5,49.56054688,0,0,1.077290659,1.243666667,0.347600399,12:06:40
67674,67674,67672,64.02439024,0.244140625,2,2,1.049480665,1.215533333,0.323911119,12:06:55
67680,67680,67680,48.88888889,3.173828125,0,0,1.145471947,1.140888889,0.338625931,12:07:10
67683,67683,67683,43.03571429,18.5546875,0,0,1.11272564,1.107,0.32403707,12:07:25
67692,67692,67692,51.25,14.40429688,0,0,1.094074337,1.0897,0.338753388,12:07:40
67695,67695,67695,51.47058824,11.47460938,0,0,1.093374433,1.088611111,0.319755565,12:07:55
67698,67698,67698,39.83333333,14.40429688,0,0,1.037773679,1.0354,0.347560128,12:08:10
67707,67707,67707,55.66666667,16.11328125,0,0,1.054748113,1.05235,0.319432121,12:08:25
67710,67710,67710,51.61290323,3.41796875,0,0,0.955489754,0.952666667,0.347278494,12:08:40
67713,67713,67713,37.83333333,9.033203125,0,0,0.94256425,0.940066667,0.347278494,12:08:55
67722,67722,67722,57.71428571,5.37109375,0,0,1.01291894,1.0105,0.319590924,12:09:10
67725,67725,67725,40.57692308,7.32421875,0,0,0.906860911,0.9046,0.347793828,12:09:25
67728,67728,67728,44.42857143,27.58789063,0,0,0.998741423,0.995866667,0.324002074,12:09:40
67737,67737,67737,56.5625,4.8828125,0,0,1.123260131,1.1204,0.338555871,12:09:55
67740,67740,67740,48,28.07617188,0,0,1.125123172,1.122733333,0.323953092,12:10:10
67749,67749,67747,64.31818182,24.90234375,2,2,0.998857837,0.996947368,0.395212285,12:10:25
67752,67752,67752,59.6969697,13.671875,0,0,1.050408296,1.17605,0.319704451,12:10:40
67755,67755,67755,46.17647059,1.708984375,0,0,1.018437155,1.186133333,0.347495714,12:10:55
67758,67758,67758,52.27272727,5.126953125,0,0,1.217623834,1.385266667,0.305494179,12:11:10
67767,67767,67767,45.88235294,24.4140625,0,0,1.109428713,1.105133333,0.307226508,12:11:25
67770,67770,67770,37.75862069,15.13671875,0,0,0.99385157,0.989333333,0.347511815,12:11:40
67779,67779,67777,64.31818182,37.59765625,2,2,1.046556576,1.041894737,0.372816361,12:11:55
67782,67782,67782,55.40540541,16.35742188,0,0,1.126386462,1.12205,0.338574976,12:12:10
67785,67785,67785,54.33333333,9.521484375,0,0,1.230708467,1.225666667,0.323918114,12:12:25
67794,67794,67792,64.09090909,13.671875,2,2,1.196764177,1.192052632,0.395160228,12:12:40
67797,67797,67797,39.31034483,49.31640625,0,0,1.068054281,1.065666667,0.323869157,12:12:55
67803,67803,67803,48.70967742,0,0,0,1.021568183,1.018611111,0.338524035,12:13:10
67809,67809,67807,52.20588235,0.244140625,2,2,0.849443846,0.846736842,0.372624519,12:13:25
67812,67812,67812,62.8125,24.16992188,0,0,0.919901591,0.917333333,0.347350871,12:13:40
67815,67815,67815,41.66666667,54.6875,0,0,0.939115595,0.937133333,0.347350871,12:13:55
67824,67824,67822,63.40909091,0.732421875,2,2,1.040887523,1.039266667,0.302437128,12:14:10
67827,67827,67827,47.77777778,16.84570313,0,0,0.987841141,0.985333333,0.347511815,12:14:25
67833,67833,67833,37.90322581,1.220703125,0,0,1.007226032,1.004111111,0.319698773,12:14:40
67839,67839,67837,49,17.82226563,2,2,0.913607444,0.910315789,0.395189973,12:14:55
67842,67842,67842,55.64516129,24.16992188,0,0,0.919474394,0.9166,0.3237643,12:15:10
67848,67848,67848,37.5,46.875,0,0,0.865464645,0.863555556,0.338409475,12:15:25
67854,67854,67852,57.82051282,10.49804688,2,2,0.950444228,0.9492,0.323436186,12:15:40
67857,67857,67857,52.5,8.7890625,0,0,1.006859465,1.004533333,0.347334784,12:15:55
67863,67863,67863,38.66666667,2.9296875,0,0,0.978962144,0.9765,0.319443459,12:16:10
67869,67869,67867,66.36363636,31.25,2,2,1.129074178,1.126133333,0.34753597,12:16:25
67872,67872,67872,54.30555556,2.44140625,0,0,1.107401748,1.104133333,0.34753597,12:16:40
67878,67878,67878,39.14285714,19.77539063,0,0,1.011113895,1.007666667,0.319778287,12:16:55
67884,67884,67884,64.28571429,16.11328125,0,0,0.98561306,0.982882353,0.347801892,12:17:10
67887,67887,67887,46.32352941,13.18359375,0,0,0.936965811,0.935,0.323806234,12:17:25
67893,67893,67893,45.55555556,2.44140625,0,0,0.968151303,0.965666667,0.338377667,12:17:40
67899,67899,67897,63.65853659,20.01953125,2,2,0.990808603,0.988,0.323478036,12:17:55
67905,67905,67905,55,7.8125,0,0,1.089849019,1.087444444,0.338498571,12:18:10
67908,67908,67908,35.34482759,29.05273438,0,0,1.076015883,1.073777778,0.319466137,12:18:25
67914,67914,67912,51.11111111,11.23046875,2,2,1.000397091,0.998066667,0.347479615,12:18:40
67920,67920,67920,47.87878788,2.197265625,0,0,1.016647129,1.014,0.319471807,12:18:55
67923,67923,67923,44.83870968,39.79492188,0,0,1.062712653,1.059866667,0.347415231,12:19:10
67929,67929,67927,56.46341463,47.60742188,2,2,1.069943298,1.0674,0.347415231,12:19:25
67935,67935,67935,40.37037037,5.37109375,0,0,0.975695387,0.972833333,0.319307458,12:19:40
67938,67938,67938,54.55882353,14.16015625,0,0,1.011459103,1.008466667,0.347254375,12:19:55
67944,67944,67942,54.875,25.63476563,2,2,1.015690528,1.013266667,0.323512919,12:20:10
67950,67950,67950,45.89285714,0.48828125,0,0,1.042516217,1.0405,0.338543136,12:20:25
67953,67953,67953,43.71428571,11.47460938,0,0,1.025847437,1.023466667,0.323680463,12:20:40
67962,67962,67962,38.05555556,1.953125,0,0,1.010291355,1.00635,0.338517669,12:20:55
67965,67965,67965,50.17241379,4.638671875,0,0,0.949025175,0.945,0.319409447,12:21:10
67968,67968,67968,37.06896552,26.12304688,0,0,0.880040119,0.8764,0.347375003,12:21:25
67974,67974,67972,67.14285714,43.21289063,2,2,0.908909426,0.906466667,0.306730547,12:21:40
67980,67980,67980,43.63636364,14.40429688,0,0,1.033143077,1.030666667,0.305665509,12:21:55
67983,67983,67983,49.03846154,13.18359375,0,0,1.037548995,1.034533333,0.347222222,12:22:10
67992,67992,67992,61.66666667,25.14648438,0,0,1.112833579,1.10985,0.319352778,12:22:25
67995,67995,67995,44.67741935,27.83203125,0,0,1.097434225,1.094444444,0.338574976,12:22:40
67998,67998,67998,50,32.2265625,0,0,1.17897342,1.176866667,0.323568748,12:22:55
68007,68007,68007,45,6.8359375,0,0,1.078319817,1.07615,0.33839039,12:23:10
68010,68010,68010,41.66666667,3.90625,0,0,0.939031047,0.937133333,0.322934832,12:23:25
68013,68013,68013,59,12.6953125,0,0,0.931033457,0.928666667,0.346780719,12:23:40
68022,68022,68022,45,5.859375,0,0,0.882986455,0.879888889,0.319522846,12:23:55
68025,68025,68025,45.64516129,7.080078125,0,0,0.921661399,0.9184,0.348213664,12:24:10
68028,68028,68028,46.71428571,14.16015625,0,0,0.917262586,0.914533333,0.348205581,12:24:25
68037,68037,68037,58.28947368,6.8359375,0,0,1.13381597,1.131444444,0.320017068,12:24:40
68040,68040,68040,46.60714286,25.390625,0,0,1.098174249,1.0964,0.347479615,12:24:55
68049,68049,68047,60.9375,1.708984375,2,2,1.011622481,1.009684211,0.372736954,12:25:10
68052,68052,68052,53.47222222,12.6953125,0,0,1.040604869,1.03765,0.338517669,12:25:25
68055,68055,68055,55.83333333,8.7890625,0,0,1.022881558,1.019933333,0.323498965,12:25:40
68064,68064,68062,64.65909091,49.8046875,2,2,0.998702132,0.995052632,0.394773945,12:25:55
68067,68067,68067,45,1.708984375,0,0,1.061312368,1.057866667,0.323533852,12:26:10
68070,68070,68070,38.90625,32.71484375,0,0,0.979345265,0.975933333,0.347487664,12:26:25
68079,68079,68079,66.70731707,49.31640625,0,0,1.059571185,1.057238095,0.373034905,12:26:40
68082,68082,68082,28.14814815,24.4140625,0,0,0.949698593,0.948333333,0.347826087,12:26:55
68085,68085,68085,53.96551724,27.09960938,0,0,1.005310016,1.003466667,0.347818022,12:27:10
68094,68094,68094,67.875,0.9765625,0,0,0.946973041,0.944047619,0.373074668,12:27:25
68097,68097,68097,41.42857143,1.46484375,0,0,0.99679307,0.9926,0.347503765,12:27:40
68100,68100,68100,44.03225806,16.84570313,0,0,0.982719128,0.978133333,0.323610632,12:27:55
68109,68109,68108,71.05263158,1.220703125,1,1,1.013588126,1.00975,0.394825901,12:28:10
68112,68112,68112,47.85714286,17.578125,0,0,1.107777197,1.1014,0.323533852,12:28:25
68118,68118,68118,44.23076923,17.33398438,0,0,1.085660788,1.080777778,0.338504937,12:28:40
68124,68124,68122,62.72727273,14.89257813,2,2,1.083533451,1.078736842,0.372942158,12:28:55
68127,68127,68127,53.78787879,13.18359375,0,0,1.088946364,1.082066667,0.347761575,12:29:10
68130,68130,68130,38.18181818,5.126953125,0,0,1.102518145,1.095733333,0.303430878,12:29:25
68139,68139,68137,65.76923077,15.625,2,2,1.025987767,1.018733333,0.309498228,12:29:40
68142,68142,68142,54.11764706,4.638671875,0,0,1.012724507,1.009466667,0.347527918,12:29:55
68148,68148,68148,41.07142857,21.484375,0,0,0.980486943,0.976111111,0.319420784,12:30:10
68154,68154,68152,58.33333333,39.55078125,2,2,0.942512462,0.937473684,0.394811055,12:30:25
68157,68157,68157,49.09090909,9.765625,0,0,0.865280223,0.8604,0.323589688,12:30:40
68163,68163,68163,46,36.62109375,0,0,0.931310045,0.927777778,0.338568607,12:30:55
68169,68169,68167,64.26470588,42.48046875,2,2,0.923969375,0.922266667,0.323834197,12:31:10
68175,68175,68175,52.83333333,13.18359375,0,0,1.049937939,1.048277778,0.338632302,12:31:25
68178,68178,68178,38.4,49.31640625,0,0,0.97054801,0.968444444,0.319573901,12:31:40
68184,68184,68183,58.52941176,0.9765625,1,1,0.920776848,0.918125,0.347463516,12:31:55
68187,68187,68187,40.34482759,31.00585938,0,0,0.807312424,0.804533333,0.308079353,12:32:10
68193,68193,68193,50,6.591796875,0,0,0.949362144,0.946733333,0.304374465,12:32:25
68199,68199,68197,62.15909091,0.244140625,2,2,1.076856146,1.074285714,0.347222222,12:32:40
68205,68205,68205,52.41935484,13.671875,0,0,1.154589252,1.151388889,0.318962309,12:32:55
68208,68208,68208,25.78125,35.64453125,0,0,1.044187883,1.039722222,0.338129767,12:33:10
68214,68214,68212,65.57142857,0.244140625,2,2,0.945252044,0.9406,0.323352519,12:33:25
68220,68220,68220,46.93548387,6.591796875,0,0,1.016546164,1.012,0.338638673,12:33:40
68223,68223,68223,47.5,28.56445313,0,0,1.079144895,1.075533333,0.32324103,12:33:55
68229,68229,68227,66.79487179,0.732421875,2,2,1.087427048,1.084133333,0.346828828,12:34:10
68235,68235,68235,22.03703704,13.671875,0,0,0.82367022,0.821555556,0.318860605,12:34:25
68238,68238,68238,42.70833333,3.662109375,0,0,0.704534843,0.702266667,0.347206148,12:34:40
68244,68244,68242,52.36111111,13.671875,2,2,0.637753683,0.635666667,0.347190075,12:34:55
68250,68250,68250,54.13793103,22.94921875,0,0,0.846067255,0.916722222,0.318928401,12:35:10
68253,68253,68253,44.18918919,9.033203125,0,0,1.025078486,1.110666667,0.346933111,12:35:25
68259,68259,68257,67.02380952,22.94921875,2,2,1.185980359,1.271,0.323324639,12:35:40
68265,68265,68265,55.86206897,15.625,0,0,1.154794084,1.151277778,0.338613191,12:35:55
68268,68268,68268,51.93548387,0.244140625,0,0,1.156598078,1.152266667,0.323345549,12:36:10
68277,68277,68277,37.63888889,9.521484375,0,0,1.028742822,1.02395,0.338148823,12:36:25
68280,68280,68280,52.5,12.20703125,0,0,1.013845542,1.008944444,0.318917099,12:36:40
68283,68283,68283,51.32352941,10.00976563,0,0,1.026095459,1.022666667,0.347149899,12:36:55
68292,68292,68292,52.09677419,4.8828125,0,0,0.988739544,0.986947368,0.318871902,12:37:10
68295,68295,68295,57.93103448,23.68164063,0,0,1.019259444,1.017333333,0.346917064,12:37:25
68298,68298,68298,50.32258065,8.30078125,0,0,0.960476086,0.958066667,0.34690904,12:37:40
68307,68307,68307,33.38709677,60.79101563,0,0,1.015144882,1.013,0.319137619,12:37:55
68310,68310,68310,49.84375,15.86914063,0,0,0.979585117,0.977066667,0.347527918,12:38:10
68313,68313,68313,42.33333333,14.40429688,0,0,0.919702654,0.917666667,0.323254962,12:38:25
68322,68322,68322,54.57142857,16.11328125,0,0,0.942432521,0.93985,0.33808531,12:38:40
68325,68325,68325,54,8.30078125,0,0,1.048241465,1.045666667,0.322858373,12:38:55
68334,68334,68332,68.33333333,26.3671875,2,2,1.117760334,1.115052632,0.39460333,12:39:10
68337,68337,68337,50.68965517,33.203125,0,0,1.089425194,1.087,0.318770255,12:39:25
68340,68340,68340,50.9375,6.8359375,0,0,1.034634233,1.0324,0.346820809,12:39:40
68343,68343,68343,47.41935484,26.3671875,0,0,1.012461928,1.01,0.307480607,12:39:55
68352,68352,68352,49.84375,6.34765625,0,0,0.869957506,0.867266667,0.304720806,12:40:10
68355,68355,68355,57.03125,4.638671875,0,0,0.937548834,0.934933333,0.347552075,12:40:25
68364,68364,68362,64.66666667,19.53125,2,2,1.007095913,1.004,0.372347027,12:40:40
68367,68367,68367,63.57142857,12.93945313,0,0,1.17245794,1.1699,0.338098011,12:40:55
68370,68370,68370,50,19.77539063,0,0,1.249633612,1.247,0.322865322,12:41:10
68379,68379,68377,54.4047619,9.521484375,2,2,1.143340786,1.141263158,0.394595915,12:41:25
68382,68382,68382,56.28571429,31.98242188,0,0,1.072467921,1.159,0.322768059,12:41:40
68385,68385,68385,34,49.31640625,0,0,0.898245749,0.984066667,0.346788736,12:41:55
68394,68394,68392,53.28947368,0.732421875,2,2,0.772510661,0.839631579,0.372195243,12:42:10
68397,68397,68397,54.0625,3.662109375,0,0,0.73476258,0.732,0.347487664,12:42:25
68400,68400,68400,39.21052632,30.76171875,0,0,0.855462345,0.852933333,0.347487664,12:42:40
68409,68409,68407,56.76470588,1.953125,2,2,0.737783237,0.735263158,0.372406455,12:42:55
68412,68412,68412,50.27777778,20.99609375,0,0,0.834145636,0.830333333,0.347037457,12:43:10
68415,68415,68415,50.32258065,0.48828125,0,0,0.848852612,0.845333333,0.322969598,12:43:25
68424,68424,68422,67.56097561,23.68164063,2,2,1.023268999,1.019473684,0.394581086,12:43:40
68427,68427,68427,57.77777778,3.173828125,0,0,1.157710678,1.155066667,0.322747224,12:43:55
68433,68433,68433,28.33333333,14.6484375,0,0,1.060235852,1.055444444,0.337996432,12:44:10
68439,68439,68438,68.25,3.662109375,1,1,1.01368862,1.0096,0.372215034,12:44:25
68442,68442,68442,43.33333333,19.77539063,0,0,0.859754913,0.8556,0.347503765,12:44:40
68448,68448,68448,46.91176471,20.01953125,0,0,0.837321107,0.835,0.319165913,12:44:55
68454,68454,68453,68.65853659,10.49804688,1,1,0.933277073,0.9314,0.346965211,12:45:10
68457,68457,68457,43.08823529,12.20703125,0,0,0.982453824,0.979666667,0.346965211,12:45:25
68463,68463,68463,42.94117647,6.103515625,0,0,0.943684889,0.940222222,0.318826718,12:45:40
68469,68469,68467,51.66666667,18.06640625,2,2,0.737995949,0.7335,0.3470214,12:45:55
68472,68472,68472,47.90322581,3.90625,0,0,0.75468324,0.750866667,0.322726393,12:46:10
68478,68478,68478,42.5,1.708984375,0,0,0.868953508,0.866,0.338009126,12:46:25
68484,68484,68482,63.0952381,0.244140625,2,2,0.979675575,0.977866667,0.323115697,12:46:40
68490,68490,68490,35.60606061,15.13671875,0,0,0.982071763,0.980277778,0.338543136,12:46:55
68493,68493,68493,38.26923077,43.45703125,0,0,0.939920609,0.938166667,0.319216855,12:47:10
68499,68499,68497,64.5,12.6953125,2,2,0.895962357,0.894333333,0.347077607,12:47:25
68502,68502,68502,54.47368421,3.41796875,0,0,0.90302374,0.901333333,0.307696702,12:47:40
68508,68508,68508,48.03030303,22.94921875,0,0,0.91255187,0.910066667,0.304292221,12:47:55
68514,68514,68512,57.14285714,9.765625,2,2,0.879438776,0.875733333,0.3470214,12:48:10
68520,68520,68520,29.31818182,49.31640625,0,0,0.78738951,0.784055556,0.318719456,12:48:25
68523,68523,68523,47.72727273,9.521484375,0,0,0.939064242,0.935055556,0.338015474,12:48:40
68529,68529,68527,64.04761905,0.9765625,2,2,0.944089667,0.9416,0.323136579,12:48:55
68535,68535,68535,32.75862069,12.20703125,0,0,0.866304885,0.864277778,0.338543136,12:49:10
68538,68538,68538,30.55555556,27.58789063,0,0,0.857335528,0.856266667,0.32331767,12:49:25
68544,68544,68542,69.48717949,68.359375,2,2,0.847375217,0.846333333,0.347013372,12:49:40
68550,68550,68550,38.75,19.04296875,0,0,0.768943755,0.766944444,0.318849308,12:49:55
68553,68553,68553,38.46153846,40.0390625,0,0,0.810115462,0.808066667,0.347005344,12:50:10
68559,68559,68557,61.11111111,0.244140625,2,2,0.749494994,0.746733333,0.347005344,12:50:25
68565,68565,68565,55,1.220703125,0,0,0.902766511,0.973555556,0.318702527,12:50:40
68568,68568,68568,41.76470588,26.61132813,0,0,1.005621217,1.091266667,0.346804772,12:50:55
68574,68574,68574,72.56756757,49.31640625,0,0,1.029599549,1.105176471,0.32314354,12:51:10
68580,68580,68580,36.12903226,9.27734375,0,0,0.909050204,0.906777778,0.338555871,12:51:25
68583,68583,68583,17.39130435,25.63476563,0,0,0.714705848,0.7128,0.323324639,12:51:40
68592,68592,68592,58.28947368,0.48828125,0,0,0.837830654,0.835333333,0.338180588,12:51:55
68595,68595,68595,48.22580645,22.94921875,0,0,0.874033005,0.871111111,0.318838013,12:52:10
68598,68598,68598,47.5,7.080078125,0,0,1.111948684,1.1042,0.346997317,12:52:25
68604,68604,68602,55,31.73828125,2,2,1.104819618,1.096933333,0.301681886,12:52:40
68610,68610,68610,43.88888889,3.41796875,0,0,0.922836207,0.913533333,0.346852888,12:52:55
68613,68613,68613,50.51724138,6.8359375,0,0,0.911116766,0.905933333,0.346844868,12:53:10
68622,68622,68622,51.5625,0,0,0,0.907598793,0.9037,0.319052768,12:53:25
68625,68625,68625,57.16666667,8.7890625,0,0,0.935921645,0.931333333,0.338530402,12:53:40
68628,68628,68628,31.8,9.521484375,0,0,0.856815331,0.854533333,0.323338579,12:53:55
68637,68637,68637,54.61538462,5.615234375,0,0,1.04045762,1.03775,0.338218715,12:54:10
68640,68640,68640,29.64285714,49.31640625,0,0,0.929066756,0.927133333,0.322969598,12:54:25
68649,68649,68647,52.88888889,1.46484375,2,2,0.920431103,0.918052632,0.394558846,12:54:40
68652,68652,68652,51.8,29.296875,0,0,0.895054946,0.8929,0.318736387,12:54:55
68655,68655,68655,40.88235294,36.1328125,0,0,0.85188863,0.845866667,0.346828828,12:55:10
68658,68658,68658,52.41935484,0.244140625,0,0,0.945026396,0.939333333,0.307972543,12:55:25
68667,68667,68667,60.73529412,11.47460938,0,0,1.071590434,1.065266667,0.304183655,12:55:40
68670,68670,68670,41.25,11.47460938,0,0,1.046584816,1.044133333,0.347487664,12:55:55
68679,68679,68677,66.02564103,48.58398438,2,2,1.011263759,1.006947368,0.372479115,12:56:10
68682,68682,68682,53.14285714,2.685546875,0,0,1.05011136,1.04645,0.338269563,12:56:25
68685,68685,68685,41.11111111,23.68164063,0,0,0.95836942,0.954466667,0.322983506,12:56:40
68694,68694,68692,61.47058824,0.48828125,2,2,0.86997123,0.868157895,0.394521783,12:56:55
68697,68697,68697,53.75,25.63476563,0,0,0.86474222,0.8632,0.322761114,12:57:10
68700,68700,68700,52.16666667,5.126953125,0,0,0.938697997,0.9366,0.346860909,12:57:25
68709,68709,68707,60,17.578125,2,2,0.926410519,0.924473684,0.372248024,12:57:40
68712,68712,68712,53.8,6.8359375,0,0,0.913411744,0.911333333,0.347471565,12:57:55
68715,68715,68715,36.2962963,5.859375,0,0,0.830965745,0.829,0.347471565,12:58:10
68724,68724,68723,60.34883721,44.43359375,1,1,0.901010068,0.8994,0.372505543,12:58:25
68727,68727,68727,47.8125,17.82226563,0,0,0.944597529,0.942533333,0.347174004,12:58:40
68730,68730,68730,38.79310345,42.72460938,0,0,0.943185167,0.941666667,0.323025239,12:58:55
68739,68739,68737,56.95121951,58.83789063,2,2,0.927141192,0.925157895,0.394514372,12:59:10
68742,68742,68742,47.22222222,5.126953125,0,0,0.891469453,0.888666667,0.322795842,12:59:25
68748,68748,68748,44.57142857,23.4375,0,0,0.996595593,0.993611111,0.338098011,12:59:40
68754,68754,68752,63.57142857,13.671875,2,2,0.991210087,0.988105263,0.372287619,12:59:55
68757,68757,68757,52.5,2.44140625,0,0,1.046449605,1.044333333,0.347471565,12:00:10
68763,68763,68763,53.27586207,4.8828125,0,0,0.975597537,0.973722222,0.319324451,12:00:25
68769,68769,68768,54.66666667,0.732421875,1,1,0.926591337,0.9255625,0.347206148,12:00:40
68772,68772,68772,49,10.7421875,0,0,0.938074218,0.936333333,0.347214185,12:00:55
68778,68778,68778,41.20689655,4.638671875,0,0,0.966437656,0.964722222,0.318967961,12:01:10
68784,68784,68782,56.75,12.45117188,2,2,0.92321139,0.917714286,0.34698929,12:01:25
68787,68787,68787,46.61764706,20.26367188,0,0,0.878145309,0.873266667,0.322775004,12:01:40
68793,68793,68793,44.44444444,12.45117188,0,0,0.818342519,0.813888889,0.33807896,12:01:55
68799,68799,68797,64.11764706,38.33007813,2,2,0.823440027,0.821066667,0.322941784,12:02:10
68805,68805,68805,36.70731707,32.71484375,0,0,0.909071589,0.905666667,0.338314068,12:02:25
68808,68808,68808,48.4375,11.71875,0,0,0.975237872,0.971777778,0.319267812,12:02:40
68814,68814,68813,61.66666667,5.126953125,1,1,1.031581515,1.0284375,0.347431324,12:02:55
68817,68817,68817,38.91891892,30.51757813,0,0,1.033746226,1.03,0.30799125,12:03:10
68823,68823,68823,37.95454545,49.31640625,0,0,0.912336936,0.908333333,0.304266956,12:03:25
68829,68829,68828,60,49.07226563,1,1,0.887114177,0.881333333,0.346997317,12:03:40
68832,68832,68832,48.03030303,7.8125,0,0,0.930130268,0.926266667,0.296923435,12:03:55
68838,68838,68838,45.78125,6.8359375,0,0,0.943954955,1.327833333,0.3285331,12:04:10
68844,68844,68842,67.16216216,13.91601563,2,2,1.066884094,1.563071429,0.323422239,12:04:25
68850,68850,68850,45.57142857,26.85546875,0,0,1.043692669,1.428388889,0.326738065,12:04:40
68853,68853,68853,55,6.591796875,0,0,1.057359108,1.0525,0.328509116,12:04:55
68859,68859,68859,65.85714286,14.16015625,0,0,0.988142233,0.985176471,0.347182039,12:05:10
68865,68865,68865,49.2,20.5078125,0,0,0.936984385,0.934055556,0.318956657,12:05:25
68868,68868,68868,50.14285714,11.96289063,0,0,0.897421564,0.895266667,0.346981263,12:05:40
68874,68874,68872,62.20930233,15.13671875,2,2,1.025128913,1.023230769,0.34698929,12:05:55
68880,68880,68880,46.77419355,10.49804688,0,0,1.082220832,1.220277778,0.318979266,12:06:10
68883,68883,68883,24.16666667,14.16015625,0,0,1.003992988,1.170666667,0.347214185,12:06:25
68889,68889,68889,52.09302326,50.29296875,0,0,0.888512667,1.035117647,0.323094818,12:06:40
68895,68895,68895,32.11538462,12.20703125,0,0,0.684800517,0.683111111,0.338180588,12:06:55
68898,68898,68898,45.9375,40.77148438,0,0,0.744954738,0.743,0.323324639,12:07:10
68907,68907,68907,53.75,4.150390625,0,0,0.894199766,0.890055556,0.338549503,12:07:25
68910,68910,68910,33.03571429,34.1796875,0,0,0.901327199,0.897,0.319177232,12:07:40
68913,68913,68913,32.5,27.34375,0,0,0.873995111,0.869133333,0.347005344,12:07:55
68922,68922,68922,52.5,16.35742188,0,0,0.882032807,0.8777,0.319035803,12:08:10
68925,68925,68925,38.33333333,31.25,0,0,0.844208695,0.8406,0.347262415,12:08:25
68928,68928,68928,38.92857143,61.03515625,0,0,0.897855111,0.8942,0.347262415,12:08:40
68937,68937,68937,56.89655172,15.86914063,0,0,0.971964131,0.9691,0.318973614,12:08:55
68940,68940,68940,46.5625,24.65820313,0,0,0.949595763,0.9454,0.346933111,12:09:10
68943,68943,68943,33.8,5.126953125,0,0,0.904150828,0.9,0.323282829,12:09:25
68952,68952,68952,58.28571429,3.41796875,0,0,0.91596592,0.91185,0.338574976,12:09:40
68955,68955,68955,33.21428571,49.31640625,0,0,0.796569464,0.793333333,0.323289797,12:09:55
68964,68964,68962,48.58974359,2.197265625,2,2,0.841592274,0.839210526,0.394477318,12:10:10
68967,68967,68967,51.07142857,48.58398438,0,0,0.911433024,0.90855,0.319114988,12:10:25
68970,68970,68970,42.5,15.38085938,0,0,0.815702449,0.812666667,0.347455468,12:10:40
68973,68973,68973,44.41176471,39.55078125,0,0,0.783254726,0.780133333,0.307210714,12:10:55
68982,68982,68982,57.69230769,11.23046875,0,0,1.029041412,1.025,0.305135277,12:11:10
68985,68985,68985,41.71428571,7.8125,0,0,1.098051682,1.0946,0.347085638,12:11:25
68994,68994,68992,60.90909091,9.033203125,2,2,1.016724713,1.013421053,0.372175454,12:11:40
68997,68997,68997,56.5625,25.63476563,0,0,1.082962914,1.08045,0.338301351,12:11:55
69000,69000,69000,46.17647059,0.732421875,0,0,0.97520582,0.973133333,0.322962644,12:12:10
69009,69009,69007,64.26829268,10.98632813,2,2,0.930682734,0.928894737,0.394462498,12:12:25
69012,69012,69012,49,12.20703125,0,0,0.944635691,0.942133333,0.323268895,12:12:40
69015,69015,69015,46.38888889,4.150390625,0,0,0.981807939,0.979733333,0.347503765,12:12:55
69024,69024,69022,61.58536585,1.220703125,2,2,1.008441235,1.006,0.372122694,12:13:10
69027,69027,69027,53.57142857,7.568359375,0,0,1.074996276,1.0728,0.346668516,12:13:25
69030,69030,69030,39.875,14.16015625,0,0,1.051197693,1.048133333,0.346676528,12:13:40
69039,69039,69037,57.12765957,26.3671875,2,2,1.04248519,1.039736842,0.371905217,12:13:55
69042,69042,69042,53.62068966,10.7421875,0,0,1.033042964,1.030333333,0.347246337,12:14:10
69045,69045,69045,55.37037037,43.9453125,0,0,1.020186052,1.0184,0.323171389,12:14:25
69054,69054,69052,59.66666667,25.63476563,2,2,1.017874886,1.015631579,0.39461816,12:14:40
69057,69057,69057,52.23684211,22.70507813,0,0,1.06899628,1.065533333,0.323401319,12:14:55
69063,69063,69063,49.03225806,7.32421875,0,0,1.07942839,1.076277778,0.338568607,12:15:10
69069,69069,69067,57.71428571,26.61132813,2,2,1.003296674,1.000263158,0.372287619,12:15:25
69072,69072,69072,51.02564103,3.90625,0,0,0.987259413,0.985266667,0.346860909,12:15:40
69078,69078,69078,54.31034483,9.27734375,0,0,1.011004602,1.008277778,0.318815424,12:15:55
69084,69084,69082,66.25,18.5546875,2,2,1.094181891,1.091133333,0.347085638,12:16:10
69087,69087,69087,52.16666667,41.015625,0,0,1.038298211,1.035666667,0.347093669,12:16:25
69093,69093,69093,46.76470588,13.42773438,0,0,1.036700414,1.033722222,0.318792838,12:16:40
69099,69099,69097,63.46153846,28.56445313,2,2,0.98933939,0.985933333,0.346844868,12:16:55
69102,69102,69102,54.14285714,1.46484375,0,0,1.041476197,1.037466667,0.323247996,12:17:10
69108,69108,69108,46.36363636,18.5546875,0,0,1.018446434,1.015777778,0.338619561,12:17:25
69114,69114,69112,66.41025641,17.82226563,2,2,0.990181783,0.9878,0.322643092,12:17:40
69120,69120,69120,43.87096774,16.35742188,0,0,0.977537315,0.975888889,0.337489453,12:17:55
69123,69123,69123,42.85714286,21.72851563,0,0,0.978231427,0.976166667,0.318156109,12:18:10
69129,69129,69127,64.51219512,1.708984375,2,2,0.944135665,0.941466667,0.346901018,12:18:25
69132,69132,69132,46.28571429,10.7421875,0,0,0.915260981,0.9128,0.307423682,12:18:40
69138,69138,69138,48.78787879,23.92578125,0,0,0.973856376,0.971266667,0.304330481,12:18:55
69144,69144,69142,60.79545455,13.671875,2,2,0.990095613,0.987533333,0.346892995,12:19:10
69150,69150,69150,40.80645161,30.02929688,0,0,1.001262633,0.998666667,0.319098016,12:19:25
69153,69153,69153,44.81481481,0.9765625,0,0,1.013165358,1.009833333,0.338555871,12:19:40
69159,69159,69157,65.8974359,11.96289063,2,2,0.984166912,0.9812,0.322566771,12:19:55
69165,69165,69165,47.8125,15.86914063,0,0,1.017717129,1.014388889,0.337489453,12:20:10
69168,69168,69168,46.76470588,41.74804688,0,0,1.121915744,1.119466667,0.322054277,12:20:25
69174,69174,69174,46.42857143,1.708984375,0,0,0.953506552,0.951529412,0.346892995,12:20:40
69180,69180,69180,38,14.16015625,0,0,0.802348783,0.800666667,0.318538968,12:20:55
69183,69183,69183,45,23.4375,0,0,0.689487865,0.687666667,0.346676528,12:21:10
69189,69189,69189,54.23913043,10.49804688,0,0,0.81449158,0.812866667,0.346668516,12:21:25
69195,69195,69195,49.54545455,15.38085938,0,0,0.875243682,0.873388889,0.318962309,12:21:40
69198,69198,69198,44.14285714,15.13671875,0,0,0.936107287,0.933733333,0.347487664,12:21:55
69204,69204,69202,65.25641026,23.4375,2,2,0.984814794,0.982076923,0.322580645,12:22:10
69210,69210,69210,48.83333333,6.8359375,0,0,1.033842148,1.0315,0.337495781,12:22:25
69213,69213,69213,44.46428571,9.765625,0,0,0.980350313,0.978733333,0.32211652,12:22:40
69222,69222,69222,56.85714286,28.56445313,0,0,1.015040856,1.0123,0.338136119,12:22:55
69225,69225,69225,35.53571429,8.30078125,0,0,0.948886554,0.945111111,0.318522058,12:23:10
69228,69228,69228,49.13793103,30.51757813,0,0,0.949653343,0.944266667,0.346596423,12:23:25
69234,69234,69232,57.19512195,11.71875,2,2,0.91589522,0.910666667,0.302929606,12:23:40
69240,69240,69240,46.66666667,2.197265625,0,0,0.941856877,0.9384,0.30905416,12:23:55
69243,69243,69243,50.96774194,5.859375,0,0,0.961618289,0.959266667,0.347479615,12:24:10
69252,69252,69252,37.03703704,49.31640625,0,0,0.92533043,0.9227,0.318595349,12:24:25
69255,69255,69255,45.9375,23.4375,0,0,0.917942814,0.915388889,0.337514766,12:24:40
69258,69258,69258,46.5625,8.7890625,0,0,0.879881735,0.8774,0.322130355,12:24:55
69267,69267,69267,57.23684211,7.8125,0,0,0.962610392,0.96,0.338123415,12:25:10
69270,69270,69270,51.60714286,1.46484375,0,0,1.062279454,1.060133333,0.322428099,12:25:25
69273,69273,69273,33.39285714,49.31640625,0,0,0.988623068,0.986533333,0.346516356,12:25:40
69282,69282,69282,56.44736842,3.173828125,0,0,0.99756033,1.1167,0.318742031,12:25:55
69285,69285,69285,43.08823529,21.24023438,0,0,0.909398149,1.069733333,0.347358914,12:26:10
69288,69288,69288,43.85714286,12.6953125,0,0,1.005858033,1.165066667,0.347350871,12:26:25
69297,69297,69297,49.71428571,11.47460938,0,0,1.078573244,1.19775,0.318770255,12:26:40
69300,69300,69300,51.875,11.47460938,0,0,1.079429514,1.075733333,0.346540372,12:26:55
69309,69309,69307,65.625,0.244140625,2,2,1.045448951,1.042684211,0.371530174,12:27:10
69312,69312,69312,57.5862069,55.17578125,0,0,1.03517478,1.0329,0.338098011,12:27:25
69315,69315,69315,49.82758621,4.638671875,0,0,0.996635918,0.995,0.32244196,12:27:40
69324,69324,69322,61.34146341,1.220703125,2,2,0.905451119,0.902894737,0.394144144,12:27:55
69327,69327,69327,51.21212121,37.84179688,0,0,0.87453846,0.871933333,0.322747224,12:28:10
69330,69330,69330,51.77419355,25.14648438,0,0,0.903418203,0.900466667,0.347262415,12:28:25
69339,69339,69337,46.25,26.3671875,2,2,0.84723538,0.844210526,0.372063357,12:28:40
69342,69342,69342,54.24242424,30.51757813,0,0,0.866907877,0.863933333,0.346852888,12:28:55
69345,69345,69345,39.11764706,5.859375,0,0,0.794211355,0.791066667,0.346860909,12:29:10
69354,69354,69354,62.375,17.82226563,0,0,0.835999332,0.833619048,0.371615643,12:29:25
69357,69357,69357,49.83333333,27.09960938,0,0,0.890266744,0.8882,0.34670858,12:29:40
69360,69360,69360,29.07407407,33.44726563,0,0,0.835707852,0.833933333,0.322261848,12:29:55
69369,69369,69367,57.69230769,12.20703125,2,2,0.779447991,0.777157895,0.394136747,12:30:10
69372,69372,69372,57.85714286,25.14648438,0,0,0.845832804,1.0066,0.322802789,12:30:25
69378,69378,69378,42.41935484,28.3203125,0,0,0.971815368,1.103888889,0.338428563,12:30:40
69384,69384,69383,51.11111111,8.056640625,1,1,0.864178299,0.98305,0.372129288,12:30:55
69387,69387,69387,43.51351351,16.35742188,0,0,0.842494739,0.8386,0.34686893,12:31:10
69390,69390,69390,40.3125,15.13671875,0,0,0.774854708,0.772066667,0.305599636,12:31:25
69399,69399,69397,57.5,0.732421875,2,2,0.854195269,0.849142857,0.305951273,12:31:40
69402,69402,69402,48.78378378,19.28710938,0,0,0.885975791,0.881066667,0.346668516,12:31:55
69408,69408,69408,48,13.91601563,0,0,0.960147825,0.9555,0.318319274,12:32:10
69414,69414,69412,56.5625,20.99609375,2,2,0.985612232,0.980631579,0.394144144,12:32:25
69417,69417,69417,52.91666667,22.70507813,0,0,1.07268373,1.070333333,0.322851424,12:32:40
69423,69423,69423,34.13793103,4.8828125,0,0,0.979401424,0.9765,0.338454017,12:32:55
69429,69429,69429,54.74358974,11.71875,0,0,0.85927874,0.857235294,0.322976552,12:33:10
69432,69432,69432,46.16666667,34.1796875,0,0,0.797967696,0.795733333,0.346724608,12:33:25
69438,69438,69438,48.22580645,7.32421875,0,0,0.765332978,0.7625,0.318443167,12:33:40
69444,69444,69442,42.56756757,0.244140625,2,2,0.691901192,0.688384615,0.346700566,12:33:55
69447,69447,69447,46.55172414,38.81835938,0,0,0.677267975,0.674066667,0.346716594,12:34:10
69453,69453,69453,42.1875,33.44726563,0,0,0.70240372,0.699944444,0.31838684,12:34:25
69459,69459,69457,63.41463415,55.6640625,2,2,0.877725037,0.875933333,0.346668516,12:34:40
69462,69462,69462,47.73809524,14.40429688,0,0,0.993255526,0.991733333,0.322893122,12:34:55
69468,69468,69468,51.30434783,34.1796875,0,0,1.01775977,1.016277778,0.33844129,12:35:10
69474,69474,69472,59.88095238,12.6953125,2,2,1.012973113,1.0102,0.322851424,12:35:25
69480,69480,69480,49.51612903,10.00976563,0,0,0.935268189,0.932388889,0.337863203,12:35:40
69483,69483,69483,33.14814815,10.7421875,0,0,0.846830929,0.844,0.318488242,12:35:55
69489,69489,69487,48.61111111,15.38085938,2,2,0.730043835,0.727666667,0.346892995,12:36:10
69495,69495,69495,33.7037037,13.42773438,0,0,0.759986325,0.756888889,0.318550242,12:36:25
69498,69498,69498,52.77777778,16.84570313,0,0,0.78824105,0.7834,0.34670858,12:36:40
69504,69504,69502,63.94736842,0.244140625,2,2,0.896666844,0.8926,0.34670858,12:36:55
69510,69510,69510,54.66666667,10.98632813,0,0,0.937795245,0.934722222,0.318900149,12:37:10
69513,69513,69513,48.5,15.86914063,0,0,1.021773723,1.0192,0.347383048,12:37:25
69519,69519,69517,64.87179487,38.81835938,2,2,1.039365109,1.0364,0.322719449,12:37:40
69525,69525,69525,45.44117647,9.27734375,0,0,1.044112745,1.040833333,0.337711069,12:37:55
69528,69528,69528,36.20689655,7.568359375,0,0,0.983081054,0.980666667,0.322317246,12:38:10
69537,69537,69537,36.36363636,37.109375,0,0,0.923009896,0.9201,0.338104362,12:38:25
69540,69540,69540,53.75,13.91601563,0,0,0.881904878,0.879,0.318561518,12:38:40
69543,69543,69543,45.17241379,20.26367188,0,0,0.89210559,0.8888,0.346700566,12:38:55
69549,69549,69547,57.55813953,23.4375,2,2,0.873543576,0.870866667,0.308211747,12:39:10
69555,69555,69555,41.14285714,1.953125,0,0,0.976201049,1.1358,0.303772523,12:39:25
69558,69558,69558,47.66666667,35.15625,0,0,0.981786344,1.141666667,0.347399138,12:39:40
69567,69567,69567,51.96969697,9.765625,0,0,1.001607763,1.121,0.318775901,12:39:55
69570,69570,69570,47.57575758,69.82421875,0,0,0.990789085,0.9895,0.337799797,12:40:10
69573,69573,69573,45.80645161,14.16015625,0,0,1.007275312,1.005333333,0.322393449,12:40:25
69582,69582,69582,64.44444444,10.00976563,0,0,0.939577421,0.9369,0.33809166,12:40:40
69585,69585,69585,45.35714286,24.4140625,0,0,0.839591365,0.8362,0.322518222,12:40:55
69588,69588,69588,31.34615385,6.103515625,0,0,0.744229836,0.741466667,0.346660504,12:41:10
69597,69597,69597,54.59459459,36.86523438,0,0,0.925974046,1.0446,0.318866253,12:41:25
69600,69600,69600,51.83333333,13.42773438,0,0,0.97647791,1.1352,0.347383048,12:41:40
69603,69603,69603,50.74074074,7.080078125,0,0,1.059287674,1.2176,0.347391093,12:41:55
69612,69612,69612,32.88461538,49.31640625,0,0,0.892099168,1.0082,0.318905799,12:42:10
69615,69615,69615,44.83333333,36.86523438,0,0,0.788252135,0.782933333,0.346716594,12:42:25
69618,69618,69618,44.70588235,28.3203125,0,0,0.801340471,0.795933333,0.322552899,12:42:40
69627,69627,69627,48.38235294,36.62109375,0,0,0.795200023,0.7903,0.33808531,12:42:55
69630,69630,69630,51.15384615,26.61132813,0,0,0.855881693,0.8524,0.322552899,12:43:10
69639,69639,69637,56.125,0.48828125,2,2,0.809742815,0.806789474,0.394277346,12:43:25
69642,69642,69642,59,27.34375,0,0,0.934636579,0.93175,0.318905799,12:43:40
69645,69645,69645,40.89285714,10.7421875,0,0,0.865891911,0.864066667,0.347383048,12:43:55
69648,69648,69648,42.96875,14.6484375,0,0,0.863832573,0.861466667,0.303551992,12:44:10
69657,69657,69657,55.60606061,26.12304688,0,0,0.858002147,0.8562,0.308508855,12:44:25
69660,69660,69660,25,49.56054688,0,0,0.797719479,0.795733333,0.346804772,12:44:40
69669,69669,69667,62.30769231,36.62109375,2,2,0.786195894,0.783052632,0.371740631,12:44:55
69672,69672,69672,52,0.244140625,0,0,0.847149063,0.84405,0.338104362,12:45:10
69675,69675,69675,43.22580645,15.86914063,0,0,0.900385949,0.896133333,0.322532092,12:45:25
69684,69684,69682,73.38235294,3.41796875,2,2,0.905588333,0.902315789,0.394232935,12:45:40
69687,69687,69687,48.7037037,23.68164063,0,0,0.856621063,0.853933333,0.322608396,12:45:55
69690,69690,69690,46.66666667,1.220703125,0,0,0.866976536,0.8634,0.346997317,12:46:10
69699,69699,69697,64.35897436,30.51757813,2,2,0.868802403,0.865631579,0.372135883,12:46:25
69702,69702,69702,50.29411765,14.89257813,0,0,0.912361873,0.908733333,0.347190075,12:46:40
69705,69705,69705,46.875,15.38085938,0,0,0.911371252,0.909133333,0.347198111,12:46:55
69714,69714,69712,64.375,31.73828125,2,2,0.962376761,0.959473684,0.372036991,12:47:10
69717,69717,69717,56,17.08984375,0,0,1.012720989,1.009,0.346884973,12:47:25
69723,69723,69723,46.21212121,12.93945313,0,0,1.012130631,1.005722222,0.318606627,12:47:40
69729,69729,69729,52.72727273,0.48828125,0,0,0.869917129,0.864,0.394336576,12:47:55
69732,69732,69732,47.41935484,14.16015625,0,0,0.795848978,0.789,0.32259452,12:48:10
69738,69738,69738,45.5,34.91210938,0,0,0.794365905,0.791611111,0.338059912,12:48:25
69744,69744,69742,60.25,28.3203125,2,2,0.909310365,0.906076923,0.322900073,12:48:40
69747,69747,69747,59.72222222,16.35742188,0,0,0.993465967,0.9916,0.347149899,12:48:55
69753,69753,69753,57.8,8.544921875,0,0,1.007592677,1.005166667,0.318809777,12:49:10
69759,69759,69757,50.13888889,29.296875,2,2,0.911751482,0.909866667,0.346820809,12:49:25
69762,69762,69762,54.55882353,29.54101563,0,0,0.868839346,0.866733333,0.34681279,12:49:40
69768,69768,69768,30.75757576,31.00585938,0,0,0.759650352,0.757277778,0.318606627,12:49:55
69774,69774,69773,62.625,10.25390625,1,1,0.811448266,0.809375,0.346852888,12:50:10
69777,69777,69777,49.83333333,11.71875,0,0,0.753888693,0.750533333,0.322518222,12:50:25
69783,69783,69783,34.4,25.63476563,0,0,0.802259422,0.799,0.337952011,12:50:40
69789,69789,69788,63.25,3.662109375,1,1,0.842691413,0.8392,0.322802789,12:50:55
69795,69795,69795,39.03225806,3.173828125,0,0,0.828987975,0.826888889,0.338320427,12:51:10
69798,69798,69798,36.96969697,20.99609375,0,0,0.772839821,0.771,0.318809777,12:51:25
69804,69804,69804,56.89189189,3.90625,0,0,0.775246943,0.7729375,0.346780719,12:51:40
69807,69807,69807,33.5483871,34.1796875,0,0,0.704906802,0.702133333,0.305160531,12:51:55
69813,69813,69813,40.85714286,7.080078125,0,0,0.753151281,0.7504,0.306536226,12:52:10
69819,69819,69818,55.45454545,15.13671875,1,1,0.774502666,0.771785714,0.346941136,12:52:25
69825,69825,69825,41.66666667,18.79882813,0,0,0.868924326,0.866833333,0.318437533,12:52:40
69828,69828,69828,45.45454545,19.77539063,0,0,0.909476966,0.907277778,0.337774442,12:52:55
69834,69834,69833,64.47368421,0.244140625,1,1,0.951316764,0.949866667,0.322663913,12:53:10
69840,69840,69840,47.09677419,20.26367188,0,0,0.931864935,0.929888889,0.338358585,12:53:25
69843,69843,69843,43.62068966,34.1796875,0,0,0.905498625,0.903333333,0.322990461,12:53:40
69849,69849,69847,62.94871795,25.390625,2,2,0.891384493,0.888642857,0.34686893,12:53:55
69855,69855,69855,43.48484848,15.38085938,0,0,0.929606738,0.927388889,0.318826718,12:54:10
69858,69858,69858,22.96296296,23.68164063,0,0,0.818663044,0.816666667,0.347117765,12:54:25
69864,69864,69862,59.05405405,5.37109375,2,2,0.775893268,0.773266667,0.347117765,12:54:40
69870,69870,69870,30.57692308,31.98242188,0,0,0.745908967,0.743833333,0.318465703,12:54:55
69873,69873,69873,42.8125,10.00976563,0,0,0.817839715,0.815333333,0.346348334,12:55:10
69879,69879,69878,53.08823529,7.568359375,1,1,0.781990868,0.7803125,0.322289545,12:55:25
69885,69885,69885,39.82142857,10.00976563,0,0,0.735682344,0.733388889,0.338136119,12:55:40
69888,69888,69888,52.40740741,3.90625,0,0,0.794883358,0.792466667,0.322747224,12:55:55
69897,69897,69897,58.66666667,10.00976563,0,0,0.877875698,0.875789474,0.33807261,12:56:10
69900,69900,69900,41.81818182,9.521484375,0,0,0.854112761,0.852222222,0.318775901,12:56:25
69903,69903,69903,45.80645161,10.00976563,0,0,0.889955266,0.887533333,0.347037457,12:56:40
69912,69912,69912,48.39285714,8.544921875,0,0,0.902951017,0.9004,0.318522058,12:56:55
69915,69915,69915,45.66666667,21.97265625,0,0,0.831122912,0.828,0.346508351,12:57:10
69918,69918,69918,30.66666667,40.0390625,0,0,0.74179393,0.7398,0.346508351,12:57:25
69927,69927,69927,53.33333333,13.671875,0,0,0.76850264,0.766222222,0.318454434,12:57:40
69930,69930,69930,41.52777778,14.40429688,0,0,0.79496622,0.792933333,0.34694916,12:57:55
69933,69933,69933,46.83333333,24.90234375,0,0,0.883542883,0.881533333,0.322712506,12:58:10
69942,69942,69942,42.33333333,10.98632813,0,0,0.955126766,0.9532,0.338047214,12:58:25
69945,69945,69945,24.28571429,27.58789063,0,0,0.801187529,0.7994,0.322976552,12:58:40
69954,69954,69952,54.65909091,30.51757813,2,2,0.73785794,0.735263158,0.394759103,12:58:55
69957,69957,69957,54.09090909,19.04296875,0,0,0.741800452,0.737631579,0.31855588,12:59:10
69960,69960,69960,48.87096774,36.86523438,0,0,0.873050968,0.868333333,0.346348334,12:59:25
69963,69963,69963,45.55555556,18.31054688,0,0,0.992343822,0.987666667,0.307498643,12:59:40
69972,69972,69972,36.48148148,1.953125,0,0,0.848144806,0.845066667,0.303903141,12:59:55
69975,69975,69975,39.19354839,17.82226563,0,0,0.782793123,0.779533333,0.346997317,12:00:10
69984,69984,69984,46.66666667,20.75195313,0,0,0.678366992,0.675238095,0.371819614,12:00:25
69987,69987,69987,40,21.97265625,0,0,0.683116124,0.68,0.338034517,12:00:40
69990,69990,69990,42.83333333,16.84570313,0,0,0.69713979,0.694333333,0.322969598,12:00:55
69999,69999,69997,52.42424242,50.29296875,2,2,0.628972527,0.626631579,0.394781366,12:01:10
70002,70002,70002,59.21875,2.197265625,0,0,0.779268703,0.7782,0.322587583,12:01:25
70005,70005,70005,46.83333333,4.638671875,0,0,0.82783498,0.827,0.346396324,12:01:40
70014,70014,70012,54.47368421,0.244140625,2,2,0.803361397,0.802578947,0.371451313,12:01:55
70017,70017,70017,50.73529412,20.75195313,0,0,0.88533842,0.884,0.346973237,12:02:10
70020,70020,70020,25.96774194,21.72851563,0,0,0.788377146,0.786933333,0.346957185,12:02:25
70029,70029,70029,60.83333333,9.765625,0,0,0.694978387,0.693333333,0.371832781,12:02:40
70032,70032,70032,42.59259259,21.24023438,0,0,0.605704502,0.6042,0.346852888,12:02:55
70035,70035,70035,50.83333333,37.35351563,0,0,0.71647347,0.713666667,0.323025239,12:03:10
70044,70044,70044,44.375,20.99609375,0,0,0.72587285,0.723333333,0.394803632,12:03:25
70047,70047,70047,40.76923077,13.671875,0,0,0.757772072,0.754066667,0.322837527,12:03:40
70053,70053,70053,48.62068966,26.3671875,0,0,0.78800976,0.785666667,0.337894915,12:03:55
70059,70059,70057,63.84615385,10.00976563,2,2,0.776611144,0.774105263,0.371563042,12:04:10
70062,70062,70062,47.96296296,4.150390625,0,0,0.887524559,0.8848,0.346852888,12:04:25
70065,70065,70065,38.94736842,39.0625,0,0,0.88002021,0.8776,0.303049704,12:04:40
70074,70074,70072,60.73170732,2.9296875,2,2,0.836402784,0.833733333,0.308595556,12:04:55
70077,70077,70077,58.42857143,11.47460938,0,0,0.945425434,0.943733333,0.346804772,12:05:10
70083,70083,70083,42.24137931,29.05273438,0,0,0.92340695,0.920944444,0.318996225,12:05:25
70089,70089,70087,61.52777778,16.35742188,2,2,0.923454209,0.920842105,0.394922426,12:05:40
70092,70092,70092,51.38888889,7.8125,0,0,0.867698865,0.8646,0.322559835,12:05:55
70098,70098,70098,48.93939394,8.544921875,0,0,0.886484131,0.883777778,0.337533753,12:06:10
70104,70104,70102,56.97674419,17.82226563,2,2,0.957626782,0.954866667,0.322241079,12:06:25
70110,70110,70110,41,20.26367188,0,0,0.943232989,0.940333333,0.33821236,12:06:40
70113,70113,70113,40.14285714,2.197265625,0,0,0.950836378,0.947888889,0.3187251,12:06:55
70119,70119,70117,59.86486486,36.62109375,2,2,0.858892768,0.856133333,0.346780719,12:07:10
70122,70122,70122,57,7.568359375,0,0,0.872309641,0.870533333,0.346788736,12:07:25
70128,70128,70128,38.07692308,21.72851563,0,0,0.852082082,0.850866667,0.301961738,12:07:40
70134,70134,70132,57.20930233,3.662109375,2,2,0.889632367,0.888466667,0.347423277,12:07:55
70140,70140,70140,33.91304348,11.96289063,0,0,0.760178047,0.758777778,0.318595349,12:08:10
70143,70143,70143,36.03448276,3.173828125,0,0,0.717549947,0.716166667,0.337578065,12:08:25
70149,70149,70147,66.48648649,35.15625,2,2,0.738539346,0.735733333,0.322171868,12:08:40
70155,70155,70155,40.86206897,11.71875,0,0,0.743085624,0.740055556,0.338110712,12:08:55
70158,70158,70158,48.39285714,11.71875,0,0,0.846927019,0.842333333,0.322601458,12:09:10
70164,70164,70162,46.62162162,28.07617188,2,2,0.758463099,0.7544,0.346740638,12:09:25
70170,70170,70170,42.27272727,21.72851563,0,0,0.813754968,0.809777778,0.318962309,12:09:40
70173,70173,70173,46.5,11.96289063,0,0,0.83760786,0.833933333,0.347431324,12:09:55
70179,70179,70177,54.77272727,25.87890625,2,2,0.915198647,0.911466667,0.347431324,12:10:10
70185,70185,70185,53.14814815,33.93554688,0,0,0.893119625,0.889777778,0.318538968,12:10:25
70188,70188,70188,45.66666667,8.544921875,0,0,0.882054706,0.878466667,0.346156509,12:10:40
70194,70194,70192,65.78947368,28.80859375,2,2,0.865896808,0.862533333,0.321440051,12:10:55
70200,70200,70200,40.19230769,33.44726563,0,0,0.878374109,0.875833333,0.337514766,12:11:10
70203,70203,70203,41.78571429,37.109375,0,0,0.800862022,0.7988,0.321971323,12:11:25
70212,70212,70212,52.72727273,33.69140625,0,0,0.855158536,0.854,0.337983739,12:11:40
70215,70215,70215,51.33333333,3.662109375,0,0,0.837322137,0.836277778,0.318928401,12:11:55
70218,70218,70218,42.03703704,6.34765625,0,0,0.880304045,0.878666667,0.347350871,12:12:10
70224,70224,70222,60.875,0,2,2,0.890055528,0.887866667,0.306357679,12:12:25
70230,70230,70230,42.5,4.39453125,0,0,0.890373473,0.888,0.305168863,12:12:40
70233,70233,70233,41.77419355,20.99609375,0,0,0.883334931,0.881533333,0.346164497,12:12:55
70242,70242,70242,48.14285714,13.42773438,0,0,0.894127395,0.8923,0.318189853,12:13:10
70245,70245,70245,47,3.41796875,0,0,0.832445668,0.830388889,0.338110712,12:13:25
70248,70248,70248,47.83333333,20.75195313,0,0,0.912328298,0.910133333,0.322462756,12:13:40
70257,70257,70257,44,10.98632813,0,0,0.839747426,0.83655,0.337844179,12:13:55
70260,70260,70260,47.41935484,3.41796875,0,0,0.821342137,0.817466667,0.322900073,12:14:10
70263,70263,70263,41.60714286,24.65820313,0,0,0.768792373,0.7648,0.347423277,12:14:25
70272,70272,70272,50.60606061,5.615234375,0,0,0.76566723,0.761333333,0.318533331,12:14:40
70275,70275,70275,40.9375,3.90625,0,0,0.706300019,0.7034,0.346148521,12:14:55
70278,70278,70278,36.77419355,1.708984375,0,0,0.687007247,0.683666667,0.346148521,12:15:10
70287,70287,70287,51.66666667,6.591796875,0,0,0.779689605,0.7769,0.317656402,12:15:25
70290,70290,70290,44.5,11.96289063,0,0,0.750132296,0.747466667,0.346172486,12:15:40
70293,70293,70293,50.5,19.53125,0,0,0.809962783,0.8078,0.321888412,12:15:55
70302,70302,70302,53.58974359,20.5078125,0,0,0.946607499,0.94375,0.337913945,12:16:10
70305,70305,70305,38.27586207,12.20703125,0,0,0.947483011,0.9436,0.322768059,12:16:25
70314,70314,70312,67.05882353,22.94921875,2,2,0.889766704,0.885842105,0.394707165,12:16:40
70317,70317,70317,55.66666667,26.61132813,0,0,0.883899407,0.88055,0.318420634,12:16:55
70320,70320,70320,51.78571429,11.71875,0,0,0.853332479,0.8504,0.346220427,12:17:10
70323,70323,70323,45.66666667,47.8515625,0,0,0.834081607,0.830933333,0.302502164,12:17:25
70332,70332,70332,50.625,5.126953125,0,0,0.933835134,0.931333333,0.308673233,12:17:40
70335,70335,70335,44.83333333,6.34765625,0,0,0.93053341,0.928466667,0.346844868,12:17:55
70344,70344,70342,62.92682927,33.44726563,2,2,0.835369894,0.833421053,0.371352785,12:18:10
70347,70347,70347,49.60526316,12.6953125,0,0,0.893985597,0.89245,0.337698398,12:18:25
70350,70350,70350,36.83333333,32.95898438,0,0,0.788966566,0.787533333,0.322615335,12:18:40
70359,70359,70357,55.14705882,0.48828125,2,2,0.820656177,0.819736842,0.39479621,12:18:55
70362,70362,70362,45.78125,34.91210938,0,0,0.725247254,0.7224,0.322545963,12:19:10
70365,70365,70365,32.64705882,23.4375,0,0,0.740474013,0.737666667,0.346316348,12:19:25
70374,70374,70372,65.78947368,27.83203125,2,2,0.797014557,0.791263158,0.370972301,12:19:40
70377,70377,70377,41.03448276,5.126953125,0,0,0.818736723,0.813466667,0.34646033,12:19:55
70380,70380,70380,43.90625,7.080078125,0,0,0.837872872,0.8322,0.34646033,12:20:10
70389,70389,70388,54.72222222,54.19921875,1,1,0.757963514,0.7551,0.371083741,12:20:25
70392,70392,70392,44.70588235,5.859375,0,0,0.793870175,0.791133333,0.346452328,12:20:40
70398,70398,70398,48.90625,11.23046875,0,0,0.831876617,0.829388889,0.318651749,12:20:55
70404,70404,70402,55.92105263,45.41015625,2,2,0.802717099,0.800789474,0.39479621,12:21:10
70407,70407,70407,51.21212121,28.80859375,0,0,0.879271447,0.877866667,0.322407308,12:21:25
70413,70413,70413,45.34482759,29.296875,0,0,0.898533122,0.896833333,0.337495781,12:21:40
70419,70419,70417,58.58974359,0.244140625,2,2,0.89009088,0.887133333,0.321805544,12:21:55
70422,70422,70422,55.45454545,28.80859375,0,0,0.926072102,0.9228,0.346604432,12:22:10
70428,70428,70428,33.07692308,23.92578125,0,0,0.808898705,0.806722222,0.318122371,12:22:25
70434,70434,70432,54.59459459,5.615234375,2,2,0.739756539,0.737133333,0.346380326,12:22:40
70437,70437,70437,55.71428571,6.103515625,0,0,0.746060889,0.743333333,0.346380326,12:22:55
70443,70443,70443,38.57142857,24.4140625,0,0,0.785965286,0.783444444,0.31858971,12:23:10
70449,70449,70449,54.61538462,6.103515625,0,0,0.805113689,0.803529412,0.347270454,12:23:25
70452,70452,70452,41.42857143,21.24023438,0,0,0.765125319,0.763866667,0.322518222,12:23:40
70458,70458,70458,29.8,6.591796875,0,0,0.672384719,0.670666667,0.337622388,12:23:55
70464,70464,70462,57.07317073,13.42773438,2,2,0.729421156,0.727153846,0.321784833,12:24:10
70470,70470,70470,41.40625,40.52734375,0,0,0.732974618,0.730555556,0.337711069,12:24:25
70473,70473,70473,32.32142857,52.734375,0,0,0.713989101,0.710888889,0.318077399,12:24:40
70479,70479,70477,53.10810811,18.5546875,2,2,0.718267538,0.715466667,0.346508351,12:24:55
70482,70482,70482,52.85714286,14.16015625,0,0,0.79374829,0.789,0.307641776,12:25:10
70488,70488,70488,50.96774194,6.591796875,0,0,0.83639751,0.831333333,0.304076188,12:25:25
70494,70494,70492,59.51219512,17.08984375,2,2,0.907158159,0.901866667,0.347254375,12:25:40
70500,70500,70500,39.2,37.59765625,0,0,0.851795728,0.848166667,0.31838684,12:25:55
70503,70503,70503,45,17.578125,0,0,0.879140607,0.876,0.337464144,12:26:10
70509,70509,70507,60.67567568,22.4609375,2,2,0.823566431,0.8212,0.321833162,12:26:25
70515,70515,70515,46.72413793,11.47460938,0,0,0.822884013,0.820833333,0.337907601,12:26:40
70518,70518,70518,33.26086957,48.58398438,0,0,0.783198922,0.781333333,0.322068107,12:26:55
70524,70524,70522,55.44117647,0.244140625,2,2,0.745951124,0.7436,0.346380326,12:27:10
70530,70530,70530,49.82758621,16.84570313,0,0,0.720621214,0.717777778,0.318617906,12:27:25
70533,70533,70533,39.03225806,0.732421875,0,0,0.749930576,0.746733333,0.347310658,12:27:40
70539,70539,70537,57.68292683,25.14648438,2,2,0.798517509,0.7962,0.347302616,12:27:55
70545,70545,70545,48.79310345,12.45117188,0,0,0.901568358,0.898777778,0.318465703,12:28:10
70548,70548,70548,44.65517241,35.64453125,0,0,0.898025226,0.8954,0.346156509,12:28:25
70554,70554,70553,61.41025641,0.9765625,1,1,0.908386003,0.9050625,0.321826257,12:28:40
70560,70560,70560,43.51351351,19.04296875,0,0,0.888739274,0.883277778,0.33785052,12:28:55
70563,70563,70563,47.66666667,8.7890625,0,0,0.910509001,0.904266667,0.322047362,12:29:10
70572,70572,70572,34.6875,31.98242188,0,0,0.841436785,0.836526316,0.337711069,12:29:25
70575,70575,70575,49.33333333,12.6953125,0,0,0.832844007,0.830888889,0.318629186,12:29:40
70578,70578,70578,45.5,17.82226563,0,0,0.780419383,0.7788,0.347286535,12:29:55
70584,70584,70584,62.63157895,7.568359375,0,0,0.759266089,0.757529412,0.304796027,12:30:10
70590,70590,70590,43.08823529,21.72851563,0,0,0.850786445,0.849,0.306707567,12:30:25
70593,70593,70593,27.77777778,29.78515625,0,0,0.767693164,0.765666667,0.346204445,12:30:40
70602,70602,70602,56.61764706,3.41796875,0,0,0.84473383,0.842722222,0.318071778,12:30:55
70605,70605,70605,33.83333333,52.97851563,0,0,0.798418677,0.796111111,0.337945666,12:31:10
70608,70608,70608,45.80645161,19.28710938,0,0,0.86427633,0.862066667,0.322158029,12:31:25
70617,70617,70617,42.27272727,4.39453125,0,0,0.781835618,0.77975,0.337742753,12:31:40
70620,70620,70620,44.39393939,8.056640625,0,0,0.760977294,0.758733333,0.322663913,12:31:55
70623,70623,70623,40.9375,23.4375,0,0,0.736691641,0.7344,0.347302616,12:32:10
70632,70632,70632,51.29032258,7.080078125,0,0,0.811858002,0.809555556,0.318437533,12:32:25
70635,70635,70635,45.64516129,9.27734375,0,0,0.797066769,0.7952,0.346148521,12:32:40
70638,70638,70638,41.61764706,19.28710938,0,0,0.803781326,0.798866667,0.346132546,12:32:55
70647,70647,70647,50.41666667,3.90625,0,0,0.860522381,0.85575,0.318043678,12:33:10
70650,70650,70650,44.83870968,9.27734375,0,0,0.846167772,0.840933333,0.346724608,12:33:25
70653,70653,70653,45.68965517,0,0,0,0.855347887,0.8514,0.322275696,12:33:40
70662,70662,70662,49.55882353,5.859375,0,0,0.882615005,0.87825,0.337812477,12:33:55
70665,70665,70665,49.25925926,38.0859375,0,0,0.86498969,0.859133333,0.322747224,12:34:10
70674,70674,70674,52.56097561,11.23046875,0,0,0.783793333,0.779857143,0.394788788,12:34:25
70677,70677,70677,48.27586207,6.34765625,0,0,0.79479033,0.7909,0.3184319,12:34:40
70680,70680,70680,42.8125,20.75195313,0,0,0.768061663,0.765066667,0.346140533,12:34:55
70683,70683,70683,34.70588235,3.173828125,0,0,0.770222278,0.767333333,0.300928543,12:35:10
70692,70692,70692,56.83333333,15.86914063,0,0,0.831692673,0.830066667,0.346700566,12:35:25
70695,70695,70695,43.03030303,38.81835938,0,0,0.838893881,0.836866667,0.346700566,12:35:40
70704,70704,70702,55.42857143,17.08984375,2,2,0.81325318,0.810105263,0.37132652,12:35:55
70707,70707,70707,36.47058824,35.40039063,0,0,0.791381568,0.78805,0.337774442,12:36:10
70710,70710,70710,43.59375,12.93945313,0,0,0.737009763,0.732266667,0.322691679,12:36:25
70719,70719,70717,61.71052632,7.32421875,2,2,0.69246215,0.688684211,0.394773945,12:36:40
70722,70722,70722,44.21052632,4.638671875,0,0,0.817889967,0.813933333,0.32244196,12:36:55
70728,70728,70728,48.44827586,32.95898438,0,0,0.826995301,0.824833333,0.337552743,12:37:10
70734,70734,70732,62.05128205,56.88476563,2,2,0.849545413,0.847368421,0.371221495,12:37:25
70737,70737,70737,53.7037037,14.40429688,0,0,0.823846261,0.822066667,0.346860909,12:37:40
70740,70740,70740,42.42424242,13.42773438,0,0,0.841935312,0.839666667,0.309115137,12:37:55
70749,70749,70747,59.5,20.5078125,2,2,0.841523698,0.834666667,0.302669814,12:38:10
70752,70752,70752,29.48275862,27.34375,0,0,0.766690134,0.760133333,0.346965211,12:38:25
70758,70758,70758,39.83870968,31.73828125,0,0,0.751184859,0.745666667,0.318195478,12:38:40
70764,70764,70764,57.16666667,17.82226563,0,0,0.646599775,0.644666667,0.393722932,12:38:55
70767,70767,70767,49.80769231,8.056640625,0,0,0.663923131,0.662466667,0.321426276,12:39:10
70773,70773,70773,39.24242424,16.84570313,0,0,0.682969634,0.681833333,0.337514766,12:39:25
70779,70779,70777,57.05128205,18.5546875,2,2,0.756327653,0.754538462,0.321840067,12:39:40
70782,70782,70782,58.33333333,17.82226563,0,0,0.825559048,0.8234,0.346612441,12:39:55
70788,70788,70788,29.62962963,30.02929688,0,0,0.781872203,0.779444444,0.318178604,12:40:10
70794,70794,70792,61.62162162,40.28320313,2,2,0.797310004,0.794866667,0.34646033,12:40:25
70797,70797,70797,55.9375,1.46484375,0,0,0.783331758,0.781333333,0.34646033,12:40:40
70803,70803,70803,36.96428571,5.37109375,0,0,0.734166592,0.731833333,0.318285502,12:40:55
70809,70809,70807,63.37837838,38.81835938,2,2,0.800893887,0.798733333,0.346756669,12:41:10
70812,70812,70812,54.86111111,8.7890625,0,0,0.824197988,0.821866667,0.322573708,12:41:25
70818,70818,70818,38.90625,31.25,0,0,0.810973701,0.808555556,0.33807261,12:41:40
70824,70824,70822,59.3902439,3.41796875,2,2,0.860611719,0.857666667,0.32229647,12:41:55
70830,70830,70830,34.25925926,28.07617188,0,0,0.814471883,0.811777778,0.337717406,12:42:10
70833,70833,70833,40.69444444,12.20703125,0,0,0.853860401,0.851611111,0.318133616,12:42:25
70839,70839,70837,58.41463415,10.98632813,2,2,0.851559069,0.850066667,0.346564392,12:42:40
70842,70842,70842,37.65625,49.56054688,0,0,0.764006532,0.758,0.306282923,12:42:55
70848,70848,70848,47.83333333,43.45703125,0,0,0.821234233,0.8148,0.304962972,12:43:10
70854,70854,70852,59.51219512,8.544921875,2,2,0.867702406,0.8614,0.346580407,12:43:25
70860,70860,70860,51.89655172,7.568359375,0,0,0.926983221,0.924833333,0.318572794,12:43:40
70863,70863,70863,30,36.1328125,0,0,0.859935935,0.858,0.338186942,12:43:55
70869,70869,70867,58.03030303,12.20703125,2,2,0.734195942,0.731733333,0.322338025,12:44:10
70875,70875,70875,40,55.17578125,0,0,0.725498139,0.722166667,0.337641387,12:44:25
70878,70878,70878,41.06060606,7.080078125,0,0,0.765134502,0.762266667,0.322075022,12:44:40
70884,70884,70882,60.26315789,6.591796875,2,2,0.810353053,0.807733333,0.346724608,12:44:55
70890,70890,70890,49.48275862,0,0,0,0.800906151,0.798333333,0.318150485,12:45:10
70893,70893,70893,40.5,27.09960938,0,0,0.812262029,0.809666667,0.346300358,12:45:25
70899,70899,70897,49.85294118,3.90625,2,2,0.737725668,0.734933333,0.346300358,12:45:40
70905,70905,70905,28,13.18359375,0,0,0.699345729,0.696277778,0.31829113,12:45:55
70908,70908,70908,39.21875,17.82226563,0,0,0.659608152,0.6568,0.346925087,12:46:10
70914,70914,70912,50,5.37109375,2,2,0.644655196,0.641866667,0.322462756,12:46:25
70920,70920,70920,42.28571429,15.13671875,0,0,0.691963242,0.688666667,0.337837838,12:46:40
70923,70923,70923,43.52941176,11.23046875,0,0,0.771726911,0.7688,0.322338025,12:46:55
70932,70932,70932,50.97222222,21.24023438,0,0,0.884959944,0.88255,0.337996432,12:47:10
70935,70935,70935,45.80645161,2.197265625,0,0,0.887751715,0.885555556,0.318415001,12:47:25
70938,70938,70938,43.06451613,62.74414063,0,0,0.869215579,0.867266667,0.346612441,12:47:40
70944,70944,70944,58.02631579,21.24023438,0,0,0.822056152,0.819411765,0.303086584,12:47:55
70950,70950,70950,49.35483871,13.671875,0,0,0.769275843,0.766066667,0.30786428,12:48:10
70953,70953,70953,44.83870968,5.126953125,0,0,0.78589448,0.7826,0.346164497,12:48:25
70962,70962,70962,52.10526316,23.68164063,0,0,0.88772415,0.884944444,0.318088641,12:48:40
70965,70965,70965,31.04166667,23.4375,0,0,0.844164425,0.841555556,0.337977393,12:48:55
70968,70968,70968,43.5,20.75195313,0,0,0.786733281,0.7848,0.322802789,12:49:10
70977,70977,70977,44.81481481,13.42773438,0,0,0.776182741,0.7741,0.33827592,12:49:25
70980,70980,70980,24.65517241,32.47070313,0,0,0.682269476,0.680466667,0.322248002,12:49:40
70983,70983,70983,47,4.150390625,0,0,0.693741591,0.6918,0.346132546,12:49:55
70992,70992,70992,42.06896552,25.87890625,0,0,0.667772762,0.6657,0.317662008,12:50:10
70995,70995,70995,38.92857143,6.591796875,0,0,0.710824896,0.7086,0.346204445,12:50:25
70998,70998,70998,53.51851852,37.59765625,0,0,0.743324395,0.740133333,0.346188465,12:50:40
71007,71007,71007,39.19354839,13.18359375,0,0,0.759499329,0.7565,0.31808302,12:50:55
71010,71010,71010,47.33333333,48.09570313,0,0,0.838178858,0.8352,0.346724608,12:51:10
71019,71019,71017,58.125,0.244140625,2,2,0.807176631,0.804684211,0.371859119,12:51:25
71022,71022,71022,48.59375,28.3203125,0,0,0.820294949,0.818105263,0.338282278,12:51:40
71025,71025,71025,38.46153846,13.42773438,0,0,0.828594854,0.826066667,0.322261848,12:51:55
71034,71034,71033,64.58333333,34.42382813,1,1,0.797491454,0.79545,0.393745078,12:52:10
71037,71037,71037,50.15625,6.34765625,0,0,0.807538121,0.804733333,0.32151584,12:52:25
71040,71040,71040,42.09677419,11.71875,0,0,0.798303769,0.795666667,0.346276375,12:52:40
71049,71049,71047,52.875,1.953125,2,2,0.796719747,0.794526316,0.371136207,12:52:55
71052,71052,71052,52.56756757,10.25390625,0,0,0.84718321,0.845333333,0.34670858,12:53:10
71055,71055,71055,45.625,25.87890625,0,0,0.872424179,0.870933333,0.346700566,12:53:25
71064,71064,71063,52.375,19.28710938,1,1,0.801758022,0.79885,0.371734051,12:53:40
71067,71067,71067,32.93103448,43.45703125,0,0,0.709199322,0.7056,0.347005344,12:53:55
71070,71070,71070,43.5483871,9.033203125,0,0,0.692148398,0.6876,0.322164948,12:54:10
71079,71079,71077,67.91666667,24.90234375,2,2,0.718237572,0.714157895,0.393737696,12:54:25
71082,71082,71082,56.61764706,4.8828125,0,0,0.882742763,0.8794,0.321764125,12:54:40
71088,71088,71088,53,31.00585938,0,0,0.85312838,0.849277778,0.337812477,12:54:55
71094,71094,71092,52.10526316,10.98632813,2,2,0.806238885,0.801105263,0.371359352,12:55:10
71097,71097,71097,45.71428571,1.220703125,0,0,0.697577567,0.692466667,0.34670858,12:55:25
71100,71100,71100,34.56521739,5.615234375,0,0,0.643128635,0.639466667,0.308732433,12:55:40
71109,71109,71107,60.94594595,3.173828125,2,2,0.584391632,0.580866667,0.303062081,12:55:55
71112,71112,71112,58.75,12.45117188,0,0,0.682130584,0.6788,0.347141865,12:56:10
71118,71118,71118,37.59259259,49.31640625,0,0,0.739064162,0.736611111,0.318330533,12:56:25
71124,71124,71124,56.57894737,6.8359375,0,0,0.774684243,0.772619048,0.393730313,12:56:40
71127,71127,71127,30.83333333,14.16015625,0,0,0.670673227,0.6678,0.321757223,12:56:55
71133,71133,71133,43.62068966,6.34765625,0,0,0.70219125,0.699555556,0.337818817,12:57:10
71139,71139,71138,60.52631579,27.34375,1,1,0.74776517,0.7445,0.322213391,12:57:25
71142,71142,71142,47.8125,4.39453125,0,0,0.804581171,0.802333333,0.346668516,12:57:40
71148,71148,71148,30.83333333,25.87890625,0,0,0.753591831,0.751055556,0.318770255,12:57:55
71154,71154,71152,53.4375,12.6953125,2,2,0.662890234,0.660214286,0.347246337,12:58:10
71157,71157,71157,55.58823529,4.150390625,0,0,0.696373032,0.6938,0.347246337,12:58:25
71163,71163,71163,48.33333333,14.16015625,0,0,0.663306497,0.660555556,0.318420634,12:58:40
71169,71169,71167,59.86486486,13.91601563,2,2,0.790309463,0.7878,0.346164497,12:58:55
71172,71172,71172,57.34375,2.9296875,0,0,0.784459823,0.782266667,0.321529624,12:59:10
71178,71178,71178,36.34615385,49.31640625,0,0,0.816605037,0.814888889,0.337584396,12:59:25
71184,71184,71182,50.35714286,24.4140625,2,2,0.770316857,0.768933333,0.321929862,12:59:40
71190,71190,71190,48.96551724,35.88867188,0,0,0.809898768,0.807722222,0.337882229,12:59:55
71193,71193,71193,46.72413793,1.220703125,0,0,0.804602682,0.802444444,0.318758965,12:00:10
71199,71199,71199,52.96875,37.59765625,0,0,0.753921497,0.751647059,0.347254375,12:00:25
71202,71202,71202,37.05882353,14.6484375,0,0,0.679190873,0.677,0.305795665,12:00:40
71208,71208,71208,43.03571429,1.953125,0,0,0.625345926,0.6236,0.305647702,12:00:55
71214,71214,71212,60.27027027,52.734375,2,2,0.738005687,0.736153846,0.346156509,12:01:10
71220,71220,71220,52.32142857,7.8125,0,0,0.82709309,0.825666667,0.317718078,12:01:25
71223,71223,71223,46.12903226,5.859375,0,0,0.837961855,0.836055556,0.337590728,12:01:40
71229,71229,71229,44.75,49.31640625,0,0,0.781978944,0.779647059,0.321840067,12:01:55
71235,71235,71235,54.64285714,11.47460938,0,0,0.788022918,0.782444444,0.337793458,12:02:10
71238,71238,71238,37.16666667,5.615234375,0,0,0.703001576,0.696333333,0.322698621,12:02:25
71244,71244,71242,65.69444444,10.7421875,2,2,0.797565307,0.791153846,0.347254375,12:02:40
71250,71250,71250,44.16666667,16.11328125,0,0,0.723089746,0.718555556,0.31838684,12:02:55
71253,71253,71253,40.51724138,18.31054688,0,0,0.702576165,0.701,0.346116572,12:03:10
71259,71259,71257,59.61538462,19.28710938,2,2,0.721906614,0.719866667,0.346116572,12:03:25
71265,71265,71265,45.51724138,16.84570313,0,0,0.853451845,0.850388889,0.317639585,12:03:40
71268,71268,71268,48.28125,21.72851563,0,0,0.90996785,0.906533333,0.346172486,12:03:55
71274,71274,71272,56.82926829,28.07617188,2,2,0.871589249,0.8676,0.321433163,12:04:10
71280,71280,71280,48.7037037,39.30664063,0,0,0.765328769,0.761611111,0.337495781,12:04:25
71283,71283,71283,40.60606061,57.12890625,0,0,0.753594299,0.749733333,0.322289545,12:04:40
71292,71292,71292,48.33333333,17.08984375,0,0,0.760309067,0.75765,0.338301351,12:04:55
71295,71295,71295,49.0625,20.01953125,0,0,0.82356373,0.821833333,0.318353054,12:05:10
71298,71298,71298,46.55172414,4.638671875,0,0,0.81159083,0.807933333,0.346156509,12:05:25
71304,71304,71302,61.75675676,31.98242188,2,2,0.868027758,0.8634,0.303080937,12:05:40
71310,71310,71310,41.08108108,16.84570313,0,0,0.857763992,0.852333333,0.307493827,12:05:55
71313,71313,71313,43.70967742,15.625,0,0,0.84426999,0.8412,0.346140533,12:06:10
71322,71322,71322,56.875,36.37695313,0,0,0.80004251,0.7978,0.31763398,12:06:25
71325,71325,71325,48.96551724,13.91601563,0,0,0.79522146,0.7935,0.337502109,12:06:40
71328,71328,71328,31.72413793,0,0,0,0.709265173,0.707333333,0.322331099,12:06:55
71337,71337,71337,47.97297297,8.544921875,0,0,0.79623946,0.79375,0.338320427,12:07:10
71340,71340,71340,45.17241379,3.662109375,0,0,0.727058332,0.7248,0.32231032,12:07:25
71343,71343,71343,41.83333333,0,0,0,0.769779702,0.767533333,0.346132546,12:07:40
71352,71352,71352,54.35483871,13.671875,0,0,0.781057591,0.7784,0.317628375,12:07:55
71355,71355,71355,47.4137931,4.39453125,0,0,0.777173906,0.774666667,0.346148521,12:08:10
71358,71358,71358,32.25806452,3.662109375,0,0,0.755967193,0.752933333,0.346140533,12:08:25
71367,71367,71367,52.83333333,17.578125,0,0,0.759054705,0.75375,0.317628375,12:08:40
71370,71370,71370,53.26923077,20.99609375,0,0,0.730837549,0.7246,0.346140533,12:08:55
71373,71373,71373,48.57142857,32.71484375,0,0,0.782055677,0.7764,0.322234157,12:09:10
71382,71382,71382,56.78571429,32.2265625,0,0,0.831706529,0.8265,0.338244137,12:09:25
71385,71385,71385,40.85714286,15.86914063,0,0,0.821907499,0.819266667,0.322254925,12:09:40
71394,71394,71392,61.11111111,13.671875,2,2,0.799924511,0.796789474,0.393767227,12:09:55
71397,71397,71397,53.52941176,26.61132813,0,0,0.843583593,0.8406,0.317639585,12:10:10
71400,71400,71400,40.2,16.11328125,0,0,0.783207814,0.780466667,0.346124559,12:10:25
71403,71403,71403,49.03225806,4.39453125,0,0,0.800080103,0.7978,0.30167182,12:10:40
71412,71412,71412,55,3.173828125,0,0,0.808547303,0.8054,0.346172486,12:10:55
71415,71415,71415,45,14.89257813,0,0,0.850175362,0.847333333,0.346172486,12:11:10
71424,71424,71424,58.37837838,18.06640625,0,0,0.764066761,0.76047619,0.371398758,12:11:25
71427,71427,71427,43.92857143,16.11328125,0,0,0.780380854,0.7756,0.33827592,12:11:40
71430,71430,71430,39.55882353,11.23046875,0,0,0.713564503,0.708,0.322261848,12:11:55
71439,71439,71437,52.76315789,37.84179688,2,2,0.708768675,0.704578947,0.393745078,12:12:10
71442,71442,71442,45.94594595,22.70507813,0,0,0.800396152,0.799333333,0.321412501,12:12:25
71445,71445,71445,41.52777778,24.90234375,0,0,0.811315833,0.8104,0.346148521,12:12:40
71454,71454,71454,52.5,2.685546875,0,0,0.747067828,0.745857143,0.370586055,12:12:55
71457,71457,71457,44.83870968,7.8125,0,0,0.73268584,0.731133333,0.346148521,12:13:10
71460,71460,71460,44.83333333,48.58398438,0,0,0.74791237,0.7462,0.346148521,12:13:25
71469,71469,71467,58.10810811,36.62109375,2,2,0.717017369,0.714894737,0.371346218,12:13:40
71472,71472,71472,41.02564103,44.67773438,0,0,0.777959612,0.775733333,0.347093669,12:13:55
71478,71478,71478,45.16129032,13.42773438,0,0,0.776932078,0.774055556,0.318302387,12:14:10
71484,71484,71482,58.20512821,0.244140625,2,2,0.767773335,0.765157895,0.393745078,12:14:25
71487,71487,71487,55,22.21679688,0,0,0.820431927,0.818333333,0.321419388,12:14:40
71493,71493,71493,47.33333333,47.11914063,0,0,0.83076866,0.829444444,0.337495781,12:14:55
71499,71499,71497,64.44444444,8.7890625,2,2,0.862047526,0.8604,0.321433163,12:15:10
71502,71502,71502,45.38461538,4.8828125,0,0,0.871377066,0.869133333,0.346164497,12:15:25
71508,71508,71508,23.06451613,55.6640625,0,0,0.773102087,0.770722222,0.318285502,12:15:40
71514,71514,71512,67.12121212,31.49414063,2,2,0.703144123,0.701066667,0.347053516,12:15:55
71517,71517,71517,46.875,49.31640625,0,0,0.667206466,0.665666667,0.347053516,12:16:10
71523,71523,71523,46.20689655,5.859375,0,0,0.65363382,0.651833333,0.318268619,12:16:25
71529,71529,71529,51.12903226,37.59765625,0,0,0.621431635,0.618588235,0.346148521,12:16:40
71532,71532,71532,40.29411765,7.080078125,0,0,0.612207583,0.6086,0.321412501,12:16:55
71538,71538,71538,40.29411765,4.638671875,0,0,0.680994679,0.677333333,0.337495781,12:17:10
71544,71544,71542,61.02564103,32.71484375,2,2,0.790498345,0.786846154,0.321419388,12:17:25
71550,71550,71550,47.59259259,22.70507813,0,0,0.82190638,0.818944444,0.337502109,12:17:40
71553,71553,71553,39.39393939,33.69140625,0,0,0.834512129,0.832,0.318369946,12:17:55
71559,71559,71557,63.28571429,4.150390625,2,2,0.813082998,0.810466667,0.347182039,12:18:10
71562,71562,71562,48.33333333,20.26367188,0,0,0.784185148,0.781733333,0.309377532,12:18:25
71568,71568,71568,43.28125,41.9921875,0,0,0.828044178,0.825333333,0.302012663,12:18:40
71574,71574,71572,56.58536585,34.91210938,2,2,0.822763975,0.821066667,0.346140533,12:18:55
71580,71580,71580,48.92857143,17.82226563,0,0,0.862673386,0.861055556,0.31764519,12:19:10
71583,71583,71583,28.4,13.671875,0,0,0.766522671,0.765111111,0.337502109,12:19:25
71589,71589,71587,51.62162162,37.59765625,2,2,0.704655834,0.7024,0.321433163,12:19:40
71595,71595,71595,40.42857143,4.8828125,0,0,0.704089856,0.701222222,0.337495781,12:19:55
71598,71598,71598,28.16666667,19.77539063,0,0,0.706262449,0.703533333,0.322289545,12:20:10
71604,71604,71602,56.91176471,4.638671875,2,2,0.702809403,0.7004,0.347149899,12:20:25
71610,71610,71610,47.03703704,3.173828125,0,0,0.699396322,0.697722222,0.318336163,12:20:40
71613,71613,71613,47.09677419,2.44140625,0,0,0.775058041,0.771466667,0.346132546,12:20:55
71619,71619,71617,56,4.150390625,2,2,0.822346109,0.818066667,0.346132546,12:21:10
71625,71625,71625,30.83333333,31.25,0,0,0.664182464,0.660388889,0.31764519,12:21:25
71628,71628,71628,43.23529412,24.4140625,0,0,0.634845887,0.631533333,0.346156509,12:21:40
71634,71634,71632,64.44444444,23.68164063,2,2,0.658651181,0.656466667,0.321426276,12:21:55
71640,71640,71640,48.62068966,19.04296875,0,0,0.759212087,0.757277778,0.337489453,12:22:10
71643,71643,71643,34.42307692,1.46484375,0,0,0.772280021,0.770866667,0.322254925,12:22:25
71652,71652,71652,53.08823529,40.52734375,0,0,0.78398993,0.7818,0.338269563,12:22:40
71655,71655,71655,43.66666667,1.220703125,0,0,0.788408983,0.785277778,0.318336163,12:22:55
71658,71658,71658,34.13043478,7.32421875,0,0,0.727623741,0.724466667,0.346164497,12:23:10
71664,71664,71662,57.125,10.49804688,2,2,0.73308569,0.729933333,0.307159815,12:23:25
71670,71670,71670,45,8.056640625,0,0,0.723831505,0.721066667,0.303427094,12:23:40
71673,71673,71673,32.2,12.45117188,0,0,0.744036905,0.741266667,0.346164497,12:23:55
71682,71682,71682,47.27272727,15.86914063,0,0,0.75295613,0.75065,0.317706862,12:24:10
71685,71685,71685,26.6,49.31640625,0,0,0.625340043,0.623944444,0.337565403,12:24:25
71688,71688,71688,47.66666667,8.7890625,0,0,0.683063039,0.681,0.322379591,12:24:40
71697,71697,71697,39.03225806,16.6015625,0,0,0.666038936,0.66365,0.338314068,12:24:55
71700,71700,71700,45.16129032,17.33398438,0,0,0.724112188,0.721266667,0.322317246,12:25:10
71703,71703,71703,38.44827586,31.73828125,0,0,0.695199474,0.6928,0.346164497,12:25:25
71712,71712,71712,44.46428571,10.00976563,0,0,0.632905678,0.627631579,0.31763398,12:25:40
71715,71715,71715,50.74074074,8.7890625,0,0,0.625450234,0.619666667,0.346132546,12:25:55
71718,71718,71718,37.42424242,36.37695313,0,0,0.639602303,0.633466667,0.346124559,12:26:10
71727,71727,71727,43.7037037,14.40429688,0,0,0.695116742,0.6915,0.317678827,12:26:25
71730,71730,71730,44.07407407,2.197265625,0,0,0.688125096,0.6818,0.346228418,12:26:40
71733,71733,71733,39.55882353,1.220703125,0,0,0.687381598,0.680666667,0.322407308,12:26:55
71742,71742,71742,37.4137931,0.9765625,0,0,0.684216258,0.67895,0.338333145,12:27:10
71745,71745,71745,47.4137931,9.765625,0,0,0.740923184,0.738533333,0.322331099,12:27:25
71754,71754,71752,54.11764706,0.244140625,2,2,0.67045463,0.668684211,0.393745078,12:27:40
71757,71757,71757,42.27272727,0.48828125,0,0,0.705799188,0.703421053,0.317662008,12:27:55
71760,71760,71760,51.85185185,17.82226563,0,0,0.714160016,0.7118,0.346172486,12:28:10
71763,71763,71763,40.55555556,9.033203125,0,0,0.739952533,0.737666667,0.305557078,12:28:25
71772,71772,71772,49.1025641,9.27734375,0,0,0.806859681,0.8048,0.305086726,12:28:40
71775,71775,71775,48.03571429,23.92578125,0,0,0.807851358,0.805533333,0.346220427,12:28:55
71784,71784,71782,50.57142857,3.173828125,2,2,0.696618565,0.693421053,0.371044402,12:29:10
71787,71787,71787,53.24324324,6.34765625,0,0,0.748329934,0.74485,0.337888572,12:29:25
71790,71790,71790,31.11111111,15.625,0,0,0.646397656,0.642,0.322199549,12:29:40
71799,71799,71799,57.16216216,26.85546875,0,0,0.708984397,0.705761905,0.394121953,12:29:55
71802,71802,71802,33.90625,16.35742188,0,0,0.703773265,0.700733333,0.321791736,12:30:10
71805,71805,71805,29.03225806,49.31640625,0,0,0.676018644,0.674466667,0.346180475,12:30:25
71814,71814,71812,61.08108108,27.34375,2,2,0.679286871,0.676631579,0.370854378,12:30:40
71817,71817,71817,35.81081081,50.53710938,0,0,0.714327816,0.7112,0.346468333,12:30:55
71820,71820,71820,26.5625,1.708984375,0,0,0.706185823,0.7028,0.346468333,12:31:10
71829,71829,71827,65.29411765,57.37304688,2,2,0.712870205,0.710210526,0.370952642,12:31:25
71832,71832,71832,40.16129032,54.44335938,0,0,0.673596023,0.672133333,0.346284369,12:31:40
71835,71835,71835,32.93103448,49.56054688,0,0,0.682482744,0.681266667,0.321881505,12:31:55
71844,71844,71842,45.60606061,12.6953125,2,2,0.602422922,0.600894737,0.394114556,12:32:10
71847,71847,71847,48.58974359,26.3671875,0,0,0.664212992,0.662466667,0.321784833,12:32:25
71853,71853,71853,46.89655172,33.203125,0,0,0.687299296,0.685,0.337514766,12:32:40
71859,71859,71857,48.91891892,0.244140625,2,2,0.622948234,0.620368421,0.37084128,12:32:55
71862,71862,71862,48.96551724,49.31640625,0,0,0.636982568,0.632666667,0.346452328,12:33:10
71865,71865,71865,48.21428571,13.42773438,0,0,0.691206011,0.686933333,0.304231338,12:33:25
71874,71874,71874,48.23529412,29.05273438,0,0,0.671103127,0.667411765,0.306602535,12:33:40
71877,71877,71877,44.51612903,14.16015625,0,0,0.680181415,0.6772,0.346196455,12:33:55
71883,71883,71883,40.27027027,16.11328125,0,0,0.69263372,0.689833333,0.317931327,12:34:10
71889,71889,71888,56.14285714,15.13671875,1,1,0.66094328,0.65805,0.394099764,12:34:25
71892,71892,71892,44.72222222,10.7421875,0,0,0.755683238,0.754133333,0.321736519,12:34:40
71898,71898,71898,51.78571429,2.9296875,0,0,0.778517187,0.775555556,0.337489453,12:34:55
71904,71904,71902,58.875,0.244140625,2,2,0.816242259,0.813,0.321660627,12:35:10
71907,71907,71907,58.57142857,25.87890625,0,0,0.863597702,0.860466667,0.346436325,12:35:25
71913,71913,71913,41.93548387,0.48828125,0,0,0.805461305,0.8035,0.317847116,12:35:40
71919,71919,71917,59.74358974,3.41796875,2,2,0.812963446,0.812133333,0.346148521,12:35:55
71922,71922,71922,54.09090909,7.080078125,0,0,0.788998521,0.788133333,0.346148521,12:36:10
71928,71928,71928,41.93548387,15.625,0,0,0.85315071,0.852277778,0.318038059,12:36:25
71934,71934,71932,60.40540541,44.921875,2,2,0.848992852,0.848,0.346716594,12:36:40
71937,71937,71937,51.57142857,34.1796875,0,0,0.831438047,0.8306,0.321929862,12:36:55
71943,71943,71943,44.14285714,9.27734375,0,0,0.82946341,0.828555556,0.337514766,12:37:10
71949,71949,71947,52.68292683,8.544921875,2,2,0.839621777,0.838733333,0.322040448,12:37:25
71955,71955,71955,54.65517241,11.47460938,0,0,0.923050117,0.922,0.338047214,12:37:40
71958,71958,71958,44.34210526,13.42773438,0,0,0.976539539,0.9745,0.318116749,12:37:55
71964,71964,71962,61.66666667,48.09570313,2,2,1.028384464,1.0262,0.346124559,12:38:10
71967,71967,71967,55.65789474,5.615234375,0,0,1.019695924,1.0174,0.30259484,12:38:25
71973,71973,71973,39.51612903,32.47070313,0,0,0.928077288,0.926666667,0.307954742,12:38:40
71979,71979,71977,54.25,34.66796875,2,2,0.869977352,0.868133333,0.346148521,12:38:55
71985,71985,71985,39.85714286,21.97265625,0,0,0.826114261,0.824444444,0.317762949,12:39:10
71988,71988,71988,33.46153846,7.568359375,0,0,0.734315495,0.731777778,0.337641387,12:39:25
71994,71994,71992,57.7027027,0.244140625,2,2,0.730523248,0.727933333,0.322026621,12:39:40
72000,72000,72000,45.625,3.173828125,0,0,0.75868074,0.755444444,0.337907601,12:39:55
72003,72003,72003,43.46153846,3.662109375,0,0,0.778308608,0.7756,0.321874598,12:40:10
72009,72009,72009,53.94736842,25.87890625,0,0,0.72041996,0.718352941,0.346156509,12:40:25
72015,72015,72015,37.93103448,4.8828125,0,0,0.713144803,0.711666667,0.317656402,12:40:40
72018,72018,72018,38.28125,10.7421875,0,0,0.691618283,0.689733333,0.346164497,12:40:55
72024,72024,72022,55.65789474,10.7421875,2,2,0.724582445,0.722692308,0.346164497,12:41:10
72030,72030,72030,35.6,6.591796875,0,0,0.714166405,0.711722222,0.317819055,12:41:25
72033,72033,72033,43.4375,3.90625,0,0,0.750135226,0.7482,0.346388324,12:41:40
72039,72039,72039,47.87878788,14.6484375,0,0,0.650554874,0.647529412,0.32211652,12:41:55
72045,72045,72045,45.92592593,7.32421875,0,0,0.626549363,0.6235,0.337939321,12:42:10
72048,72048,72048,42.34375,18.31054688,0,0,0.651646873,0.647933333,0.321881505,12:42:25
72057,72057,72057,27.71428571,19.53125,0,0,0.728678714,0.726055556,0.337476798,12:42:40
72060,72060,72060,28.90625,1.708984375,0,0,0.662863089,0.660388889,0.317656402,12:42:55
72063,72063,72063,46.03448276,11.71875,0,0,0.628860574,0.626466667,0.346204445,12:43:10
72069,72069,72068,59.42857143,16.84570313,1,1,0.595837065,0.5935625,0.301565962,12:43:25
72075,72075,72075,27.03703704,31.98242188,0,0,0.643853326,0.6422,0.346508351,12:43:40
72078,72078,72078,34.14285714,8.7890625,0,0,0.633700551,0.632533333,0.346500347,12:43:55
72087,72087,72087,45.75,18.79882813,0,0,0.697726784,0.696315789,0.318527694,12:44:10
72090,72090,72090,47.14285714,19.53125,0,0,0.688456177,0.686888889,0.33821236,12:44:25
72093,72093,72093,40.41666667,22.4609375,0,0,0.779464864,0.777333333,0.322185708,12:44:40
72102,72102,72102,53.65384615,17.08984375,0,0,0.767777515,0.76425,0.337483126,12:44:55
72105,72105,72105,44.83870968,10.98632813,0,0,0.714846503,0.710866667,0.321419388,12:45:10
72108,72108,72108,46.15384615,10.98632813,0,0,0.693744035,0.690333333,0.346164497,12:45:25
72117,72117,72117,42.06896552,13.91601563,0,0,0.703447223,0.7002,0.317662008,12:45:40
72120,72120,72120,50.89285714,0.244140625,0,0,0.691267004,0.688266667,0.346164497,12:45:55
72123,72123,72123,42.90322581,14.40429688,0,0,0.696589401,0.693533333,0.346164497,12:46:10
72132,72132,72132,49.53125,25.14648438,0,0,0.701778798,0.69885,0.318088641,12:46:25
72135,72135,72135,26,20.01953125,0,0,0.637375231,0.6354,0.346772702,12:46:40
72144,72144,72142,53.8372093,22.70507813,2,2,0.670207349,0.665631579,0.371083741,12:46:55
72147,72147,72147,43.87096774,2.9296875,0,0,0.688727066,0.68425,0.337483126,12:47:10
72150,72150,72150,35.64516129,20.01953125,0,0,0.719494025,0.712866667,0.321412501,12:47:25
72159,72159,72159,53.125,13.671875,0,0,0.627365179,0.622857143,0.393737696,12:47:40
72162,72162,72162,38.28571429,18.31054688,0,0,0.601396953,0.596933333,0.321736519,12:47:55
72165,72165,72165,38.83333333,10.7421875,0,0,0.612176145,0.609,0.346516356,12:48:10
72174,72174,72172,45.71428571,26.3671875,2,2,0.565387148,0.562684211,0.371714311,12:48:25
72177,72177,72177,55.65789474,12.45117188,0,0,0.648246908,0.646133333,0.347165968,12:48:40
72180,72180,72180,51.66666667,12.45117188,0,0,0.683555203,0.681533333,0.347165968,12:48:55
72189,72189,72187,45.22222222,22.4609375,2,2,0.741358907,0.739789474,0.371411896,12:49:10
72192,72192,72192,49.73684211,29.54101563,0,0,0.799879129,0.797933333,0.346156509,12:49:25
72195,72195,72195,40.80645161,13.18359375,0,0,0.78025803,0.778,0.321433163,12:49:40
72204,72204,72202,54.87179487,0.244140625,2,2,0.76835935,0.765526316,0.393752461,12:49:55
72207,72207,72207,44.34210526,5.126953125,0,0,0.764162038,0.761866667,0.321419388,12:50:10
72213,72213,72213,45.34482759,15.625,0,0,0.777826723,0.775277778,0.337489453,12:50:25
72219,72219,72217,46.38888889,26.3671875,2,2,0.692860395,0.689578947,0.371411896,12:50:40
72222,72222,72222,49.87179487,9.521484375,0,0,0.731803535,0.728,0.347174004,12:50:55
72225,72225,72225,53.07692308,9.033203125,0,0,0.749385238,0.745933333,0.308908196,12:51:10
72234,72234,72232,54.47368421,12.20703125,2,2,0.794353313,0.791866667,0.302480443,12:51:25
72237,72237,72237,49.58333333,23.68164063,0,0,0.786070264,0.783466667,0.346148521,12:51:40
72243,72243,72243,37.67857143,7.568359375,0,0,0.727127093,0.725111111,0.317656402,12:51:55
72249,72249,72247,59.60526316,25.87890625,2,2,0.734479893,0.732263158,0.393767227,12:52:10
72252,72252,72252,37.12121212,2.685546875,0,0,0.658627952,0.657133333,0.321508949,12:52:25
72258,72258,72258,33.25,20.75195313,0,0,0.584136222,0.579777778,0.337559073,12:52:40
72264,72264,72262,55.88235294,36.86523438,2,2,0.514191659,0.5096,0.322338025,12:52:55
72267,72267,72267,52.5,19.77539063,0,0,0.613408406,0.608733333,0.347141865,12:53:10
72273,72273,72273,42.27272727,12.45117188,0,0,0.722295255,0.718333333,0.318308016,12:53:25
72279,72279,72277,54.73684211,30.76171875,2,2,0.812165077,0.810533333,0.346116572,12:53:40
72282,72282,72282,57.09677419,9.033203125,0,0,0.789759729,0.786466667,0.346108586,12:53:55
72288,72288,72288,27.2,6.103515625,0,0,0.701192401,0.697277778,0.317628375,12:54:10
72294,72294,72292,60.55555556,8.30078125,2,2,0.679693166,0.674066667,0.346164497,12:54:25
72297,72297,72297,54.11764706,5.859375,0,0,0.703022025,0.6978,0.321433163,12:54:40
72303,72303,72303,47.4137931,15.625,0,0,0.646762306,0.642333333,0.337495781,12:54:55
72309,72309,72307,41.84210526,0.244140625,2,2,0.630034825,0.626066667,0.32231032,12:55:10
72315,72315,72315,32.85714286,0,0,0,0.61095175,0.607722222,0.33830771,12:55:25
72318,72318,72318,30.83333333,2.44140625,0,0,0.638038195,0.634777778,0.318364315,12:55:40
72324,72324,72322,49.44444444,47.60742188,2,2,0.636543004,0.634,0.346156509,12:55:55
72327,72327,72327,60.14705882,10.98632813,0,0,0.64214013,0.640533333,0.306605964,12:56:10
72333,72333,72333,53.65384615,18.31054688,0,0,0.746620966,0.745666667,0.303962588,12:56:25
72339,72339,72337,47.89473684,34.42382813,2,2,0.762947793,0.7604,0.346140533,12:56:40
72345,72345,72345,58.95833333,15.625,0,0,0.756667881,0.754333333,0.31763398,12:56:55
72348,72348,72348,49.83870968,19.28710938,0,0,0.802638148,0.799888889,0.337508438,12:57:10
72354,72354,72352,50.55555556,6.591796875,2,2,0.789620733,0.788133333,0.32158477,12:57:25
72360,72360,72360,28.46153846,49.31640625,0,0,0.744478457,0.741444444,0.337647721,12:57:40
72363,72363,72363,32.4,36.62109375,0,0,0.630992779,0.6278,0.321591664,12:57:55
72369,72369,72367,56.28571429,20.5078125,2,2,0.632091761,0.6284,0.346172486,12:58:10
72375,72375,72375,38.4375,13.42773438,0,0,0.604735418,0.601277778,0.317667614,12:58:25
72378,72378,72378,32.5,46.875,0,0,0.638599166,0.635933333,0.346164497,12:58:40
72384,72384,72382,62.5,10.7421875,2,2,0.67092634,0.6682,0.346156509,12:58:55
72390,72390,72390,45,13.671875,0,0,0.73714992,0.734722222,0.317600353,12:59:10
72393,72393,72393,45.64516129,17.82226563,0,0,0.820649905,0.8186,0.346092614,12:59:25
72399,72399,72397,58.05555556,14.16015625,2,2,0.816780142,0.814866667,0.322047362,12:59:40
72405,72405,72405,48.92857143,5.126953125,0,0,0.832188252,0.830111111,0.338123415,12:59:55
72408,72408,72408,35.3125,7.8125,0,0,0.78662052,0.784866667,0.322088854,12:00:10
72417,72417,72417,46.52777778,28.80859375,0,0,0.773190128,0.771,0.337495781,12:00:25
72420,72420,72420,46.71875,0.48828125,0,0,0.754186666,0.751777778,0.31762277,12:00:40
72423,72423,72423,43.5483871,3.662109375,0,0,0.771184362,0.764133333,0.346124559,12:00:55
72429,72429,72427,56.71052632,57.6171875,2,2,0.795280317,0.788,0.305951186,12:01:10
72435,72435,72435,47.85714286,40.52734375,0,0,0.812119069,0.805333333,0.304604026,12:01:25
72438,72438,72438,45.64516129,0.732421875,0,0,0.797909631,0.795,0.346164497,12:01:40
72447,72447,72447,50.74074074,13.671875,0,0,0.788597776,0.7859,0.317998728,12:01:55
72450,72450,72450,25.71428571,13.42773438,0,0,0.684097456,0.681166667,0.337882229,12:02:10
72453,72453,72453,44.44444444,15.13671875,0,0,0.627556319,0.6248,0.321846972,12:02:25
72462,72462,72462,47.4137931,0.244140625,0,0,0.643350228,0.639526316,0.337495781,12:02:40
72465,72465,72465,37.93103448,31.00585938,0,0,0.671445861,0.6674,0.321433163,12:02:55
72468,72468,72468,39.03225806,12.6953125,0,0,0.689626691,0.686133333,0.346164497,12:03:10
72477,72477,72477,49.73684211,9.27734375,0,0,0.70573684,0.700722222,0.317639585,12:03:25
72480,72480,72480,42.5,6.34765625,0,0,0.695791921,0.692333333,0.346148521,12:03:40
72483,72483,72483,54.58333333,2.685546875,0,0,0.711511023,0.707466667,0.346132546,12:03:55
72492,72492,72492,52.57142857,2.685546875,0,0,0.82716873,0.8228,0.318066158,12:04:10
72495,72495,72495,46.60714286,30.51757813,0,0,0.819571372,0.815133333,0.346764685,12:04:25
72498,72498,72498,41.25,25.14648438,0,0,0.797621383,0.7932,0.321964412,12:04:40
72507,72507,72507,43.63636364,0,0,0,0.736564344,0.733,0.337502109,12:04:55
72510,72510,72510,43.5,17.82226563,0,0,0.692072521,0.6896,0.321433163,12:05:10
72519,72519,72517,56.47058824,35.40039063,2,2,0.687136887,0.684210526,0.393745078,12:05:25
72522,72522,72522,44.60526316,5.859375,0,0,0.741539588,0.7387,0.31763398,12:05:40
72525,72525,72525,40.2,0.244140625,0,0,0.720659279,0.717466667,0.346132546,12:05:55
72528,72528,72528,28.4,5.37109375,0,0,0.623761264,0.6216,0.305185618,12:06:10
72537,72537,72537,42.64705882,29.05273438,0,0,0.571248475,0.569733333,0.305762976,12:06:25
72540,72540,72540,48.10344828,9.033203125,0,0,0.628694671,0.627333333,0.346636471,12:06:40
72549,72549,72547,55.6097561,36.1328125,2,2,0.718969442,0.717526316,0.370978854,12:06:55
72552,72552,72552,56.96428571,49.31640625,0,0,0.756594051,0.754789474,0.337489453,12:07:10
72555,72555,72555,39.5,7.32421875,0,0,0.737895422,0.7362,0.321433163,12:07:25
72564,72564,72562,46.14285714,18.5546875,2,2,0.695925236,0.694,0.393759844,12:07:40
72567,72567,72567,49.07894737,9.27734375,0,0,0.741136683,0.7384,0.321433163,12:07:55
72570,72570,72570,50.17241379,12.6953125,0,0,0.784689858,0.781866667,0.346156509,12:08:10
72579,72579,72579,59.55882353,57.6171875,0,0,0.657758513,0.655142857,0.371103414,12:08:25
72582,72582,72582,50.71428571,8.30078125,0,0,0.669482516,0.667666667,0.346780719,12:08:40
72585,72585,72585,38.52941176,31.98242188,0,0,0.646876071,0.644266667,0.346772702,12:08:55
72594,72594,72592,55.67567568,23.68164063,2,2,0.701475164,0.698684211,0.371096856,12:09:10
72597,72597,72597,57.1875,11.71875,0,0,0.790733362,0.788266667,0.346156509,12:09:25
72600,72600,72600,38,9.765625,0,0,0.754775573,0.752533333,0.321433163,12:09:40
72609,72609,72607,45.28571429,33.44726563,2,2,0.68680123,0.684315789,0.393752461,12:09:55
72612,72612,72612,37.27272727,25.63476563,0,0,0.60226839,0.599533333,0.321426276,12:10:10
72618,72618,72618,36.4516129,26.3671875,0,0,0.658368292,0.654555556,0.337489453,12:10:25
72624,72624,72622,46.36363636,13.42773438,2,2,0.571636252,0.566631579,0.371123089,12:10:40
72627,72627,72627,42.65625,3.90625,0,0,0.641908913,0.636466667,0.34681279,12:10:55
72630,72630,72630,48.62068966,20.5078125,0,0,0.626339807,0.622466667,0.304446532,12:11:10
72639,72639,72637,59.55882353,28.07617188,2,2,0.739982009,0.738066667,0.306638822,12:11:25
72642,72642,72642,52.5,37.84179688,0,0,0.82414357,0.821533333,0.346124559,12:11:40
72648,72648,72648,45.86206897,19.04296875,0,0,0.783416511,0.781277778,0.317639585,12:11:55
72654,72654,72652,49.42857143,5.126953125,2,2,0.734095029,0.731315789,0.393759844,12:12:10
72657,72657,72657,54.42857143,4.39453125,0,0,0.753202805,0.751266667,0.321426276,12:12:25
72663,72663,72663,46.48148148,12.45117188,0,0,0.793243941,0.791,0.337476798,12:12:40
72669,72669,72667,53.10810811,0.244140625,2,2,0.795401168,0.7938,0.32199897,12:12:55
72672,72672,72672,47.56410256,23.4375,0,0,0.764902607,0.7632,0.346828828,12:13:10
72678,72678,72678,37.28571429,18.5546875,0,0,0.771744398,0.77,0.318122371,12:13:25
72684,72684,72683,51.71052632,0,1,1,0.769296935,0.7671875,0.346148521,12:13:40
72687,72687,72687,51.72413793,3.90625,0,0,0.753170059,0.751,0.346140533,12:13:55
72693,72693,72693,36.28571429,13.18359375,0,0,0.757796983,0.756,0.317628375,12:14:10
72699,72699,72697,59.44444444,1.708984375,2,2,0.774507061,0.772928571,0.346132546,12:14:25
72702,72702,72702,49.23076923,46.875,0,0,0.805946124,0.804333333,0.321419388,12:14:40
72708,72708,72708,46.25,5.615234375,0,0,0.792162126,0.790222222,0.337495781,12:14:55
72714,72714,72712,46.51515152,7.080078125,2,2,0.71948844,0.717533333,0.32199897,12:15:10
72720,72720,72720,35.6,7.8125,0,0,0.731338796,0.729722222,0.338021821,12:15:25
72723,72723,72723,41.78571429,28.80859375,0,0,0.719144712,0.717833333,0.318099883,12:15:40
72729,72729,72727,57.72727273,6.591796875,2,2,0.73527905,0.733333333,0.346140533,12:15:55
72732,72732,72732,53.93939394,10.00976563,0,0,0.666322508,0.664266667,0.302999163,12:16:10
72738,72738,72738,38.06451613,35.88867188,0,0,0.668437891,0.664933333,0.307563057,12:16:25
72744,72744,72742,55,13.671875,2,2,0.710474549,0.707933333,0.346148521,12:16:40
72750,72750,72750,49,6.103515625,0,0,0.752159883,0.749333333,0.317628375,12:16:55
72753,72753,72753,32.79411765,3.173828125,0,0,0.793183675,0.790666667,0.337489453,12:17:10
72759,72759,72757,52.28571429,41.25976563,2,2,0.763802043,0.761133333,0.322109603,12:17:25
72765,72765,72765,50.2,18.79882813,0,0,0.751236902,0.746666667,0.338142471,12:17:40
72768,72768,72768,40.15151515,21.484375,0,0,0.750761501,0.746466667,0.32215111,12:17:55
72774,72774,72772,57.16216216,0.244140625,2,2,0.796996847,0.792733333,0.346180475,12:18:10
72780,72780,72780,38.33333333,10.25390625,0,0,0.758697535,0.756944444,0.317650796,12:18:25
72783,72783,72783,42.14285714,7.8125,0,0,0.759987634,0.7572,0.346124559,12:18:40
72789,72789,72787,59.86111111,28.80859375,2,2,0.764198758,0.7618,0.346132546,12:18:55
72795,72795,72795,51.34615385,11.96289063,0,0,0.778446726,0.776166667,0.31764519,12:19:10
72798,72798,72798,33.97058824,16.6015625,0,0,0.773899632,0.7724,0.346180475,12:19:25
72804,72804,72802,63.28571429,43.21288876,2,2,0.764694484,0.763133333,0.322088854,12:19:40
72810,72810,72810,53.46153846,6.34765625,0,0,0.747486221,0.745666667,0.33808531,12:19:55
72813,72813,72813,46.72413793,3.662109375,0,0,0.743425035,0.741066667,0.322068107,12:20:10
72822,72822,72822,44.35483871,8.7890625,0,0,0.730115411,0.72725,0.337502109,12:20:25
72825,72825,72825,35.34482759,7.080078125,0,0,0.70871558,0.705277778,0.31764519,12:20:40
72828,72828,72828,41.40625,20.5078125,0,0,0.693597405,0.688533333,0.346148521,12:20:55
72834,72834,72832,57.56410256,12.93945313,2,2,0.729261863,0.724428571,0.301886221,12:21:10
72840,72840,72840,26.66666667,39.79492188,0,0,0.680053688,0.675466667,0.346164497,12:21:25
72843,72843,72843,44.66666667,2.685546875,0,0,0.679509227,0.676333333,0.346164497,12:21:40
72852,72852,72852,53.71428571,11.23046875,0,0,0.683877853,0.67995,0.317718078,12:21:55
72855,72855,72855,46.37931034,40.77148438,0,0,0.693423239,0.69,0.337578065,12:22:10
72858,72858,72858,38.93939394,16.84570313,0,0,0.741085559,0.737666667,0.321819352,12:22:25
72867,72867,72867,56.36363636,7.32421875,0,0,0.831773111,0.82765,0.337787119,12:22:40
72870,72870,72870,52.11538462,18.31054688,0,0,0.824317537,0.8196,0.321729618,12:22:55
72873,72873,72873,50.51724138,1.708984375,0,0,0.834516806,0.8304,0.346148521,12:23:10
72882,72882,72882,53.55263158,1.220703125,0,0,0.841040471,0.83825,0.317678827,12:23:25
72885,72885,72885,45.71428571,39.79492188,0,0,0.816638231,0.814266667,0.346196455,12:23:40
72888,72888,72888,45.35714286,10.25390625,0,0,0.795522388,0.7926,0.346204445,12:23:55
72897,72897,72897,55,34.66796875,0,0,0.823757755,0.8213,0.317774168,12:24:10
72900,72900,72900,33.84615385,49.31640625,0,0,0.729005917,0.726,0.346284369,12:24:25
72903,72903,72903,39.83870968,18.79882813,0,0,0.731447526,0.7288,0.322040448,12:24:40
72912,72912,72912,47.97297297,20.26367188,0,0,0.749976102,0.7482,0.337964701,12:24:55
72915,72915,72915,40.2173913,9.521484375,0,0,0.71515449,0.712733333,0.323282829,12:25:10
72924,72924,72922,38.91891892,0.244140625,2,2,0.620027707,0.617473684,0.395189973,12:25:25
72927,72927,72927,57.63888889,35.88867188,0,0,0.675122521,0.6722,0.321411353,12:25:40
72930,72930,72930,39.84848485,9.27734375,0,0,0.703227532,0.700666667,0.349944009,12:25:55
72939,72939,72938,60.27027027,41.50390625,1,1,0.744868042,0.743,0.379143497,12:26:10
72942,72942,72942,51.33333333,10.98632813,0,0,0.806649338,0.805466667,0.352733686,12:26:25
72945,72945,72945,37.74193548,3.173828125,0,0,0.784424714,0.783266667,0.352733686,12:26:40
72954,72954,72952,58.61111111,9.033203125,2,2,0.770911026,0.769684211,0.38935756,12:26:55
72957,72957,72957,51.37931034,19.04296875,0,0,0.742058587,0.7404,0.362222598,12:27:10
72963,72963,72963,32.77777778,49.31640625,0,0,0.748719124,0.746666667,0.337350301,12:27:25
72969,72969,72967,55.12820513,8.056640625,2,2,0.757116503,0.754263158,0.404258186,12:27:40
72975,72975,72975,47.14285714,2.685546875,0,0,0.801365284,0.906555556,0.340181052,12:27:55
72978,72978,72978,44.24242424,27.83203125,0,0,0.778561508,0.883611111,0.353162769,12:28:10
72987,72987,72987,55.14705882,40.28320313,0,0,0.824879325,0.9204,0.344313095,12:28:25
72990,72990,72990,35.5,16.6015625,0,0,0.834276077,0.832333333,0.350808809,12:28:40
72993,72993,72993,37.75862069,10.98632813,0,0,0.791135624,0.788466667,0.352717097,12:28:55
73002,73002,73002,45.27777778,1.46484375,0,0,0.816262544,0.8127,0.351438947,12:29:10
73005,73005,73005,46.33333333,11.23046875,0,0,0.785876376,0.781933333,0.356574037,12:29:25
73014,73014,73012,53.65853659,6.8359375,2,2,0.841440675,0.838105263,0.412987473,12:29:40
73017,73017,73017,55.51282051,10.25390625,0,0,0.9035785,0.90005,0.347846252,12:29:55
73023,73023,73023,34.79166667,24.16992188,0,0,0.873694022,0.870611111,0.353648473,12:30:10
73029,73029,73028,56.48648649,44.43359375,1,1,0.82396121,0.82125,0.404483994,12:30:25
73035,73035,73035,54.46428571,38.33007813,0,0,0.796080751,0.793111111,0.352795908,12:30:40
73038,73038,73038,36.18421053,30.51757813,0,0,0.8014363,0.7985,0.345987506,12:30:55
73047,73047,73047,49.51219512,3.41796875,0,0,0.927927674,0.924947368,0.352920416,12:31:10
73050,73050,73050,42.27272727,17.08984375,0,0,0.935324358,0.932333333,0.34632701,12:31:25
73053,73053,73053,40.18518519,1.708984375,0,0,0.860461682,0.857133333,0.366121552,12:31:40
73062,73062,73062,41.66666667,12.93945313,0,0,0.744114607,0.7417,0.347752169,12:31:55
73065,73065,73065,37.58064516,3.90625,0,0,0.638086423,0.6352,0.36773719,12:32:10
73074,73074,73072,59.55882353,15.13671875,2,2,0.681914473,0.679789474,0.405922604,12:32:25
73077,73077,73077,59.14285714,14.6484375,0,0,0.814989442,0.813052632,0.347933661,12:32:40
73083,73083,73083,36.89655172,9.765625,0,0,0.801081231,0.799166667,0.346767358,12:32:55
73089,73089,73087,62.22222222,7.080078125,2,2,0.790825473,0.788526316,0.404554124,12:33:10
73095,73095,73095,46.71875,6.34765625,0,0,0.773345597,0.770944444,0.346733959,12:33:25
73098,73098,73098,46.83333333,26.3671875,0,0,0.807226788,0.804777778,0.346733959,12:33:40
73107,73107,73107,51.66666667,18.79882813,0,0,0.793724881,0.7912,0.348560253,12:33:55
73110,73110,73110,43.08823529,20.5078125,0,0,0.820011533,0.817111111,0.348553503,12:34:10
73113,73113,73113,48.92857143,26.61132813,0,0,0.808975539,0.8058,0.368604708,12:34:25
73122,73122,73122,49.03225806,4.150390625,0,0,0.872534724,0.8702,0.348668281,12:34:40
73125,73125,73125,50.35714286,41.9921875,0,0,0.844950385,0.843333333,0.366470401,12:34:55
73134,73134,73132,54.1025641,20.01953125,2,2,0.840480772,0.837789474,0.404811474,12:35:10
73137,73137,73137,54.45945946,10.98632813,0,0,0.903813389,0.901105263,0.35332221,12:35:25
73143,73143,73143,44.84848485,14.89257813,0,0,0.907650782,0.904277778,0.346994641,12:35:40
73149,73149,73147,63.33333333,26.3671875,2,2,0.877729161,0.874526316,0.412338746,12:35:55
73155,73155,73155,34.0625,40.77148438,0,0,0.837189564,0.834555556,0.348864253,12:36:10
73158,73158,73158,41.25,38.81835938,0,0,0.820201871,0.817722222,0.355260821,12:36:25
73167,73167,73167,43.67647059,28.07617188,0,0,0.813816135,0.81195,0.348708809,12:36:40
73170,73170,73170,48.62068966,10.00976563,0,0,0.809431632,0.807555556,0.353259803,12:36:55
73179,73179,73177,53.29268293,25.63476563,2,2,0.792039443,0.789894737,0.404983222,12:37:10
73182,73182,73182,56.71052632,10.98632813,0,0,0.863563556,0.861473684,0.353634578,12:37:25
73185,73185,73185,38.57142857,9.765625,0,0,0.821893308,0.819,0.359204004,12:37:40
73194,73194,73192,63.97058824,33.203125,2,2,0.822310652,0.818789474,0.412914389,12:37:55
73197,73197,73197,55.45454545,24.16992188,0,0,0.787068052,0.783533333,0.36000576,12:38:10
73203,73203,73203,46.21212121,26.12304688,0,0,0.840644154,0.837777778,0.35428189,12:38:25
73209,73209,73207,55.625,51.51367188,2,2,0.868128823,0.864736842,0.405969688,12:38:40
73215,73215,73215,42.57575758,32.2265625,0,0,0.888606171,0.884611111,0.353488737,12:38:55
73218,73218,73218,48,19.77539063,0,0,0.896024844,0.892166667,0.347403161,12:39:10
73227,73227,73227,52,17.82226563,0,0,0.888586163,0.8852,0.353690167,12:39:25
73230,73230,73230,46.37931034,20.75195313,0,0,0.877114337,0.873333333,0.347812645,12:39:40
73239,73239,73238,56.42857143,53.22265625,1,1,0.787033478,0.78295,0.41290627,12:39:55
73239,73239,73239,10.22727273,3.173828125,0,0,0.775492144,0.770529412,0.290331946,12:40:10
73239,73239,73239,0.3125,3.41796875,0,0,0.687990731,0.682333333,0.220555801,12:40:25
73239,73239,73239,0.357142857,4.39453125,0,0,0.686285377,0.681,0.116013767,12:40:40
,,,,400mb ram,,,,,,
